-0.00,-0.00,3.96,3.28,0.23
0.13,0.13,13.28,13.78,3.67
3.11,3.11,22.90,22.41,8.14
5.36,5.36,38.02,37.88,18.82
8.54,8.54,73.73,49.91,31.21
6.99,6.99,93.04,54.90,36.61
4.41,4.41,91.26,61.73,45.46
8.53,8.53,86.25,66.05,53.10
11.61,11.61,88.11,66.62,61.39
14.45,14.45,87.13,71.05,60.21
14.87,14.87,86.09,74.40,61.66
14.82,14.82,80.80,74.67,65.09
14.13,14.13,83.92,72.80,64.86
12.47,12.47,71.80,70.96,66.11
10.74,10.74,71.06,73.44,65.23
12.19,12.19,69.07,77.57,69.70
13.11,13.11,69.54,74.23,69.42
15.41,15.41,66.71,79.27,69.55
14.69,14.69,65.09,79.36,72.12
13.15,13.15,64.57,79.17,72.15
14.61,14.61,64.90,76.13,72.35
15.69,15.69,64.30,83.24,71.99
15.57,15.57,66.14,72.80,71.90
18.30,18.30,65.63,83.70,71.47
20.94,20.94,63.12,79.69,71.46
22.74,22.74,61.24,79.35,70.69
23.16,23.16,61.43,78.04,71.00
24.78,24.78,60.84,77.49,70.41
25.35,25.35,60.44,81.45,71.06
25.34,25.34,60.48,79.61,70.70
25.40,25.40,59.07,81.31,71.67
23.27,23.27,58.35,76.75,71.91
22.35,22.35,59.45,81.69,71.02
23.28,23.28,57.52,80.71,70.81
24.50,24.50,59.95,76.32,72.97
23.01,23.01,65.14,81.29,69.28
22.47,22.47,67.89,71.66,68.71
14.52,14.52,89.03,67.65,58.37
10.31,10.31,91.52,60.51,52.08
10.49,10.49,92.38,66.38,49.26
15.84,15.84,91.17,65.44,51.79
20.91,20.91,85.96,58.84,52.75
22.42,22.42,88.65,66.09,56.18
21.44,21.44,79.77,64.98,54.45
23.44,23.44,77.37,65.76,58.73
22.21,22.21,72.03,65.26,60.80
22.44,22.44,73.72,72.09,63.75
25.03,25.03,63.72,74.36,65.31
25.83,25.83,59.08,72.65,65.30
23.91,23.91,62.07,80.77,65.57
24.44,24.44,49.22,72.47,68.35
24.26,24.26,49.09,76.85,67.00
23.24,23.24,47.17,74.06,67.75
21.02,21.02,45.54,77.94,69.52
22.04,22.04,44.58,74.83,65.48
24.47,24.47,43.43,67.84,68.75
24.10,24.10,43.17,78.01,68.52
22.13,22.13,42.24,74.89,68.97
20.93,20.93,40.95,78.07,68.36
22.00,22.00,45.19,74.99,72.30
23.54,23.54,43.72,79.11,73.58
23.46,23.46,39.98,75.64,72.30
22.83,22.83,38.35,74.24,72.21
21.14,21.14,37.53,78.07,72.68
22.28,22.28,38.33,69.03,72.99
23.21,23.21,36.62,73.69,71.25
24.50,24.50,43.72,75.60,71.53
28.27,28.27,55.63,70.97,71.06
26.89,26.89,62.81,69.86,71.80
22.18,22.18,73.43,70.76,69.10
7.81,7.81,92.18,60.93,55.51
7.78,7.78,92.33,56.92,52.67
14.01,14.01,91.37,52.31,52.13
17.14,17.14,87.54,52.29,55.04
21.54,21.54,86.91,48.34,56.14
25.30,25.30,85.39,56.01,55.04
24.88,24.88,80.38,55.59,59.46
22.44,22.44,76.12,59.73,57.60
21.14,21.14,76.00,58.14,61.56
21.52,21.52,76.02,60.50,64.91
20.78,20.78,59.36,64.18,66.29
19.66,19.66,63.87,70.39,69.17
19.26,19.26,60.85,71.92,67.91
18.80,18.80,47.16,66.50,68.61
18.75,18.75,38.10,70.50,70.54
16.10,16.10,32.90,67.70,70.71
15.82,15.82,33.02,71.44,70.49
15.03,15.03,31.90,71.75,72.06
17.15,17.15,32.77,70.88,69.24
17.80,17.80,34.23,65.53,71.36
19.95,19.95,34.84,72.91,72.07
16.10,16.10,34.29,70.44,71.89
17.05,17.05,32.50,69.45,71.30
18.50,18.50,31.65,73.00,70.11
20.99,20.99,33.83,70.38,72.64
21.40,21.40,32.64,71.80,73.07
21.47,21.47,33.36,73.55,72.85
21.12,21.12,32.74,68.02,71.93
18.05,18.05,37.31,71.43,72.17
17.18,17.18,48.11,68.98,71.01
14.54,14.54,56.57,67.15,69.19
17.27,17.27,66.13,66.19,62.37
11.33,11.33,78.28,60.96,51.69
15.01,15.01,91.87,39.90,51.85
10.54,10.54,92.51,31.42,52.16
11.04,11.04,90.31,39.75,52.52
8.51,8.51,88.40,32.90,49.38
8.38,8.38,83.99,38.88,51.95
13.76,13.76,83.40,45.38,54.83
20.63,20.63,83.19,52.78,59.02
24.05,24.05,75.75,53.51,59.90
23.66,23.66,79.56,55.88,62.45
19.95,19.95,78.00,56.07,61.35
18.93,18.93,61.93,49.59,62.90
19.76,19.76,64.49,57.70,68.17
19.29,19.29,71.65,63.69,69.11
17.41,17.41,67.20,53.85,70.34
20.03,20.03,62.17,63.42,71.39
19.04,19.04,62.49,58.65,69.69
20.46,20.46,57.52,58.01,70.39
20.91,20.91,52.30,60.48,73.66
19.08,19.08,54.31,58.74,73.28
18.54,18.54,57.57,66.54,76.81
16.19,16.19,44.88,66.65,87.14
14.07,14.07,36.18,64.08,85.00
13.39,13.39,34.08,63.23,79.99
23.87,23.87,36.23,56.77,72.66
23.52,23.52,38.22,57.22,70.77
19.68,19.68,40.32,60.40,73.17
18.12,18.12,43.86,61.49,74.95
18.57,18.57,47.76,55.35,73.25
18.17,18.17,48.72,63.21,75.61
18.81,18.81,55.68,61.26,72.98
20.70,20.70,68.10,60.48,72.27
18.80,18.80,67.75,58.90,66.30
17.14,17.14,85.08,52.93,59.59
10.21,10.21,92.59,49.70,53.36
7.07,7.07,91.84,40.69,54.09
12.06,12.06,89.80,50.79,58.87
15.76,15.76,87.62,59.12,65.20
16.68,16.68,83.15,58.73,70.51
14.82,14.82,83.08,60.73,72.07
12.90,12.90,78.29,61.53,70.07
10.89,10.89,77.19,64.47,68.19
9.79,9.79,72.82,68.99,67.74
8.56,8.56,69.91,65.32,68.83
8.61,8.61,68.51,69.29,69.90
8.56,8.56,64.35,73.99,70.39
9.00,9.00,61.16,73.13,72.44
4.75,4.75,60.29,73.11,72.08
5.82,5.82,57.59,74.25,74.17
8.03,8.03,57.22,72.78,73.15
12.30,12.30,59.70,72.98,73.60
10.92,10.92,59.02,75.17,73.92
8.41,8.41,56.97,72.75,74.19
10.62,10.62,58.37,72.45,73.55
14.92,14.92,57.06,76.37,72.75
16.46,16.46,52.43,75.56,73.49
15.98,15.98,47.02,75.12,72.51
16.83,16.83,42.59,74.95,72.58
18.23,18.23,37.81,73.87,72.48
18.78,18.78,31.77,74.13,73.98
20.41,20.41,29.70,74.58,73.82
18.83,18.83,30.42,74.18,72.66
19.19,19.19,36.26,74.11,73.13
16.99,16.99,49.09,72.29,71.10
16.23,16.23,63.22,68.95,72.04
15.45,15.45,74.19,63.16,70.42
6.61,6.61,90.85,59.79,60.06
9.99,9.99,91.31,55.68,56.65
15.94,15.94,90.85,43.55,55.41
21.59,21.59,91.27,48.64,55.81
21.24,21.24,84.59,54.58,56.19
20.66,20.66,84.82,53.24,58.93
19.90,19.90,81.29,54.05,57.62
18.38,18.38,82.02,58.66,62.27
18.42,18.42,78.50,60.11,64.26
19.64,19.64,73.62,63.65,65.31
22.07,22.07,72.01,66.04,67.96
21.36,21.36,67.17,65.90,70.10
21.06,21.06,67.09,66.05,70.19
19.00,19.00,57.80,66.81,70.07
18.14,18.14,43.87,67.08,71.05
18.87,18.87,38.82,70.14,72.44
17.04,17.04,37.85,69.62,73.52
13.00,13.00,42.72,68.39,72.66
8.05,8.05,52.33,70.25,73.49
3.70,3.70,62.39,62.12,74.47
16.06,16.06,71.13,63.28,74.30
14.70,14.70,70.73,64.93,76.26
7.85,7.85,70.81,62.70,78.01
8.22,8.22,69.77,63.14,77.41
9.57,9.57,69.15,67.24,77.39
8.60,8.60,66.98,67.24,77.01
7.82,7.82,65.48,65.60,77.58
7.58,7.58,65.81,65.39,76.16
6.46,6.46,63.62,63.80,76.16
8.39,8.39,62.63,62.76,76.10
9.78,9.78,62.99,63.20,74.95
9.43,9.43,65.21,59.90,72.91
10.77,10.77,74.30,56.72,71.28
8.13,8.13,92.81,44.97,60.38
6.90,6.90,92.11,37.16,55.52
17.26,17.26,91.21,38.26,55.58
21.12,21.12,87.54,47.22,56.44
21.90,21.90,86.84,47.51,58.70
25.26,25.26,81.80,39.65,60.51
26.38,26.38,83.51,48.72,60.55
25.30,25.30,82.47,51.47,61.25
24.07,24.07,79.73,46.59,62.27
22.57,22.57,79.67,50.35,65.08
21.95,21.95,73.35,53.05,66.48
22.15,22.15,72.21,54.11,70.47
20.73,20.73,65.15,56.85,72.22
19.08,19.08,63.90,56.29,74.06
18.82,18.82,59.83,58.23,71.30
18.43,18.43,54.43,60.97,72.43
17.98,17.98,47.18,55.85,71.54
13.78,13.78,46.90,54.92,72.48
8.99,8.99,55.87,57.48,72.88
6.76,6.76,65.89,57.60,75.35
14.06,14.06,72.89,60.76,74.05
13.51,13.51,71.52,60.64,72.08
12.36,12.36,70.48,64.20,70.09
12.47,12.47,69.93,64.09,71.15
15.56,15.56,68.31,64.89,71.36
20.28,20.28,67.98,66.22,73.66
20.11,20.11,67.39,64.67,72.80
15.41,15.41,65.28,63.32,71.47
11.62,11.62,64.25,63.75,74.59
7.55,7.55,63.40,63.66,71.67
3.66,3.66,63.36,62.40,72.06
1.98,1.98,66.79,57.49,68.51
3.65,3.65,80.21,47.82,66.18
11.19,11.19,91.85,38.42,62.24
11.88,11.88,91.74,34.30,57.14
15.35,15.35,88.81,40.82,53.66
10.80,10.80,89.84,43.72,50.78
5.26,5.26,83.15,42.02,51.43
6.43,6.43,83.21,53.68,54.34
10.90,10.90,81.32,56.32,57.02
16.15,16.15,75.94,55.37,59.15
18.44,18.44,75.83,51.23,61.22
20.71,20.71,70.24,58.27,64.46
19.50,19.50,67.82,55.19,64.74
20.04,20.04,60.27,54.62,66.05
20.32,20.32,58.82,58.49,67.19
24.27,24.27,56.79,57.90,66.82
20.87,20.87,60.37,53.88,66.27
17.64,17.64,66.79,48.96,62.75
18.60,18.60,92.27,42.48,51.34
19.10,19.10,92.85,46.77,50.32
27.59,27.59,90.47,57.12,57.01
32.21,32.21,88.44,61.06,63.29
34.24,34.24,87.50,61.99,58.89
34.98,34.98,82.59,68.48,52.67
35.62,35.62,80.23,68.99,59.22
31.52,31.52,79.65,66.25,58.54
29.68,29.68,75.24,68.91,58.58
28.45,28.45,72.89,72.91,61.17
28.81,28.81,64.68,73.18,62.63
31.37,31.37,65.46,72.74,63.00
33.08,33.08,62.43,73.17,62.28
32.71,32.71,58.35,74.87,63.19
26.94,26.94,64.12,73.88,62.92
17.91,17.91,66.76,72.99,59.55
6.07,6.07,88.13,67.73,52.30
2.28,2.28,92.45,55.90,47.45
9.00,9.00,91.61,44.79,51.29
15.69,15.69,90.67,57.42,54.40
17.02,17.02,85.77,68.79,59.48
15.09,15.09,83.94,72.48,64.57
14.04,14.04,82.79,69.43,66.14
13.78,13.78,78.77,63.64,65.00
15.76,15.76,78.05,63.27,66.33
16.37,16.37,73.10,72.07,65.21
19.39,19.39,70.44,74.45,69.45
19.26,19.26,67.90,75.02,70.10
21.78,21.78,66.11,74.91,71.52
18.68,18.68,64.95,77.48,71.68
17.30,17.30,65.20,74.81,72.51
19.78,19.78,64.49,72.10,72.70
22.07,22.07,65.86,71.29,73.60
22.66,22.66,65.78,74.61,70.83
24.30,24.30,64.82,76.91,70.63
24.07,24.07,63.05,78.01,72.14
24.98,24.98,62.08,77.52,68.88
26.31,26.31,62.70,78.22,69.44
27.05,27.05,61.47,75.62,71.14
26.38,26.38,60.22,71.72,69.94
28.81,28.81,59.97,75.03,71.68
28.20,28.20,58.60,76.90,72.17
27.46,27.46,57.41,76.99,72.11
26.33,26.33,57.93,76.47,71.71
26.43,26.43,57.45,76.57,71.29
27.61,27.61,56.53,75.77,71.94
29.15,29.15,57.23,73.64,71.79
24.90,24.90,62.61,73.41,69.29
19.80,19.80,71.92,71.99,65.32
12.75,12.75,91.82,66.58,56.06
12.72,12.72,92.22,55.90,48.66
14.10,14.10,90.94,47.51,50.69
20.88,20.88,89.91,54.27,51.09
24.06,24.06,85.80,55.79,51.58
24.49,24.49,84.37,54.53,53.42
24.49,24.49,80.96,58.48,57.62
24.98,24.98,81.68,59.96,58.12
24.00,24.00,76.56,62.97,62.05
24.37,24.37,75.72,63.33,63.68
26.87,26.87,72.46,66.44,63.57
27.67,27.67,67.66,69.22,64.86
27.17,27.17,65.29,69.39,66.22
26.16,26.16,57.84,68.39,67.20
25.22,25.22,51.30,69.28,68.36
23.85,23.85,43.76,68.60,69.10
24.34,24.34,43.85,68.17,65.98
25.00,25.00,45.72,70.53,68.14
23.70,23.70,44.13,72.34,68.57
22.91,22.91,41.94,72.59,69.33
22.27,22.27,41.72,69.14,69.38
22.68,22.68,45.19,69.88,70.50
26.20,26.20,44.96,71.36,73.57
27.13,27.13,43.09,71.40,72.48
26.58,26.58,41.59,71.56,71.92
25.26,25.26,41.07,71.22,72.83
25.80,25.80,40.09,71.79,72.28
25.11,25.11,39.63,68.62,71.16
25.35,25.35,39.27,68.59,71.43
27.63,27.63,44.54,72.27,71.93
27.37,27.37,53.63,70.71,72.59
24.86,24.86,62.90,68.60,72.09
17.27,17.27,74.33,63.97,67.11
12.80,12.80,93.15,55.15,55.90
14.64,14.64,90.96,45.89,52.08
19.86,19.86,92.21,41.12,53.87
24.09,24.09,87.67,45.28,55.57
27.83,27.83,85.89,52.44,54.74
29.23,29.23,81.20,54.70,56.01
29.30,29.30,83.48,55.07,56.50
25.42,25.42,79.35,52.09,58.76
24.73,24.73,77.49,50.16,62.20
23.53,23.53,74.94,59.39,64.24
23.79,23.79,69.94,59.82,67.28
23.82,23.82,68.15,61.12,66.28
22.01,22.01,60.52,61.00,69.43
21.77,21.77,58.91,58.68,69.23
20.91,20.91,47.89,61.38,69.87
17.94,17.94,38.08,65.15,71.26
17.38,17.38,38.69,68.11,71.14
17.64,17.64,36.32,68.82,70.17
18.73,18.73,34.39,66.49,71.39
23.47,23.47,35.82,67.89,71.40
16.66,16.66,33.12,65.90,72.36
16.82,16.82,33.70,64.44,71.88
20.90,20.90,33.06,65.73,70.62
22.82,22.82,31.25,64.91,72.26
22.21,22.21,32.56,66.97,72.46
22.59,22.59,34.57,63.63,73.16
23.40,23.40,33.78,63.41,72.48
20.78,20.78,33.02,65.50,71.86
20.84,20.84,41.79,63.04,71.30
18.18,18.18,57.94,66.15,69.59
16.78,16.78,65.65,62.82,64.74
15.09,15.09,69.47,51.56,54.64
8.21,8.21,92.36,32.22,55.19
10.70,10.70,91.73,25.33,53.21
7.68,7.68,91.57,30.60,53.10
9.34,9.34,89.43,35.75,49.98
15.25,15.25,89.23,43.28,49.98
22.89,22.89,82.51,47.41,53.51
28.65,28.65,84.05,51.95,58.49
28.03,28.03,81.90,49.03,59.65
27.27,27.27,81.41,55.53,60.90
25.73,25.73,80.71,51.80,61.35
24.50,24.50,75.27,54.87,61.24
24.24,24.24,75.34,47.38,63.01
23.89,23.89,67.95,51.80,67.75
22.64,22.64,68.76,50.51,68.78
23.59,23.59,62.08,48.27,69.57
23.94,23.94,60.51,49.53,71.54
19.71,19.71,50.79,44.18,68.40
20.57,20.57,43.43,39.85,71.29
20.90,20.90,43.08,40.42,74.22
19.57,19.57,51.70,48.93,73.21
16.68,16.68,50.97,51.21,80.80
13.21,13.21,40.75,53.93,87.66
12.41,12.41,40.05,56.63,84.09
13.18,13.18,38.06,50.90,78.87
25.92,25.92,40.92,49.89,72.44
23.39,23.39,41.24,50.50,72.88
20.77,20.77,42.05,51.00,72.48
18.76,18.76,45.83,56.69,76.09
16.29,16.29,50.32,59.56,73.35
16.79,16.79,49.04,60.23,74.16
19.60,19.60,58.10,58.18,74.13
21.98,21.98,67.31,61.48,70.62
20.19,20.19,68.98,59.82,66.07
13.99,13.99,89.07,49.74,58.30
5.10,5.10,91.73,46.32,53.38
9.53,9.53,91.17,45.57,55.41
14.42,14.42,91.30,51.59,61.06
17.64,17.64,84.85,61.41,67.78
15.17,15.17,85.34,60.01,71.80
15.50,15.50,81.39,58.96,72.30
12.81,12.81,78.69,59.06,69.89
10.08,10.08,76.27,65.36,67.66
8.93,8.93,71.50,68.40,67.94
10.04,10.04,69.76,65.45,69.06
9.96,9.96,66.98,70.15,69.67
10.64,10.64,63.84,74.34,71.85
9.00,9.00,60.29,72.59,71.90
9.34,9.34,58.28,73.88,73.71
10.74,10.74,57.81,73.72,73.67
11.39,11.39,58.82,72.95,73.83
10.58,10.58,58.79,72.55,73.45
11.38,11.38,59.39,74.02,74.80
9.40,9.40,59.10,73.09,73.72
12.24,12.24,58.57,73.33,73.71
14.73,14.73,55.83,75.46,73.34
18.37,18.37,52.99,75.15,73.22
18.68,18.68,46.80,75.41,72.05
17.99,17.99,41.94,73.95,74.02
19.65,19.65,36.31,73.78,73.52
22.55,22.55,34.22,73.61,73.36
22.60,22.60,33.23,74.68,73.67
21.96,21.96,32.32,74.99,72.99
20.70,20.70,39.35,72.65,73.05
19.62,19.62,52.45,72.41,71.05
17.80,17.80,65.49,67.66,71.65
14.99,14.99,76.35,62.02,69.01
4.20,4.20,91.95,60.86,59.66
8.58,8.58,92.54,52.34,56.65
12.48,12.48,91.01,43.48,56.19
16.40,16.40,88.18,51.59,55.08
19.02,19.02,86.68,51.70,57.08
21.62,21.62,83.04,51.57,59.03
20.58,20.58,81.96,55.18,59.34
19.42,19.42,82.82,58.88,63.23
20.07,20.07,77.52,59.98,64.40
22.39,22.39,77.20,64.23,64.86
23.61,23.61,71.71,64.40,67.28
23.57,23.57,71.01,64.73,70.45
21.55,21.55,66.43,67.10,69.99
19.67,19.67,61.14,65.82,69.44
19.53,19.53,49.50,67.45,71.20
18.66,18.66,42.44,70.64,71.92
14.74,14.74,41.68,69.43,73.58
9.26,9.26,48.68,69.67,72.38
7.12,7.12,60.19,69.35,73.32
10.61,10.61,67.11,67.13,74.82
16.45,16.45,72.39,67.00,73.82
17.80,17.80,70.36,66.32,76.16
13.89,13.89,69.14,64.27,77.75
10.07,10.07,67.47,66.43,77.49
11.03,11.03,66.01,67.44,78.09
10.89,10.89,64.83,67.18,77.29
9.88,9.88,64.43,65.39,75.99
11.14,11.14,63.96,65.02,76.71
11.70,11.70,61.30,66.11,76.24
12.93,12.93,58.95,63.10,74.84
11.69,11.69,62.35,61.01,75.52
12.89,12.89,67.00,58.75,73.20
13.48,13.48,78.63,54.28,69.43
9.78,9.78,92.06,42.05,57.57
13.02,13.02,91.98,29.57,54.91
15.50,15.50,91.46,34.57,53.21
21.69,21.69,88.45,38.14,54.98
22.99,22.99,84.95,36.06,57.14
26.00,26.00,81.64,43.12,59.09
23.82,23.82,83.22,52.88,60.26
23.12,23.12,78.15,53.67,60.76
23.21,23.21,77.60,53.81,62.85
23.02,23.02,73.30,47.87,65.38
23.97,23.97,71.28,48.41,67.30
24.78,24.78,65.55,49.83,68.24
25.01,25.01,58.65,49.79,68.60
26.32,26.32,58.90,49.92,68.24
27.46,27.46,50.42,50.12,69.00
28.13,28.13,44.13,48.97,69.89
27.16,27.16,45.81,46.52,70.13
21.34,21.34,50.51,47.46,70.19
14.39,14.39,58.93,49.64,69.67
11.68,11.68,68.11,54.68,71.04
13.57,13.57,69.66,50.79,70.45
14.12,14.12,70.45,51.64,70.92
15.85,15.85,69.63,45.76,70.54
17.05,17.05,69.10,50.18,70.52
17.17,17.17,67.49,50.04,71.44
15.44,15.44,68.56,49.64,70.74
14.95,14.95,67.83,50.83,71.56
15.82,15.82,66.43,53.55,69.79
15.53,15.53,64.84,51.82,69.42
11.22,11.22,63.84,48.72,69.70
4.56,4.56,66.48,46.93,69.44
1.19,1.19,68.19,40.48,66.61
4.71,4.71,83.32,28.65,63.78
1.39,1.39,91.69,18.66,54.07
5.05,5.05,90.31,13.09,51.15
5.97,5.97,89.41,26.64,48.00
5.37,5.37,87.97,36.91,49.87
11.40,11.40,82.79,42.72,53.43
16.87,16.87,83.79,49.67,55.18
20.17,20.17,80.79,51.82,58.65
22.04,22.04,81.65,47.44,58.99
18.50,18.50,76.84,41.12,61.53
17.63,17.63,75.38,49.43,63.30
19.96,19.96,72.39,47.82,65.83
22.00,22.00,65.76,48.73,65.73
23.39,23.39,64.56,49.05,66.81
24.02,24.02,60.28,50.30,66.13
23.64,23.64,59.87,48.81,66.04
20.89,20.89,71.03,47.16,60.29
19.30,19.30,93.18,47.13,49.83
25.53,25.53,90.72,48.93,49.94
33.11,33.11,91.98,59.77,58.98
34.54,34.54,87.96,59.91,64.14
33.39,33.39,86.49,61.17,55.47
36.16,36.16,79.84,68.24,55.23
35.00,35.00,82.25,67.12,59.73
32.15,32.15,77.53,66.09,57.29
29.31,29.31,76.47,69.10,60.66
29.91,29.91,70.28,73.18,63.39
28.78,28.78,64.11,73.35,63.13
32.70,32.70,67.36,72.62,62.86
32.85,32.85,58.69,74.01,63.97
30.87,30.87,59.43,74.87,64.20
26.39,26.39,65.69,74.19,61.53
18.51,18.51,68.20,73.01,58.37
5.10,5.10,90.69,65.64,49.77
1.54,1.54,91.71,60.38,45.21
7.54,7.54,89.28,70.27,48.59
12.40,12.40,87.19,66.37,55.74
14.86,14.86,85.73,65.89,61.30
14.26,14.26,88.65,76.33,62.21
15.53,15.53,81.62,74.16,64.43
12.04,12.04,84.32,75.65,67.59
12.98,12.98,78.92,71.00,68.18
12.46,12.46,70.01,72.92,68.23
10.63,10.63,68.39,74.31,65.57
12.37,12.37,66.39,74.39,71.52
15.18,15.18,66.18,82.81,71.07
17.57,17.57,64.35,79.05,69.83
16.73,16.73,65.13,81.71,73.58
18.47,18.47,65.22,75.95,71.53
17.91,17.91,66.08,78.53,73.07
19.09,19.09,65.80,78.42,72.74
19.05,19.05,67.14,77.14,70.71
20.11,20.11,65.93,82.59,71.73
22.14,22.14,63.99,79.22,71.93
23.60,23.60,63.19,80.56,70.04
21.98,21.98,62.42,76.68,70.80
23.62,23.62,60.85,79.99,70.99
23.15,23.15,60.23,81.08,69.64
23.29,23.29,61.12,78.53,73.48
22.07,22.07,59.45,83.14,71.40
22.93,22.93,58.79,74.95,72.16
21.61,21.61,58.86,82.80,72.23
22.24,22.24,60.08,77.70,70.61
22.81,22.81,62.52,79.97,71.68
21.67,21.67,66.56,77.23,69.19
19.96,19.96,74.60,66.19,65.63
12.17,12.17,92.24,73.17,55.63
15.95,15.95,92.23,61.63,51.45
15.96,15.96,91.24,68.66,50.50
20.65,20.65,87.81,67.37,52.43
24.54,24.54,88.88,63.77,51.70
25.63,25.63,83.45,69.56,56.39
26.27,26.27,79.83,56.91,56.25
24.88,24.88,70.13,70.99,60.22
24.64,24.64,73.08,72.44,64.57
25.00,25.00,70.75,75.82,63.26
24.49,24.49,61.26,71.47,65.71
25.66,25.66,60.10,79.54,66.11
25.86,25.86,55.67,77.44,66.04
26.61,26.61,48.34,74.47,69.17
27.15,27.15,49.07,78.73,68.07
25.82,25.82,47.21,71.88,67.69
23.03,23.03,48.16,75.81,69.69
21.91,21.91,49.15,76.79,65.69
19.72,19.72,50.62,71.61,68.84
18.50,18.50,52.92,74.68,69.04
14.72,14.72,50.41,73.87,69.11
14.06,14.06,47.79,79.23,69.98
21.97,21.97,48.59,74.67,73.06
25.97,25.97,45.98,79.45,73.02
24.33,24.33,43.92,71.68,72.14
22.73,22.73,42.39,76.90,72.39
17.93,17.93,44.88,72.08,72.16
23.91,23.91,51.10,71.80,72.55
21.91,21.91,46.55,75.24,70.47
24.78,24.78,48.65,73.20,71.85
27.99,27.99,59.03,69.18,72.17
26.33,26.33,68.88,72.62,70.76
17.38,17.38,80.64,67.44,64.05
7.77,7.77,92.02,54.25,53.11
10.87,10.87,91.80,51.38,52.67
15.37,15.37,90.31,50.11,54.27
17.21,17.21,88.52,45.75,55.44
22.02,22.02,83.41,48.14,55.35
24.69,24.69,84.72,51.50,56.10
25.11,25.11,79.38,55.69,59.11
23.36,23.36,75.16,58.20,58.50
22.08,22.08,78.63,60.11,63.12
23.18,23.18,72.32,62.02,65.26
22.86,22.86,59.82,67.58,67.81
22.50,22.50,61.03,70.21,69.24
21.08,21.08,59.03,70.61,68.17
22.18,22.18,45.21,68.60,68.85
20.71,20.71,36.64,71.94,71.25
17.33,17.33,37.84,67.81,71.18
16.27,16.27,37.92,71.31,71.05
14.66,14.66,41.65,70.72,71.44
15.61,15.61,47.72,66.79,70.65
16.69,16.69,50.29,72.19,72.57
14.94,14.94,44.95,73.85,71.83
15.29,15.29,40.98,69.43,71.06
16.98,16.98,38.47,70.24,72.06
19.42,19.42,36.54,71.90,71.26
19.79,19.79,35.94,68.07,71.93
19.48,19.48,39.28,72.95,74.19
19.12,19.12,44.14,71.54,73.15
19.23,19.23,50.03,67.36,71.38
17.16,17.16,50.01,73.26,71.58
13.49,13.49,54.47,69.79,69.90
13.20,13.20,60.67,65.86,68.72
14.96,14.96,66.98,63.57,57.65
8.69,8.69,86.82,55.89,52.45
11.67,11.67,92.35,30.51,52.90
15.03,15.03,91.45,32.28,53.13
14.89,14.89,90.49,36.15,50.64
10.58,10.58,84.34,37.46,50.17
13.61,13.61,85.41,43.28,53.15
18.34,18.34,85.09,54.52,56.16
23.18,23.18,79.71,54.91,57.99
23.90,23.90,77.83,57.20,60.82
22.55,22.55,76.08,56.68,62.83
19.56,19.56,72.70,53.88,61.92
19.86,19.86,61.50,56.33,63.64
22.95,22.95,70.59,61.15,70.18
20.30,20.30,69.80,61.80,70.17
18.87,18.87,58.98,54.20,71.22
21.39,21.39,61.36,64.45,70.21
17.46,17.46,57.14,58.11,68.91
19.80,19.80,51.72,65.91,72.04
17.97,17.97,48.58,63.89,73.56
16.33,16.33,51.71,66.30,72.53
14.57,14.57,50.32,72.81,81.11
15.70,15.70,44.51,74.45,85.76
18.06,18.06,41.24,71.98,82.08
18.28,18.28,39.62,65.07,76.39
19.94,19.94,41.78,53.42,72.28
16.35,16.35,41.64,57.42,72.88
12.05,12.05,44.02,59.72,73.76
11.27,11.27,51.25,60.63,75.14
10.00,10.00,55.36,62.73,72.78
10.24,10.24,52.90,64.15,74.26
15.21,15.21,60.68,61.34,74.48
21.22,21.22,68.45,62.29,69.31
25.31,25.31,71.21,54.58,65.64
17.10,17.10,92.12,41.94,56.17
8.98,8.98,92.20,38.86,52.83
6.49,6.49,91.01,40.34,53.96
12.05,12.05,90.19,46.94,59.33
16.89,16.89,85.09,59.99,66.76
18.17,18.17,84.40,59.26,70.89
17.10,17.10,79.80,61.06,71.07
14.49,14.49,79.76,55.02,69.42
14.70,14.70,74.10,64.34,67.73
11.27,11.27,72.84,65.93,69.17
11.52,11.52,69.70,65.93,69.18
10.09,10.09,67.09,70.64,70.63
7.58,7.58,63.95,72.53,71.56
5.54,5.54,60.23,73.11,71.40
5.11,5.11,58.13,72.91,74.75
7.33,7.33,58.45,72.70,74.02
8.63,8.63,58.22,72.14,74.17
10.82,10.82,60.84,72.06,74.25
8.76,8.76,59.39,73.93,74.18
8.50,8.50,60.12,72.69,73.44
10.30,10.30,58.24,72.25,73.83
13.93,13.93,56.82,76.46,72.23
15.11,15.11,51.71,75.13,73.03
17.14,17.14,46.59,74.10,72.20
18.85,18.85,40.91,73.76,73.49
17.91,17.91,37.19,73.65,74.08
17.94,17.94,36.79,73.22,73.92
24.04,24.04,44.74,75.34,73.42
22.04,22.04,43.43,73.80,73.07
17.01,17.01,45.02,72.67,73.17
17.18,17.18,54.16,73.34,70.85
17.05,17.05,67.22,65.14,71.90
14.21,14.21,79.16,58.98,67.56
8.36,8.36,92.98,53.93,57.33
13.54,13.54,90.72,41.53,56.62
18.47,18.47,92.22,40.56,56.20
22.28,22.28,87.98,46.39,55.00
25.34,25.34,85.69,48.59,57.14
26.14,26.14,80.89,52.53,58.77
23.91,23.91,83.70,54.87,58.83
22.80,22.80,79.19,57.55,63.34
22.01,22.01,77.09,62.02,65.12
23.30,23.30,74.03,63.63,65.63
23.96,23.96,69.08,64.50,68.96
22.03,22.03,68.56,66.92,71.19
20.40,20.40,61.85,66.21,70.25
17.76,17.76,55.40,66.15,70.05
20.13,20.13,35.93,69.15,72.07
19.17,19.17,38.64,69.14,72.64
16.39,16.39,39.05,69.14,73.36
10.34,10.34,47.26,69.75,72.44
5.94,5.94,56.50,67.39,73.44
10.10,10.10,66.19,64.49,75.32
13.57,13.57,71.73,63.65,75.87
10.63,10.63,71.63,63.92,77.41
6.84,6.84,70.91,61.87,78.44
7.99,7.99,68.30,63.97,77.75
6.83,6.83,67.31,65.68,78.50
7.48,7.48,65.96,67.06,76.74
6.11,6.11,65.37,64.96,76.28
7.31,7.31,66.02,65.76,76.98
9.25,9.25,63.18,66.40,75.42
10.24,10.24,61.52,63.67,74.99
9.81,9.81,64.84,61.81,74.93
10.52,10.52,68.05,57.00,72.25
9.66,9.66,82.34,47.77,67.62
6.47,6.47,92.68,39.43,56.97
7.63,7.63,91.89,35.58,55.17
14.09,14.09,89.78,34.41,56.17
20.80,20.80,89.05,41.21,57.81
25.93,25.93,82.66,41.56,60.49
27.16,27.16,84.04,51.54,61.26
27.40,27.40,81.93,50.52,60.92
27.85,27.85,81.58,48.72,62.17
25.68,25.68,81.08,39.67,63.02
26.16,26.16,75.74,50.63,66.27
23.57,23.57,75.39,51.04,67.34
22.42,22.42,67.47,53.23,72.00
19.78,19.78,66.01,55.53,72.47
20.27,20.27,63.16,57.15,74.03
20.41,20.41,58.60,59.45,70.97
20.76,20.76,51.31,57.13,73.64
18.29,18.29,43.15,54.68,70.88
12.54,12.54,48.94,54.94,72.01
6.59,6.59,59.47,58.77,74.47
9.92,9.92,68.46,55.59,74.91
16.74,16.74,72.41,59.92,74.54
16.34,16.34,71.58,61.71,71.73
17.19,17.19,69.70,61.79,71.29
17.64,17.64,70.50,64.61,70.93
23.64,23.64,68.51,63.81,72.04
24.92,24.92,67.57,63.93,73.21
19.57,19.57,64.82,64.10,72.58
13.25,13.25,64.61,63.00,72.44
8.48,8.48,64.07,63.62,73.86
6.47,6.47,63.36,61.41,71.60
4.83,4.83,64.98,59.77,71.50
4.83,4.83,67.46,51.06,67.23
7.85,7.85,87.81,42.38,64.00
8.91,8.91,92.89,33.60,60.25
13.96,13.96,90.62,33.84,55.33
11.70,11.70,90.89,39.98,51.31
5.73,5.73,85.05,40.81,49.98
9.29,9.29,85.22,45.69,51.61
10.11,10.11,81.74,52.41,55.74
16.11,16.11,78.52,54.55,57.85
18.46,18.46,77.94,52.56,60.43
18.33,18.33,71.86,53.18,63.78
19.46,19.46,71.46,57.10,64.03
22.40,22.40,63.23,58.65,65.73
25.36,25.36,61.51,60.19,66.53
24.59,24.59,54.63,56.02,67.41
24.28,24.28,58.98,56.30,67.35
22.39,22.39,61.35,52.70,65.72
18.82,18.82,76.82,50.78,57.93
18.04,18.04,92.13,38.46,49.51
21.54,21.54,92.08,48.86,51.04
29.84,29.84,89.82,59.23,61.21
33.40,33.40,89.60,57.27,62.07
33.87,33.87,83.20,62.50,53.89
37.63,37.63,82.26,68.74,56.58
35.75,35.75,81.21,66.16,59.74
32.83,32.83,77.34,66.81,57.75
30.87,30.87,76.30,68.99,59.55
29.67,29.67,65.91,73.71,62.72
28.17,28.17,66.68,71.74,63.43
31.61,31.61,65.68,72.31,61.90
31.25,31.25,61.49,73.68,63.86
27.00,27.00,62.36,74.30,64.49
20.15,20.15,65.92,73.56,61.51
10.30,10.30,72.54,70.85,56.69
2.07,2.07,92.37,62.64,47.58
3.48,3.48,92.60,50.23,45.69
9.02,9.02,90.85,48.23,50.43
12.28,12.28,88.35,55.04,56.18
14.50,14.50,86.56,56.97,60.83
15.09,15.09,82.55,71.65,62.54
13.48,13.48,79.88,74.17,67.57
11.49,11.49,79.97,71.08,68.16
11.60,11.60,74.75,68.07,69.17
14.02,14.02,73.18,67.56,68.21
17.93,17.93,69.30,74.53,69.71
19.24,19.24,67.37,75.15,72.55
19.62,19.62,65.25,74.87,72.05
18.96,18.96,65.66,76.75,71.93
17.85,17.85,65.64,78.28,72.54
18.22,18.22,65.53,75.01,72.85
20.49,20.49,64.74,70.67,71.65
20.71,20.71,66.07,72.85,73.84
21.70,21.70,64.80,74.92,71.96
19.53,19.53,65.17,76.59,71.08
22.71,22.71,63.82,77.59,71.61
24.55,24.55,63.43,78.60,70.86
24.20,24.20,62.05,78.37,70.43
25.14,25.14,60.77,74.35,71.71
25.41,25.41,60.43,73.45,69.95
24.81,24.81,59.83,74.76,72.12
20.18,20.18,58.25,76.15,72.34
19.40,19.40,58.46,76.83,73.01
19.65,19.65,58.48,76.89,71.07
22.15,22.15,58.74,76.79,71.46
24.28,24.28,62.02,74.92,71.54
23.51,23.51,68.39,71.05,69.19
20.46,20.46,78.64,66.67,64.86
15.95,15.95,91.96,57.62,53.88
17.36,17.36,91.85,44.98,49.87
21.11,21.11,91.41,39.52,51.24
25.85,25.85,88.45,44.82,50.58
26.87,26.87,85.01,51.23,53.62
27.96,27.96,81.86,46.15,55.74
28.80,28.80,83.33,54.53,58.77
25.97,25.97,78.49,58.85,59.45
26.67,26.67,78.62,57.31,64.92
26.14,26.14,72.57,61.44,64.05
26.83,26.83,70.18,65.40,65.26
27.77,27.77,63.87,67.96,66.44
24.09,24.09,58.54,68.93,66.68
22.80,22.80,51.20,68.87,69.35
21.56,21.56,45.54,69.07,68.68
21.29,21.29,44.35,68.16,68.83
19.25,19.25,45.09,68.25,69.20
17.74,17.74,46.87,71.29,67.79
18.44,18.44,49.92,72.04,68.98
15.90,15.90,52.11,70.96,70.43
14.21,14.21,50.10,70.04,69.11
14.48,14.48,46.43,69.34,70.38
18.14,18.14,45.98,71.19,73.30
18.96,18.96,42.64,69.97,73.17
17.82,17.82,40.86,71.68,72.85
15.98,15.98,42.73,71.65,72.29
16.29,16.29,47.07,70.71,72.41
24.44,24.44,52.24,68.57,72.05
20.59,20.59,48.03,70.26,71.26
21.28,21.28,49.14,70.39,71.59
21.92,21.92,62.05,67.80,71.97
18.89,18.89,68.92,65.48,70.88
9.82,9.82,84.31,59.02,61.04
17.29,17.29,92.57,47.68,53.53
18.90,18.90,91.86,37.61,53.39
24.62,24.62,90.22,37.04,54.06
26.01,26.01,87.82,44.15,55.12
28.67,28.67,82.79,49.65,54.62
28.70,28.70,83.79,52.42,58.08
29.69,29.69,80.16,52.03,58.21
28.75,28.75,80.28,49.30,58.72
27.21,27.21,75.88,52.52,62.79
26.26,26.26,71.92,56.96,65.28
25.21,25.21,69.85,59.27,66.83
25.06,25.06,63.05,61.85,68.29
22.70,22.70,61.50,60.23,69.17
20.97,20.97,52.81,57.29,68.64
19.32,19.32,45.40,59.85,70.88
15.73,15.73,42.23,63.43,70.88
15.53,15.53,39.92,66.91,71.02
15.04,15.04,42.28,67.22,71.43
19.17,19.17,49.28,68.00,71.30
17.92,17.92,50.02,67.35,72.31
17.13,17.13,45.59,65.08,72.48
17.37,17.37,41.88,63.12,70.73
18.11,18.11,38.28,64.28,71.54
17.89,17.89,36.50,65.90,71.77
16.20,16.20,37.59,66.28,72.58
14.91,14.91,40.60,62.85,74.51
20.12,20.12,47.04,62.35,72.89
20.82,20.82,49.11,62.72,71.26
18.66,18.66,51.48,63.38,71.39
14.03,14.03,62.11,65.45,68.13
8.81,8.81,65.84,61.74,64.93
12.18,12.18,84.62,50.10,55.89
9.46,9.46,91.97,34.84,55.93
12.08,12.08,91.45,34.21,54.87
7.78,7.78,90.87,27.83,53.52
7.96,7.96,91.22,33.00,50.88
11.38,11.38,84.34,40.02,53.13
16.74,16.74,84.84,39.87,55.64
22.04,22.04,80.92,43.91,60.06
22.47,22.47,82.87,46.06,62.21
22.85,22.85,82.18,51.36,63.74
24.65,24.65,78.29,53.13,64.74
23.31,23.31,77.11,53.08,65.29
23.89,23.89,70.55,49.68,66.93
22.88,22.88,69.52,55.24,68.05
22.54,22.54,63.88,55.27,69.60
22.66,22.66,64.03,53.75,72.04
20.60,20.60,54.35,55.50,71.52
18.32,18.32,44.27,52.47,72.16
17.99,17.99,42.34,52.13,73.28
14.97,14.97,43.96,56.13,73.23
18.85,18.85,51.36,55.09,72.77
17.85,17.85,49.89,55.94,73.46
17.06,17.06,44.37,56.18,73.90
19.12,19.12,42.09,56.23,72.96
19.31,19.31,40.69,56.19,72.19
17.44,17.44,40.58,55.56,72.32
15.61,15.61,42.61,55.50,73.80
13.35,13.35,43.61,54.97,74.29
19.10,19.10,49.70,53.40,72.89
19.93,19.93,48.94,53.87,73.29
18.58,18.58,45.04,52.83,73.57
22.27,22.27,58.01,52.18,72.28
25.47,25.47,67.91,47.09,69.41
19.95,19.95,72.06,46.60,66.64
8.96,8.96,92.80,34.59,56.97
11.69,11.69,92.23,26.69,53.95
16.21,16.21,91.02,33.69,53.40
22.40,22.40,87.17,31.00,58.07
25.23,25.23,86.98,34.64,59.56
24.29,24.29,81.53,46.18,60.33
22.07,22.07,82.13,45.88,62.60
20.29,20.29,78.26,47.85,63.28
17.66,17.66,74.01,43.38,66.12
14.92,14.92,73.15,47.73,66.80
14.73,14.73,67.66,51.18,68.95
10.68,10.68,65.61,49.03,69.87
10.02,10.02,63.68,47.45,70.73
10.16,10.16,61.21,48.57,72.50
11.97,11.97,58.57,47.32,73.63
12.79,12.79,57.66,45.20,74.38
16.50,16.50,58.93,48.01,75.64
17.10,17.10,60.19,46.31,74.60
15.23,15.23,59.62,46.87,73.06
18.65,18.65,56.36,47.78,73.59
17.59,17.59,49.55,50.44,74.04
18.05,18.05,46.55,51.60,74.64
21.60,21.60,43.24,48.67,73.07
24.44,24.44,40.95,49.15,72.90
19.01,19.01,39.90,50.82,73.16
20.39,20.39,41.96,48.58,71.63
20.10,20.10,44.67,45.09,72.21
22.40,22.40,51.95,49.03,72.47
21.97,21.97,48.91,43.64,74.33
19.98,19.98,52.34,45.32,72.14
19.96,19.96,61.02,41.08,70.69
21.52,21.52,65.63,41.03,68.01
12.05,12.05,81.42,35.08,63.74
6.84,6.84,92.11,31.42,58.19
11.20,11.20,92.05,29.49,54.41
15.70,15.70,90.00,40.42,53.78
19.73,19.73,89.65,39.73,56.01
22.75,22.75,82.90,35.12,58.96
24.28,24.28,83.16,44.72,59.92
25.96,25.96,83.09,46.52,62.09
25.61,25.61,80.11,46.57,63.01
23.02,23.02,79.12,43.46,63.02
24.45,24.45,73.70,42.88,64.25
28.87,28.87,74.40,48.30,66.30
26.71,26.71,66.38,46.96,67.19
24.27,24.27,62.88,47.67,68.71
24.40,24.40,60.30,46.98,69.04
27.22,27.22,54.87,46.44,69.91
27.01,27.01,44.44,49.07,69.77
19.96,19.96,44.32,45.51,69.40
14.82,14.82,53.35,45.83,69.95
11.97,11.97,63.79,47.99,71.31
14.07,14.07,69.77,48.70,70.15
15.42,15.42,70.35,46.76,69.48
14.34,14.34,71.07,48.66,70.21
13.37,13.37,69.02,48.13,71.03
12.06,12.06,68.76,47.89,70.38
12.29,12.29,67.93,46.55,69.75
15.08,15.08,66.69,48.09,70.71
15.57,15.57,66.47,47.62,70.16
15.70,15.70,64.51,47.22,70.26
14.48,14.48,64.01,49.98,69.82
11.21,11.21,63.26,50.57,68.30
9.74,9.74,64.63,46.76,67.21
10.76,10.76,67.37,28.33,63.16
10.60,10.60,86.99,30.98,54.41
10.24,10.24,92.42,27.05,46.91
13.35,13.35,91.86,33.56,43.48
19.40,19.40,90.46,34.28,43.32
27.75,27.75,85.45,31.59,44.33
29.95,29.95,84.66,30.99,43.45
29.73,29.73,83.38,36.57,41.95
28.46,28.46,79.94,41.11,42.46
27.54,27.54,80.24,43.12,38.83
23.42,23.42,74.53,44.06,36.91
24.69,24.69,73.63,45.03,31.77
23.24,23.24,69.22,45.36,28.96
22.03,22.03,64.74,42.94,28.96
23.39,23.39,60.58,43.32,28.40
23.39,23.39,51.62,48.74,31.61
21.13,21.13,40.74,44.49,31.32
18.17,18.17,24.50,39.59,29.46
17.50,17.50,25.61,28.94,24.24
24.44,24.44,47.60,38.43,34.61
20.29,20.29,62.50,49.96,41.60
16.07,16.07,68.39,54.13,45.74
21.52,21.52,69.99,48.02,45.12
28.78,28.78,69.20,44.93,45.79
33.56,33.56,69.07,42.51,43.55
35.44,35.44,69.29,39.68,43.49
33.94,33.94,67.57,35.10,41.78
37.25,37.25,67.87,34.13,41.10
33.67,33.67,67.11,30.61,42.12
27.81,27.81,66.24,29.73,43.17
22.43,22.43,65.13,20.06,39.22
17.96,17.96,63.98,12.47,33.42
7.97,7.97,62.44,2.32,22.50
6.89,6.89,67.38,0.01,17.78
7.12,7.12,90.06,-0.00,20.46
9.18,9.18,90.41,0.06,12.70
12.66,12.66,89.91,3.77,11.48
10.27,10.27,89.13,13.29,13.33
15.43,15.43,85.83,20.15,10.02
23.40,23.40,84.33,24.69,16.88
30.15,30.15,81.23,26.57,29.63
35.07,35.07,83.12,24.30,33.82
38.03,38.03,79.47,18.54,41.10
39.02,39.02,77.36,23.44,41.11
37.92,37.92,72.43,28.52,48.44
42.84,42.84,71.81,38.35,47.12
40.89,40.89,68.30,44.26,46.46
39.75,39.75,60.62,44.41,45.35
33.81,33.81,56.89,39.48,41.93
18.92,18.92,54.18,23.66,33.33
11.24,11.24,80.55,4.89,24.53
20.72,20.72,92.51,5.64,13.98
31.07,31.07,91.73,0.51,12.45
36.94,36.94,89.91,7.26,17.45
39.02,39.02,87.62,19.68,24.08
38.10,38.10,83.06,19.18,26.04
40.08,40.08,83.56,12.58,30.76
40.07,40.07,78.39,11.42,32.97
36.72,36.72,78.74,23.72,34.54
37.65,37.65,74.59,30.41,31.48
37.58,37.58,70.59,33.59,32.97
39.52,39.52,68.45,34.36,32.88
38.53,38.53,63.76,34.18,30.97
37.88,37.88,59.44,33.82,23.44
35.17,35.17,48.95,29.52,19.62
33.55,33.55,45.15,31.92,20.21
48.64,48.64,71.17,44.15,26.88
58.79,58.79,92.83,65.41,33.17
70.06,70.06,90.43,65.76,48.78
75.90,75.90,90.98,69.04,58.33
76.38,76.38,85.57,68.59,62.73
75.98,75.98,81.70,70.08,63.84
76.19,76.19,80.06,79.91,65.15
75.78,75.78,80.48,83.21,68.06
74.22,74.22,78.19,85.06,68.34
75.46,75.46,75.34,85.83,67.09
73.40,73.40,71.47,85.12,67.62
75.16,75.16,69.23,87.51,68.11
76.01,76.01,67.91,84.54,71.33
76.96,76.96,66.34,86.08,70.47
75.39,75.39,65.55,88.06,70.82
76.08,76.08,64.70,84.43,72.98
75.73,75.73,64.47,87.94,70.68
76.04,76.04,64.92,85.14,73.06
76.09,76.09,68.81,85.77,73.28
76.07,76.07,68.06,88.60,71.08
77.18,77.18,66.80,85.11,70.70
75.27,75.27,65.50,86.14,68.43
77.61,77.61,64.78,85.29,68.12
78.57,78.57,62.45,85.16,67.58
78.37,78.37,61.09,76.46,69.32
78.53,78.53,60.82,73.12,70.30
79.29,79.29,61.31,73.44,68.56
79.31,79.31,60.91,75.26,69.96
79.15,79.15,62.12,75.79,69.85
79.47,79.47,62.43,73.29,70.27
80.38,80.38,62.73,73.60,69.84
77.83,77.83,65.09,72.36,68.33
71.10,71.10,68.47,67.21,66.78
67.66,67.66,83.32,60.42,60.13
63.22,63.22,92.68,48.76,55.76
71.18,71.18,91.55,32.87,52.42
71.86,71.86,89.50,22.77,55.59
69.14,69.14,88.73,34.63,56.83
77.04,77.04,82.40,38.89,57.13
77.13,77.13,83.52,40.04,60.55
77.79,77.79,80.49,43.02,62.10
77.02,77.02,77.42,46.12,60.00
76.45,76.45,75.27,49.65,62.12
77.48,77.48,70.45,52.65,62.25
77.14,77.14,67.16,55.94,64.11
76.40,76.40,59.93,56.77,67.16
77.14,77.14,57.28,54.15,68.06
78.32,78.32,54.01,52.88,68.95
77.03,77.03,57.05,50.86,70.32
76.80,76.80,59.98,51.23,69.34
77.97,77.97,66.01,47.24,67.87
76.44,76.44,66.17,41.94,70.77
75.34,75.34,63.27,42.61,72.40
75.46,75.46,59.89,45.40,73.11
76.87,76.87,57.92,47.65,70.13
75.62,75.62,55.85,45.16,71.93
75.20,75.20,57.82,47.92,74.12
77.01,77.01,57.28,42.10,74.52
77.65,77.65,55.96,45.22,74.82
76.13,76.13,53.90,48.26,73.83
75.31,75.31,54.72,53.16,73.71
76.54,76.54,53.14,48.58,72.33
77.13,77.13,51.66,49.74,72.24
76.27,76.27,53.59,54.88,73.20
75.66,75.66,63.73,61.37,70.06
75.90,75.90,71.23,59.16,67.34
76.21,76.21,87.81,64.28,59.09
74.56,74.56,91.32,63.45,54.98
75.72,75.72,89.75,71.74,54.08
74.78,74.78,90.00,76.18,53.78
75.09,75.09,82.01,72.27,54.19
75.80,75.80,84.02,80.25,55.33
73.77,73.77,74.85,80.41,56.44
73.92,73.92,73.43,83.81,57.78
74.56,74.56,62.47,82.25,59.66
73.62,73.62,58.47,83.06,61.91
73.67,73.67,58.46,86.43,64.13
75.70,75.70,53.26,83.63,64.98
74.67,74.67,53.81,85.88,66.05
73.54,73.54,53.65,84.48,67.05
73.31,73.31,54.13,73.67,68.59
73.68,73.68,54.69,56.18,70.21
73.53,73.53,57.52,53.60,69.92
73.92,73.92,59.43,44.95,71.81
75.20,75.20,68.64,49.02,72.77
73.24,73.24,65.48,47.05,72.00
71.94,71.94,61.75,39.34,71.80
69.35,69.35,53.91,42.22,71.37
69.16,69.16,48.37,46.03,71.06
67.76,67.76,43.87,48.03,70.99
67.35,67.35,41.10,46.22,71.42
66.56,66.56,41.26,41.56,72.71
67.82,67.82,43.74,35.87,72.73
73.04,73.04,47.41,39.11,70.86
71.52,71.52,47.58,37.75,72.55
71.69,71.69,47.11,37.50,69.98
72.93,72.93,57.66,39.98,70.17
63.96,63.96,65.01,51.50,66.73
59.21,59.21,71.50,48.43,54.84
57.66,57.66,91.98,62.55,53.45
63.02,63.02,91.17,63.87,53.89
63.92,63.92,89.86,68.09,53.80
57.48,57.48,84.68,70.20,50.13
60.87,60.87,80.64,70.10,52.34
66.57,66.57,71.11,65.98,56.55
64.90,64.90,67.59,69.17,59.70
64.26,64.26,60.63,74.38,60.31
64.88,64.88,57.44,72.56,63.01
58.16,58.16,62.48,81.03,63.14
56.99,56.99,63.99,83.23,65.14
61.97,61.97,61.91,83.41,66.69
60.98,60.98,58.05,78.28,67.94
55.37,55.37,47.79,58.32,69.50
51.75,51.75,44.02,56.53,70.63
55.24,55.24,43.68,45.58,69.54
52.87,52.87,48.14,45.43,70.62
53.81,53.81,55.71,34.58,73.44
47.49,47.49,67.43,43.86,72.17
48.36,48.36,64.67,36.33,77.49
52.73,52.73,61.37,42.40,86.74
54.17,54.17,53.09,48.85,85.16
52.98,52.98,46.20,56.33,81.89
53.80,53.80,42.73,54.79,73.23
47.14,47.14,42.11,39.57,70.76
50.81,50.81,41.03,46.34,73.38
48.77,48.77,44.74,43.00,75.46
50.16,50.16,51.17,50.43,75.10
51.91,51.91,50.88,46.80,74.72
51.98,51.98,49.43,50.53,76.09
42.24,42.24,63.19,56.94,71.87
32.26,32.26,67.47,60.91,68.12
26.30,26.30,79.43,54.48,64.64
24.81,24.81,91.83,60.55,53.95
36.01,36.01,91.04,71.09,54.62
46.51,46.51,88.95,71.12,55.67
51.59,51.59,86.48,66.92,60.48
53.69,53.69,81.37,76.85,64.16
53.87,53.87,79.68,77.34,64.18
53.05,53.05,80.32,85.45,66.71
53.32,53.32,73.41,84.50,66.30
51.62,51.62,69.56,83.12,68.18
48.52,48.52,68.19,84.24,68.75
46.49,46.49,67.23,85.57,68.89
43.36,43.36,65.56,88.12,70.55
39.58,39.58,63.37,86.94,72.99
40.09,40.09,63.33,85.87,72.45
43.94,43.94,61.76,85.99,73.40
50.37,50.37,62.67,85.67,72.71
57.02,57.02,61.98,86.02,73.38
61.84,61.84,64.76,87.56,71.39
71.74,71.74,70.40,86.23,72.14
79.00,79.00,67.99,82.30,71.26
78.26,78.26,65.46,77.29,71.63
73.84,73.84,64.31,75.91,73.77
70.57,70.57,57.11,72.46,72.72
70.42,70.42,52.31,73.48,72.44
71.23,71.23,50.08,71.55,72.45
69.93,69.93,50.10,70.31,74.17
70.22,70.22,49.79,74.15,73.39
70.56,70.56,50.98,72.53,73.10
71.36,71.36,48.46,72.82,73.03
70.66,70.66,54.92,72.50,70.92
70.95,70.95,64.53,68.07,71.51
69.89,69.89,70.24,57.87,70.64
70.22,70.22,85.81,55.34,62.11
69.11,69.11,92.13,42.83,56.76
70.83,70.83,91.58,16.61,55.70
75.68,75.68,89.60,13.02,53.84
77.82,77.82,87.82,14.93,53.00
77.52,77.52,82.41,13.60,54.56
77.64,77.64,83.65,17.07,58.07
77.87,77.87,80.48,15.61,58.22
77.00,77.00,80.33,16.91,61.58
76.81,76.81,73.57,22.31,64.11
76.96,76.96,73.77,32.09,66.59
77.46,77.46,71.38,36.92,69.10
76.79,76.79,66.44,40.89,70.40
78.86,78.86,62.07,41.46,69.83
79.66,79.66,56.61,43.23,71.12
78.45,78.45,54.23,47.82,73.21
76.85,76.85,54.79,48.34,74.33
77.73,77.73,54.44,47.08,74.19
77.66,77.66,57.14,53.63,72.62
76.51,76.51,65.46,51.66,73.06
75.00,75.00,72.78,47.39,73.44
74.77,74.77,74.21,51.01,76.94
74.29,74.29,72.82,55.36,76.88
76.09,76.09,73.28,55.52,77.12
76.53,76.53,71.16,54.75,77.79
74.85,74.85,69.17,51.53,76.19
68.74,68.74,69.84,53.39,76.04
67.10,67.10,69.26,56.27,77.34
67.70,67.70,67.42,57.13,76.30
67.99,67.99,67.65,53.04,74.93
67.90,67.90,66.21,49.97,73.61
64.90,64.90,66.61,51.00,73.08
60.16,60.16,70.78,56.04,71.48
59.36,59.36,90.39,61.02,61.95
59.24,59.24,90.69,71.61,54.49
65.65,65.65,89.62,76.78,52.67
78.97,78.97,87.23,78.19,53.81
78.70,78.70,80.61,75.38,54.12
79.14,79.14,81.20,74.69,53.76
78.25,78.25,80.16,81.87,53.17
77.07,77.07,81.16,83.07,55.33
74.82,74.82,78.74,83.59,57.36
70.24,70.24,72.46,83.24,59.32
68.80,68.80,67.03,83.49,61.57
69.42,69.42,67.13,84.08,66.83
68.26,68.26,68.32,71.81,70.38
67.55,67.55,67.54,62.55,70.88
66.38,66.38,68.00,61.59,69.09
65.56,65.56,68.21,58.60,70.56
63.70,63.70,68.37,54.72,69.99
61.48,61.48,69.23,58.86,69.71
62.33,62.33,69.33,77.09,71.38
64.66,64.66,69.89,87.07,72.61
70.15,70.15,72.85,86.67,71.72
76.00,76.00,72.86,85.25,71.47
76.85,76.85,72.65,87.49,71.71
77.55,77.55,70.54,85.49,71.36
76.18,76.18,71.08,87.28,70.26
75.55,75.55,69.48,86.34,71.79
76.03,76.03,68.79,85.23,73.37
78.31,78.31,66.94,88.14,68.67
79.62,79.62,67.16,78.95,72.22
79.23,79.23,66.35,64.10,70.78
78.93,78.93,64.12,58.43,69.37
75.75,75.75,68.34,45.10,69.40
74.38,74.38,75.32,44.07,63.68
69.50,69.50,91.51,58.50,58.59
72.82,72.82,90.86,69.87,55.55
75.86,75.86,89.40,74.94,56.82
77.30,77.30,84.31,75.70,54.86
77.43,77.43,83.24,73.89,55.01
79.41,79.41,81.81,72.64,55.51
80.16,80.16,80.57,78.91,56.06
79.37,79.37,79.02,81.95,60.69
79.27,79.27,72.12,84.99,62.88
78.95,78.95,63.59,83.84,62.51
78.49,78.49,62.63,84.58,64.09
80.00,80.00,64.37,79.98,63.76
80.43,80.43,60.71,61.28,63.32
79.86,79.86,60.80,55.70,63.08
79.59,79.59,61.12,50.32,62.70
80.14,80.14,64.30,53.06,60.70
79.77,79.77,84.96,57.91,55.75
79.75,79.75,86.37,73.00,53.65
79.19,79.19,82.57,76.52,56.21
79.83,79.83,86.00,71.60,60.64
78.04,78.04,82.69,81.41,60.70
79.43,79.43,82.36,83.86,60.26
77.58,77.58,75.45,86.51,61.95
76.84,76.84,71.76,87.06,63.23
79.82,79.82,76.67,85.20,64.57
78.79,78.79,67.84,87.71,65.25
76.18,76.18,59.12,86.26,66.55
80.75,80.75,57.40,86.47,65.93
80.96,80.96,51.52,75.73,66.73
80.20,80.20,57.71,68.19,70.14
79.35,79.35,66.24,67.75,69.33
78.62,78.62,71.20,59.19,60.72
80.49,80.49,85.14,65.01,58.39
78.13,78.13,91.60,70.26,52.71
73.26,73.26,89.39,75.83,59.32
75.64,75.64,88.02,79.10,65.99
76.19,76.19,86.78,80.60,64.67
77.51,77.51,80.44,78.38,65.28
78.68,78.68,79.53,82.72,64.92
77.20,77.20,74.82,78.26,65.48
77.99,77.99,69.90,81.97,66.39
77.96,77.96,68.21,82.50,66.09
76.59,76.59,68.87,81.84,67.69
77.10,77.10,66.49,86.83,69.70
79.65,79.65,67.88,85.76,70.68
78.77,78.77,66.86,86.06,70.17
77.66,77.66,66.63,80.73,71.84
77.87,77.87,66.42,68.79,73.37
76.69,76.69,66.30,64.27,74.75
77.97,77.97,65.94,63.32,74.37
79.66,79.66,65.64,64.97,76.49
76.82,76.82,65.24,63.32,78.12
77.89,77.89,69.91,62.36,79.19
78.59,78.59,68.28,58.35,80.62
78.70,78.70,67.19,56.48,77.26
78.43,78.43,65.76,57.16,73.32
75.43,75.43,60.89,55.71,76.23
73.06,73.06,59.86,51.34,76.68
65.29,65.29,59.28,45.87,75.81
61.24,61.24,58.64,49.61,78.59
65.33,65.33,58.43,49.18,76.20
66.61,66.61,58.51,50.45,76.59
60.54,60.54,60.08,44.94,72.83
55.36,55.36,70.61,46.51,69.84
51.95,51.95,73.86,42.44,67.16
55.00,55.00,88.15,38.65,55.98
52.35,52.35,92.38,26.98,50.61
53.10,53.10,91.45,8.31,50.07
57.89,57.89,90.74,9.76,53.75
60.56,60.56,85.19,6.09,56.04
61.36,61.36,84.40,16.61,56.21
60.42,60.42,83.17,16.78,59.28
59.84,59.84,79.15,13.52,59.99
61.05,61.05,79.44,8.98,60.46
60.34,60.34,74.38,9.64,62.98
60.82,60.82,73.28,12.80,65.48
60.77,60.77,70.08,17.03,66.60
58.54,58.54,65.42,17.83,70.03
58.90,58.90,60.94,14.10,69.31
58.10,58.10,58.19,13.14,70.57
60.37,60.37,53.87,8.46,70.97
59.68,59.68,54.10,14.72,69.73
58.89,58.89,54.52,21.52,71.54
58.65,58.65,59.60,25.63,71.90
54.11,54.11,67.59,26.88,71.74
50.49,50.49,63.55,26.22,72.47
54.14,54.14,59.31,24.00,72.61
51.43,51.43,52.56,20.42,75.31
45.14,45.14,47.17,16.51,74.88
50.03,50.03,42.91,16.38,75.69
41.92,41.92,42.23,21.51,74.90
42.73,42.73,44.44,25.14,72.68
44.80,44.80,49.10,24.37,74.03
45.08,45.08,51.58,21.47,73.60
48.92,48.92,48.03,21.14,74.56
49.53,49.53,55.92,34.97,73.37
39.71,39.71,67.80,45.13,72.55
37.77,37.77,72.14,49.35,69.26
38.24,38.24,91.88,63.53,58.08
35.02,35.02,91.88,65.47,55.56
36.30,36.30,90.26,68.12,53.71
43.07,43.07,86.54,72.37,56.24
45.57,45.57,82.71,71.24,55.25
49.38,49.38,73.71,68.21,57.46
47.87,47.87,74.98,75.54,58.43
50.28,50.28,72.80,77.45,58.30
48.05,48.05,73.79,83.14,63.49
50.56,50.56,69.00,83.12,65.04
50.95,50.95,68.49,87.32,67.56
45.65,45.65,59.45,84.86,67.81
41.20,41.20,61.44,85.49,67.99
39.64,39.64,53.27,81.01,68.76
35.24,35.24,46.00,61.66,70.87
34.14,34.14,42.08,47.59,72.26
22.98,22.98,46.61,36.72,72.56
9.52,9.52,54.36,36.99,73.35
17.19,17.19,67.94,35.17,72.08
16.42,16.42,64.84,30.25,74.04
22.96,22.96,60.16,30.28,73.15
33.82,33.82,53.46,27.56,71.52
28.25,28.25,45.13,24.36,73.47
26.66,26.66,39.60,20.91,72.44
24.40,24.40,37.03,16.49,73.51
24.68,24.68,36.79,9.85,74.58
25.27,25.27,41.26,1.24,74.25
26.44,26.44,48.74,1.09,71.77
25.96,25.96,50.34,8.57,72.24
23.17,23.17,55.46,11.43,71.60
15.83,15.83,63.92,8.40,66.74
13.46,13.46,63.65,0.76,56.43
11.11,11.11,91.64,-0.00,54.87
14.34,14.34,92.01,-0.00,54.24
17.25,17.25,90.35,0.00,54.90
14.44,14.44,91.95,0.08,52.74
18.34,18.34,88.42,3.66,50.71
23.72,23.72,86.03,6.72,52.97
27.66,27.66,81.33,8.27,56.29
29.80,29.80,83.87,5.53,59.88
29.03,29.03,81.65,5.06,60.71
26.48,26.48,80.96,8.70,61.83
24.03,24.03,78.82,14.79,62.51
24.17,24.17,73.41,21.08,63.32
23.48,23.48,72.26,25.34,66.83
24.81,24.81,66.91,28.70,69.14
24.01,24.01,66.25,31.53,69.82
22.88,22.88,57.61,33.34,71.69
18.09,18.09,55.97,33.35,69.42
12.53,12.53,56.22,29.76,69.84
20.07,20.07,68.69,21.63,73.98
14.77,14.77,67.02,6.74,72.44
15.58,15.58,74.38,18.84,73.10
18.08,18.08,83.19,27.85,80.27
18.41,18.41,77.83,28.75,81.90
18.28,18.28,71.40,25.47,77.82
18.85,18.85,66.45,21.28,72.08
17.02,17.02,59.25,20.83,71.64
16.69,16.69,52.35,20.03,74.41
16.67,16.67,57.10,19.66,75.20
19.24,19.24,53.90,20.90,73.63
22.23,22.23,52.00,26.44,75.71
26.28,26.28,54.32,39.50,74.92
28.40,28.40,66.48,37.37,73.20
29.18,29.18,66.66,47.13,67.43
26.01,26.01,83.26,52.22,61.73
26.02,26.02,92.52,59.02,53.72
38.56,38.56,91.52,69.31,57.74
46.90,46.90,87.46,72.64,58.78
50.10,50.10,87.89,68.71,63.51
52.72,52.72,82.86,79.04,65.08
53.98,53.98,81.20,83.89,67.16
54.69,54.69,75.80,82.07,66.68
51.83,51.83,69.59,79.32,65.63
49.90,49.90,67.57,83.56,68.46
50.05,50.05,66.18,85.05,68.68
44.74,44.74,64.94,88.19,69.12
41.27,41.27,63.14,86.23,70.99
41.02,41.02,61.73,85.32,72.16
43.52,43.52,61.31,83.90,72.40
49.99,49.99,60.58,79.47,73.98
55.75,55.75,59.25,70.59,73.12
63.38,63.38,62.14,64.96,73.47
66.81,66.81,63.05,61.07,76.30
73.48,73.48,62.21,59.39,75.51
81.44,81.44,58.76,55.94,73.76
79.06,79.06,54.39,55.18,76.20
76.45,76.45,51.07,60.70,78.29
74.76,74.76,48.40,59.67,75.48
77.33,77.33,50.39,57.62,76.42
77.70,77.70,51.86,59.06,75.60
76.70,76.70,57.54,57.57,75.16
77.50,77.50,49.08,56.89,76.16
77.08,77.08,50.11,59.91,74.66
75.53,75.53,48.28,63.71,73.08
68.71,68.71,62.25,61.56,72.74
56.53,56.53,69.69,56.91,71.98
69.91,69.91,72.45,48.77,70.22
74.88,74.88,88.39,54.81,61.60
76.32,76.32,91.43,43.86,57.15
73.41,73.41,90.99,10.20,55.84
72.50,72.50,91.24,-0.00,55.05
80.01,80.01,84.62,0.06,55.78
80.50,80.50,84.73,5.98,56.91
79.55,79.55,82.52,10.68,56.35
79.75,79.75,81.68,8.14,59.09
80.66,80.66,81.07,2.25,62.52
79.90,79.90,74.95,14.33,63.45
78.79,78.79,75.72,22.62,66.54
78.21,78.21,69.26,28.75,69.54
74.26,74.26,69.56,33.09,70.28
70.21,70.21,61.71,34.81,68.74
68.24,68.24,55.57,33.77,70.70
70.30,70.30,51.62,29.90,73.93
72.23,72.23,57.02,23.11,73.63
71.35,71.35,59.58,12.41,72.23
80.29,80.29,63.15,9.86,73.22
81.84,81.84,69.22,15.72,73.86
82.53,82.53,71.98,16.84,73.30
81.73,81.73,72.00,11.61,75.54
77.57,77.57,70.94,16.99,77.14
69.97,69.97,70.61,15.73,77.27
66.90,66.90,70.53,16.83,77.47
63.87,63.87,67.44,18.63,76.98
62.10,62.10,65.05,21.78,77.35
61.47,61.47,64.84,25.32,77.15
60.86,60.86,60.48,41.24,76.29
61.42,61.42,56.71,47.27,76.43
64.60,64.60,59.42,46.67,75.83
72.46,72.46,65.29,46.66,73.39
77.51,77.51,73.07,50.59,71.75
76.26,76.26,91.87,60.35,62.22
75.39,75.39,91.66,71.26,58.63
71.57,71.57,89.77,71.60,55.71
73.29,73.29,86.99,66.72,57.37
82.33,82.33,85.64,73.56,57.99
79.17,79.17,82.60,81.54,58.83
80.42,80.42,79.55,83.57,59.22
80.62,80.62,77.00,81.40,60.43
79.19,79.19,67.49,80.13,60.93
78.48,78.48,62.24,83.34,60.67
80.51,80.51,63.29,86.51,65.25
79.35,79.35,58.08,85.07,63.21
78.28,78.28,54.23,72.87,66.20
80.15,80.15,50.39,59.91,65.01
80.91,80.91,49.56,57.76,66.19
79.05,79.05,49.75,51.91,67.41
78.79,78.79,52.35,50.49,69.20
78.37,78.37,56.55,50.32,68.64
80.23,80.23,62.48,55.21,66.35
81.96,81.96,72.32,63.34,70.20
77.18,77.18,73.39,82.22,69.46
80.06,80.06,72.34,84.76,67.46
75.62,75.62,72.44,84.98,66.16
74.02,74.02,71.02,87.17,67.06
71.03,71.03,70.48,85.77,66.87
71.51,71.51,69.02,87.20,70.05
63.56,63.56,69.39,85.06,68.01
60.83,60.83,67.86,86.34,71.39
59.71,59.71,67.14,87.21,69.38
61.11,61.11,66.50,85.30,69.17
58.14,58.14,65.36,76.89,67.40
55.77,55.77,68.12,53.97,63.69
55.39,55.39,77.75,52.58,59.58
64.35,64.35,90.58,56.34,52.88
64.54,64.54,90.04,60.46,52.88
63.38,63.38,89.49,68.91,52.02
71.71,71.71,88.67,71.99,57.22
79.09,79.09,81.80,72.95,56.94
79.33,79.33,78.30,70.96,59.69
77.11,77.11,81.51,77.21,58.89
77.97,77.97,78.26,82.06,60.63
81.12,81.12,77.79,84.29,64.59
78.26,78.26,68.79,82.87,62.74
77.78,77.78,61.18,82.59,64.77
78.97,78.97,58.21,84.31,63.55
80.91,80.91,55.04,83.49,64.87
78.91,78.91,44.74,66.93,63.91
78.75,78.75,42.02,53.43,64.72
79.56,79.56,51.69,51.66,66.55
80.59,80.59,68.87,48.59,67.49
79.39,79.39,69.31,44.37,79.22
80.68,80.68,61.96,69.45,81.44
79.22,79.22,66.80,75.36,77.48
79.87,79.87,62.93,77.62,69.02
77.34,77.34,57.95,76.49,64.75
78.85,78.85,55.43,85.00,65.10
79.48,79.48,51.07,84.65,66.90
77.41,77.41,49.37,82.71,61.08
80.35,80.35,51.06,87.76,66.91
79.99,79.99,50.01,86.80,63.37
78.58,78.58,52.24,87.28,67.57
80.84,80.84,50.18,81.48,64.03
80.17,80.17,54.42,83.84,65.27
76.46,76.46,63.58,88.23,60.63
77.39,77.39,72.22,83.54,62.44
76.13,76.13,83.76,79.99,58.84
74.30,74.30,91.81,72.72,58.43
77.35,77.35,88.57,74.22,58.90
79.17,79.17,87.90,74.31,63.85
77.76,77.76,82.39,73.60,64.59
79.75,79.75,75.74,67.24,65.24
78.89,78.89,76.18,72.35,64.83
78.37,78.37,77.06,80.97,68.48
78.31,78.31,77.10,83.21,68.91
79.49,79.49,72.87,85.67,67.57
78.14,78.14,67.97,85.89,68.33
78.72,78.72,66.90,85.78,68.19
79.58,79.58,65.56,88.26,69.23
78.63,78.63,63.75,84.39,71.23
80.13,80.13,65.09,87.25,71.47
78.55,78.55,64.22,85.64,70.83
78.66,78.66,63.45,83.60,72.25
78.17,78.17,63.89,86.55,71.09
78.45,78.45,66.16,85.16,73.08
76.81,76.81,65.78,84.69,71.64
78.94,78.94,64.49,87.10,71.96
78.98,78.98,64.04,85.51,71.57
78.71,78.71,63.15,85.97,71.19
78.03,78.03,62.29,86.94,69.91
76.91,76.91,61.18,77.50,70.68
78.60,78.60,59.69,74.14,71.76
75.70,75.70,57.76,67.28,73.11
74.32,74.32,57.08,60.17,74.74
69.01,69.01,55.70,61.12,77.35
64.87,64.87,55.13,59.72,77.08
63.28,63.28,60.53,49.08,76.46
62.53,62.53,68.56,38.39,69.80
60.82,60.82,72.46,33.06,67.05
63.03,63.03,90.91,11.56,57.10
59.59,59.59,91.66,0.87,54.60
60.19,60.19,90.38,2.75,55.11
62.10,62.10,91.47,11.90,56.95
63.16,63.16,84.44,9.94,57.19
64.01,64.01,84.75,0.50,60.76
64.73,64.73,80.75,0.21,60.43
65.06,65.06,80.03,5.28,64.30
63.03,63.03,76.97,14.67,64.52
63.15,63.15,72.65,21.31,64.77
61.11,61.11,71.14,25.58,68.06
61.90,61.90,63.82,28.84,68.23
60.41,60.41,61.86,30.98,70.91
59.29,59.29,52.73,30.73,72.08
62.75,62.75,50.24,27.94,70.08
60.82,60.82,52.16,23.79,71.89
61.11,61.11,50.09,19.63,72.50
60.12,60.12,54.61,15.67,72.29
56.36,56.36,68.58,10.66,72.65
58.84,58.84,66.16,8.83,73.31
58.72,58.72,61.11,9.24,73.25
56.12,56.12,56.72,10.26,74.54
51.35,51.35,50.35,7.20,74.25
49.33,49.33,46.22,0.98,75.50
54.42,54.42,42.02,-0.00,75.62
49.10,49.10,40.77,-0.00,74.47
53.35,53.35,43.34,-0.00,74.69
58.60,58.60,49.51,-0.00,74.62
55.95,55.95,49.28,-0.00,73.11
53.49,53.49,50.35,-0.00,73.34
52.32,52.32,56.08,-0.00,73.41
44.36,44.36,69.12,-0.00,71.41
41.22,41.22,74.98,-0.00,67.62
41.93,41.93,92.84,-0.00,53.66
37.53,37.53,92.25,-0.00,53.04
42.37,42.37,91.25,-0.00,55.51
46.04,46.04,87.83,-0.00,58.28
44.51,44.51,86.41,0.01,60.15
46.24,46.24,81.72,0.32,62.33
45.74,45.74,82.47,0.20,62.65
45.38,45.38,79.38,5.08,63.98
45.87,45.87,73.99,6.39,63.46
48.58,48.58,73.65,16.17,67.66
47.11,47.11,66.26,23.16,67.00
46.22,46.22,65.39,27.22,68.27
45.02,45.02,58.19,29.23,70.46
47.57,47.57,54.32,29.15,69.25
44.10,44.10,40.68,27.39,73.34
43.91,43.91,42.44,24.40,70.69
38.45,38.45,47.71,20.12,71.04
33.87,33.87,50.84,13.97,74.18
22.41,22.41,67.74,11.27,72.98
17.43,17.43,65.98,5.63,73.91
27.37,27.37,62.11,4.76,74.48
35.30,35.30,55.09,6.35,71.21
37.74,37.74,46.38,7.58,73.48
37.15,37.15,40.58,7.42,71.58
34.41,34.41,37.70,4.65,74.00
32.96,32.96,35.07,0.76,74.70
32.41,32.41,40.51,-0.00,73.93
31.82,31.82,48.50,1.89,73.76
31.45,31.45,47.32,9.12,72.30
27.12,27.12,54.20,10.79,72.59
20.54,20.54,60.35,6.83,69.62
16.94,16.94,66.87,0.26,61.44
8.28,8.28,75.33,-0.00,55.65
10.43,10.43,91.85,-0.00,57.15
13.45,13.45,91.89,-0.00,54.79
13.85,13.85,89.05,0.00,54.23
14.89,14.89,90.07,0.02,48.70
17.85,17.85,82.64,5.98,51.30
21.74,21.74,83.86,17.11,54.84
24.31,24.31,82.66,24.57,59.79
24.58,24.58,78.10,27.34,60.51
24.09,24.09,77.06,25.30,64.23
26.03,26.03,72.74,20.95,64.01
25.05,25.05,70.87,27.18,65.48
25.08,25.08,63.46,29.74,70.64
23.03,23.03,62.37,30.76,69.14
24.10,24.10,55.89,26.41,70.59
23.96,23.96,44.87,43.01,71.77
18.75,18.75,39.77,41.62,68.48
14.98,14.98,49.68,53.98,70.09
9.22,9.22,63.02,74.48,73.05
4.66,4.66,64.79,84.56,73.07
16.22,16.22,68.74,86.20,71.19
14.90,14.90,66.80,86.42,71.37
16.99,16.99,61.50,87.23,74.47
18.41,18.41,54.78,86.00,74.82
17.56,17.56,46.48,84.54,72.56
16.21,16.21,41.36,85.58,73.05
15.83,15.83,39.89,84.51,71.30
15.89,15.89,44.95,87.06,71.04
20.69,20.69,51.17,84.58,71.89
22.91,22.91,47.57,84.75,74.18
24.30,24.30,50.97,80.55,74.42
26.54,26.54,65.62,57.24,71.94
26.48,26.48,70.07,57.20,67.35
25.84,25.84,86.18,61.60,59.22
23.53,23.53,92.17,66.02,53.81
32.91,32.91,90.55,72.52,54.22
45.70,45.70,89.37,74.37,58.65
50.02,50.02,84.15,74.63,64.13
53.19,53.19,81.86,72.53,66.39
53.41,53.41,78.31,79.86,67.06
55.17,55.17,75.61,79.74,66.14
53.31,53.31,74.29,86.24,66.05
52.37,52.37,69.57,84.28,70.20
48.49,48.49,67.80,83.48,66.73
47.99,47.99,67.02,83.72,70.13
49.15,49.15,66.45,84.47,71.82
49.91,49.91,64.46,84.83,70.88
53.98,53.98,62.66,83.74,72.74
58.81,58.81,61.71,73.13,73.55
64.26,64.26,59.69,65.39,72.97
67.23,67.23,61.52,61.26,74.31
75.23,75.23,65.72,58.85,77.14
78.29,78.29,64.79,59.60,74.18
79.70,79.70,67.21,57.71,73.90
78.87,78.87,61.91,54.50,77.86
79.84,79.84,56.29,57.28,76.98
80.52,80.52,51.61,56.74,75.90
79.51,79.51,45.93,58.47,75.32
79.37,79.37,43.78,58.02,75.54
78.93,78.93,45.14,54.89,75.07
79.64,79.64,44.03,49.94,77.04
79.64,79.64,44.60,54.84,75.02
79.55,79.55,47.86,53.41,73.95
76.74,76.74,65.10,48.44,72.41
74.19,74.19,71.61,32.11,70.81
72.51,72.51,73.07,39.97,68.22
71.12,71.12,91.28,39.03,59.21
67.76,67.76,91.83,28.57,55.11
68.76,68.76,90.57,4.11,55.28
77.62,77.62,89.56,-0.00,56.40
78.31,78.31,84.93,-0.00,55.80
76.92,76.92,83.87,-0.00,55.29
77.22,77.22,81.13,-0.00,57.08
78.07,78.07,81.87,-0.00,60.43
79.90,79.90,76.25,3.28,62.58
79.15,79.15,74.99,7.21,66.27
78.84,78.84,71.92,14.37,67.00
78.27,78.27,68.74,21.35,70.40
79.25,79.25,67.90,25.51,70.90
77.13,77.13,60.74,25.90,69.58
76.16,76.16,59.38,24.00,70.58
68.39,68.39,57.09,19.28,73.12
66.10,66.10,54.23,38.14,74.40
62.40,62.40,55.35,48.02,73.85
65.80,65.80,58.82,49.18,73.37
68.40,68.40,69.20,44.97,75.13
76.45,76.45,72.50,41.47,75.36
80.10,80.10,71.96,36.78,77.59
81.13,81.13,72.59,34.00,77.06
79.09,79.09,70.77,35.28,77.16
76.13,76.13,69.62,34.99,76.97
78.02,78.02,68.49,31.32,76.60
77.16,77.16,67.74,28.77,76.59
79.23,79.23,67.79,38.50,77.66
76.61,76.61,66.13,41.26,75.99
72.48,72.48,65.60,42.17,74.58
72.10,72.10,63.25,44.30,74.33
64.82,64.82,67.80,51.62,73.11
62.07,62.07,76.73,60.17,69.81
66.59,66.59,93.04,60.81,58.75
70.14,70.14,89.62,72.17,54.49
70.35,70.35,90.51,75.79,55.90
69.77,69.77,87.06,77.71,57.37
77.50,77.50,82.95,77.71,57.56
78.89,78.89,75.73,76.16,56.21
80.99,80.99,79.00,79.98,54.71
78.79,78.79,79.41,83.32,55.78
78.29,78.29,76.82,84.42,57.80
79.30,79.30,74.86,85.23,61.04
79.70,79.70,62.01,85.77,62.02
81.42,81.42,59.96,80.77,64.32
81.61,81.61,62.55,66.09,67.15
81.13,81.13,60.03,61.41,68.17
80.26,80.26,58.44,55.66,68.26
80.78,80.78,58.12,57.43,68.24
80.38,80.38,60.14,53.64,69.08
80.50,80.50,64.45,53.15,68.92
81.44,81.44,69.51,62.21,71.41
81.84,81.84,71.62,67.27,69.91
76.84,76.84,74.43,84.17,72.52
77.92,77.92,73.88,86.89,73.04
76.14,76.14,71.21,85.18,72.25
74.60,74.60,71.21,85.29,72.55
79.29,79.29,70.29,87.19,70.32
80.55,80.55,69.12,86.12,69.27
76.82,76.82,67.85,87.76,71.35
77.11,77.11,66.75,85.77,71.82
76.23,76.23,65.16,87.13,69.96
76.77,76.77,64.18,86.08,69.43
77.43,77.43,64.87,65.33,70.30
78.32,78.32,67.00,54.75,68.14
77.81,77.81,83.46,54.38,60.26
75.51,75.51,91.61,61.18,56.41
72.19,72.19,90.99,68.62,54.20
74.20,74.20,86.93,68.06,54.98
75.82,75.82,88.57,62.93,51.60
76.20,76.20,84.35,74.12,52.52
74.85,74.85,83.08,80.21,51.97
75.04,75.04,75.88,79.83,55.87
75.15,75.15,69.13,79.31,55.75
75.33,75.33,66.03,82.38,57.68
74.14,74.14,63.11,85.11,60.71
73.69,73.69,61.38,88.12,61.10
73.79,73.79,54.61,85.78,60.17
73.34,73.34,52.60,75.29,62.75
74.46,74.46,53.82,63.16,62.56
75.69,75.69,57.91,36.47,63.71
74.96,74.96,66.42,36.56,61.48
76.06,76.06,83.86,32.45,58.33
74.61,74.61,83.19,28.85,62.64
69.62,69.62,82.55,59.73,72.39
76.32,76.32,77.58,68.82,72.52
78.32,78.32,68.55,78.16,72.12
77.69,77.69,61.42,76.58,65.14
78.50,78.50,63.08,85.68,61.90
79.06,79.06,57.46,86.72,62.09
78.78,78.78,55.04,87.55,64.83
76.29,76.29,52.99,87.34,68.47
80.12,80.12,49.26,82.66,66.26
78.77,78.77,47.98,85.89,63.10
75.45,75.45,49.92,85.39,62.77
81.60,81.60,56.24,87.16,63.18
78.12,78.12,64.61,85.41,62.10
78.30,78.30,72.31,83.39,59.13
78.28,78.28,89.10,73.74,52.94
74.26,74.26,91.31,67.26,47.80
71.33,71.33,90.52,63.65,54.35
75.30,75.30,91.81,67.22,60.08
76.60,76.60,86.30,66.71,61.86
76.29,76.29,86.09,71.71,66.64
75.90,75.90,78.98,74.59,72.05
75.22,75.22,78.71,77.31,71.44
75.10,75.10,73.30,77.26,70.68
75.17,75.17,70.99,80.87,67.09
77.26,77.26,67.50,83.79,66.54
78.27,78.27,67.26,82.80,70.49
75.57,75.57,65.55,84.49,70.72
76.67,76.67,65.05,86.83,71.37
78.07,78.07,64.04,84.34,72.45
78.91,78.91,63.88,86.14,70.64
79.29,79.29,61.01,85.72,72.96
78.14,78.14,63.34,84.45,72.40
73.24,73.24,66.71,87.11,70.14
76.91,76.91,68.01,86.01,70.58
78.36,78.36,67.62,85.93,70.46
79.05,79.05,64.55,87.65,69.19
79.48,79.48,61.68,84.99,69.73
79.60,79.60,62.05,87.72,70.46
79.81,79.81,63.24,83.92,70.61
73.40,73.40,64.86,72.50,71.41
64.38,64.38,59.25,63.62,73.94
63.15,63.15,59.29,54.78,75.65
60.33,60.33,58.19,55.57,78.98
62.22,62.22,56.23,54.49,76.33
65.92,65.92,61.58,49.65,74.18
66.36,66.36,69.03,35.45,69.58
71.98,71.98,74.34,37.24,64.85
71.56,71.56,92.24,10.32,56.72
71.54,71.54,92.56,-0.00,48.50
71.59,71.59,90.80,-0.00,51.98
68.24,68.24,88.14,0.00,54.94
78.46,78.46,86.97,4.09,54.10
78.09,78.09,83.36,11.02,53.47
79.34,79.34,81.76,14.18,58.45
77.56,77.56,81.21,14.28,61.42
78.49,78.49,76.08,11.19,63.72
78.40,78.40,75.97,4.35,63.14
76.42,76.42,68.81,20.98,65.23
75.99,75.99,64.28,28.37,68.38
76.18,76.18,63.37,30.75,68.99
76.10,76.10,57.64,29.26,69.61
76.74,76.74,57.54,25.03,70.12
75.75,75.75,54.23,17.82,69.02
75.91,75.91,52.23,4.48,69.90
74.95,74.95,52.07,20.61,70.35
75.38,75.38,55.74,26.02,70.86
76.94,76.94,64.95,27.19,72.88
77.83,77.83,67.96,28.60,71.40
76.94,76.94,65.38,29.09,72.04
76.90,76.90,62.64,28.21,72.93
75.83,75.83,60.38,27.46,73.12
72.89,72.89,57.63,26.79,73.79
74.15,74.15,53.43,26.86,73.57
73.88,73.88,52.54,26.04,72.59
69.69,69.69,51.57,22.40,73.11
69.28,69.28,50.30,16.85,72.78
69.33,69.33,51.84,14.31,72.45
65.98,65.98,58.28,9.99,72.15
68.09,68.09,69.43,12.06,69.26
64.57,64.57,78.81,10.23,63.85
63.63,63.63,92.12,2.67,54.91
67.04,67.04,92.00,-0.00,53.78
68.13,68.13,91.34,-0.00,54.27
69.72,69.72,88.56,-0.00,55.04
68.74,68.74,85.88,-0.00,55.98
72.06,72.06,81.69,0.19,58.28
75.07,75.07,83.20,0.39,59.38
74.46,74.46,77.62,0.00,61.14
74.90,74.90,77.15,2.86,63.06
74.54,74.54,71.63,12.18,67.69
75.51,75.51,70.02,18.49,66.16
74.80,74.80,65.69,24.01,68.07
73.53,73.53,62.26,26.52,71.23
74.85,74.85,59.27,24.82,68.54
73.37,73.37,51.50,19.83,70.56
74.74,74.74,49.23,12.53,73.08
71.89,71.89,47.70,6.30,69.68
68.96,68.96,52.32,4.82,73.40
62.84,62.84,52.17,13.52,71.06
71.65,71.65,61.18,15.97,72.02
71.79,71.79,60.92,15.27,70.87
71.73,71.73,55.49,12.09,70.44
72.21,72.21,50.61,9.77,70.93
75.02,75.02,49.17,9.20,70.82
72.11,72.11,50.81,9.69,71.96
69.51,69.51,55.92,11.43,72.97
66.25,66.25,58.49,12.79,71.68
61.81,61.81,55.07,13.24,71.08
59.27,59.27,51.84,19.33,71.54
58.63,58.63,58.15,36.21,68.25
50.10,50.10,66.95,41.90,67.52
58.71,58.71,77.76,47.38,58.37
66.00,66.00,91.96,53.93,55.16
65.19,65.19,91.38,62.17,55.86
67.78,67.78,90.58,72.37,57.79
68.00,68.00,88.28,74.00,53.94
72.32,72.32,84.36,76.09,58.02
78.19,78.19,81.86,79.30,60.27
77.54,77.54,78.16,78.71,58.76
76.71,76.71,74.12,78.24,61.89
75.86,75.86,75.66,82.42,63.29
76.27,76.27,75.99,87.45,63.17
77.14,77.14,69.34,86.84,64.60
77.39,77.39,63.56,85.71,64.43
76.26,76.26,57.62,84.80,67.35
76.57,76.57,55.85,85.50,70.87
76.79,76.79,55.45,87.14,71.25
75.86,75.86,55.23,87.52,70.87
76.31,76.31,58.60,84.44,71.07
77.04,77.04,61.64,63.78,72.34
75.56,75.56,66.42,56.75,72.83
75.75,75.75,66.23,50.68,73.31
76.57,76.57,63.07,49.60,72.75
76.86,76.86,61.64,49.27,73.57
77.16,77.16,60.44,44.34,73.21
76.54,76.54,60.58,46.38,71.91
77.54,77.54,60.86,46.05,72.54
77.57,77.57,60.65,45.55,73.65
77.97,77.97,60.11,44.51,73.00
76.95,76.95,60.28,39.14,72.67
77.00,77.00,60.02,33.64,72.46
78.96,78.96,58.77,22.46,73.10
78.18,78.18,60.89,18.33,72.11
77.02,77.02,65.50,12.43,69.82
76.09,76.09,70.67,2.62,67.89
72.75,72.75,90.28,-0.00,61.16
73.37,73.37,90.75,0.34,59.21
76.69,76.69,90.32,6.00,59.73
78.38,78.38,90.72,8.33,59.13
78.30,78.30,84.60,4.86,58.51
77.77,77.77,84.97,0.60,60.60
77.72,77.72,80.17,0.37,62.36
77.63,77.63,79.45,0.73,62.79
77.82,77.82,75.97,3.74,65.26
77.64,77.64,73.54,4.92,66.27
75.68,75.68,69.97,8.02,65.51
77.56,77.56,68.35,14.41,70.46
75.00,75.00,67.00,20.70,71.28
77.12,77.12,63.77,24.57,72.64
78.48,78.48,62.55,27.17,72.93
78.75,78.75,60.85,29.75,74.05
76.90,76.90,61.33,32.38,74.98
78.48,78.48,64.70,37.75,74.77
76.44,76.44,66.34,40.79,73.26
75.67,75.67,68.58,38.85,72.56
76.69,76.69,65.35,38.23,73.78
76.18,76.18,60.77,34.02,73.34
76.11,76.11,53.73,34.16,72.36
77.37,77.37,49.38,34.12,71.82
76.46,76.46,48.60,25.63,71.25
76.91,76.91,46.65,18.05,69.84
78.26,78.26,45.61,14.99,72.27
75.26,75.26,46.04,27.91,71.53
77.55,77.55,48.64,27.79,72.95
76.15,76.15,49.39,29.07,70.16
73.67,73.67,56.14,23.01,70.05
72.16,72.16,68.80,11.25,68.83
70.30,70.30,73.80,0.86,66.41
64.32,64.32,92.77,-0.00,58.12
65.12,65.12,91.60,-0.00,54.11
69.93,69.93,91.22,0.28,54.78
71.04,71.04,87.75,3.08,56.22
69.11,69.11,86.52,1.29,58.59
66.69,66.69,81.47,3.17,61.13
67.66,67.66,83.59,8.71,62.96
66.21,66.21,82.29,9.61,63.47
69.01,69.01,77.78,10.73,63.87
68.66,68.66,77.31,22.16,62.38
68.65,68.65,72.02,30.47,66.94
69.99,69.99,70.95,35.11,68.04
70.16,70.16,64.05,38.49,67.50
69.67,69.67,61.02,40.15,68.20
70.78,70.78,56.86,39.55,71.10
70.35,70.35,50.20,37.47,70.45
69.78,69.78,48.33,30.20,69.20
69.12,69.12,58.42,14.01,69.58
67.26,67.26,70.19,24.77,71.03
66.62,66.62,71.75,23.72,71.09
65.88,65.88,73.00,30.24,70.60
66.80,66.80,72.41,35.80,69.55
65.95,65.95,70.42,33.92,70.90
66.03,66.03,70.01,34.10,71.38
64.20,64.20,67.34,31.24,68.24
63.74,63.74,65.87,22.88,70.99
61.72,61.72,67.29,19.52,71.67
61.15,61.15,66.71,16.54,70.88
60.37,60.37,65.18,13.97,71.40
59.14,59.14,63.24,16.46,69.28
54.32,54.32,64.19,8.03,66.93
47.58,47.58,67.75,3.99,64.93
39.53,39.53,79.97,3.29,59.39
29.15,29.15,92.05,0.03,52.96
38.15,38.15,91.90,-0.00,53.66
46.48,46.48,89.95,-0.00,53.96
52.01,52.01,89.62,-0.00,56.55
50.94,50.94,82.78,1.16,59.09
48.76,48.76,83.26,6.27,59.08
44.63,44.63,82.74,6.98,61.91
43.52,43.52,78.36,10.04,63.16
42.33,42.33,77.33,13.66,63.76
42.85,42.85,71.99,25.12,66.37
43.85,43.85,72.21,30.77,67.06
43.12,43.12,63.38,34.31,67.31
41.95,41.95,59.88,36.64,70.10
41.53,41.53,59.51,38.52,69.47
39.93,39.93,52.40,37.12,68.77
33.82,33.82,50.26,33.98,69.93
24.51,24.51,63.72,24.81,70.93
18.99,18.99,69.44,19.90,69.52
16.92,16.92,70.81,27.66,72.03
16.33,16.33,72.19,32.50,70.97
22.07,22.07,73.71,31.14,71.29
23.44,23.44,73.34,33.57,71.45
28.64,28.64,72.92,37.32,71.81
32.80,32.80,70.61,36.25,70.90
30.74,30.74,70.60,38.76,70.96
26.97,26.97,69.64,29.50,71.47
28.73,28.73,68.69,22.51,71.41
26.46,26.46,67.85,17.74,71.39
26.78,26.78,66.51,16.01,70.15
22.43,22.43,65.67,9.32,69.27
18.70,18.70,68.18,10.78,67.18
8.70,8.70,68.40,0.59,64.57
10.49,10.49,85.67,0.00,57.80
12.41,12.41,91.07,-0.00,52.69
13.95,13.95,90.05,0.13,50.43
13.57,13.57,89.94,3.60,50.34
12.11,12.11,86.12,5.33,53.21
13.87,13.87,84.40,3.39,53.55
20.60,20.60,83.19,6.52,56.69
24.87,24.87,81.02,14.64,59.20
23.27,23.27,81.92,11.20,59.85
18.86,18.86,76.02,16.13,63.55
16.62,16.62,75.92,27.51,64.53
16.75,16.75,71.41,33.81,66.66
20.72,20.72,66.90,36.67,65.25
23.35,23.35,63.53,36.45,67.54
25.94,25.94,58.69,31.75,68.21
25.54,25.54,55.92,19.88,67.32
19.72,19.72,61.02,1.81,65.80
14.59,14.59,79.53,-0.00,61.28
29.67,29.67,90.74,-0.00,53.73
42.78,42.78,88.94,4.35,54.16
49.79,49.79,88.15,6.41,56.24
51.55,51.55,87.00,20.94,52.17
60.58,60.58,79.24,25.24,56.80
71.89,71.89,81.25,23.36,63.37
73.89,73.89,77.95,24.86,62.84
74.23,74.23,78.67,23.27,63.52
74.04,74.04,72.64,20.95,70.67
73.03,73.03,66.26,23.16,69.98
71.56,71.56,60.71,28.71,70.32
64.25,64.25,67.29,31.80,73.54
52.00,52.00,67.32,34.07,72.39
47.80,47.80,71.13,40.49,66.42
55.44,55.44,75.35,51.91,60.03
65.02,65.02,91.60,59.15,52.39
72.11,72.11,91.48,65.73,54.18
80.44,80.44,88.28,72.14,61.47
79.91,79.91,86.10,66.55,70.33
77.19,77.19,83.94,75.48,69.50
76.10,76.10,82.24,77.13,70.06
75.94,75.94,72.51,72.46,74.40
76.09,76.09,73.85,76.59,70.53
79.57,79.57,74.17,72.59,71.00
79.15,79.15,69.41,85.00,70.73
80.65,80.65,68.70,84.37,69.87
79.41,79.41,68.16,86.81,72.11
78.24,78.24,66.50,91.68,73.00
80.66,80.66,68.25,86.16,72.56
81.03,81.03,68.70,86.74,74.86
81.35,81.35,66.66,87.19,75.67
82.67,82.67,66.26,86.66,71.37
81.20,81.20,66.69,87.72,74.61
82.66,82.66,67.55,85.35,72.20
82.91,82.91,65.98,87.04,72.30
82.49,82.49,66.00,83.68,75.24
79.68,79.68,63.73,83.44,75.31
78.10,78.10,63.13,83.89,75.94
76.62,76.62,62.87,77.62,75.32
77.71,77.71,63.55,76.05,74.77
75.25,75.25,62.49,75.22,73.91
73.25,73.25,62.77,82.37,73.97
73.04,73.04,61.58,73.33,74.18
73.44,73.44,59.35,79.37,77.03
74.83,74.83,60.75,74.21,77.22
75.22,75.22,65.50,80.24,71.04
75.59,75.59,72.38,77.06,68.61
72.76,72.76,78.63,71.47,65.56
70.82,70.82,92.81,70.13,54.46
71.40,71.40,91.19,58.17,54.53
70.36,70.36,92.90,57.95,58.86
70.81,70.81,87.89,54.74,61.31
71.08,71.08,89.16,40.25,62.36
70.63,70.63,84.18,51.11,62.57
67.91,67.91,78.23,50.18,62.15
64.41,64.41,76.29,55.48,65.96
65.92,65.92,78.38,51.82,66.85
62.09,62.09,77.81,65.11,68.53
60.78,60.78,65.27,65.86,67.33
60.81,60.81,72.87,73.20,69.18
62.66,62.66,67.78,72.14,70.55
63.01,63.01,60.87,72.26,70.67
60.53,60.53,59.85,76.91,70.58
56.27,56.27,59.11,72.40,71.10
59.13,59.13,63.46,78.00,72.68
57.37,57.37,67.55,72.21,72.52
60.27,60.27,64.51,77.39,73.13
61.14,61.14,61.89,68.01,73.89
61.45,61.45,54.43,74.44,72.14
60.89,60.89,50.12,77.67,71.95
56.66,56.66,47.24,67.08,76.18
53.91,53.91,45.95,77.59,75.52
48.75,48.75,48.94,71.93,74.56
51.63,51.63,48.30,75.33,75.07
50.33,50.33,52.66,72.49,74.08
49.14,49.14,54.91,70.30,75.27
52.59,52.59,54.70,69.26,73.53
50.64,50.64,55.34,60.70,74.52
48.45,48.45,63.34,66.32,74.48
46.70,46.70,68.40,63.55,71.56
47.05,47.05,82.77,64.15,64.41
46.10,46.10,92.29,70.24,52.98
49.24,49.24,90.84,74.44,57.72
49.07,49.07,88.50,74.98,60.47
46.47,46.47,86.06,73.28,62.73
47.88,47.88,80.17,70.75,66.03
46.77,46.77,83.20,79.90,67.86
41.58,41.58,79.11,81.69,67.60
39.57,39.57,75.44,83.80,69.41
40.62,40.62,75.28,86.79,68.83
43.51,43.51,66.33,85.34,69.66
41.08,41.08,58.87,84.96,70.00
42.00,42.00,56.82,88.12,71.14
38.61,38.61,44.14,83.53,73.29
36.30,36.30,38.39,81.82,74.15
37.81,37.81,41.40,74.21,75.60
38.25,38.25,47.03,70.13,73.62
45.17,45.17,51.20,67.78,74.45
48.54,48.54,66.33,65.94,75.69
49.21,49.21,67.08,58.76,75.55
48.52,48.52,62.44,50.98,76.18
44.93,44.93,54.54,45.26,75.56
36.73,36.73,45.14,29.18,75.24
34.06,34.06,38.11,3.08,74.94
32.83,32.83,36.54,1.25,75.81
33.66,33.66,39.97,0.57,75.14
36.05,36.05,43.39,0.01,75.58
35.21,35.21,47.13,0.03,74.81
34.54,34.54,50.98,0.04,75.01
35.23,35.23,50.94,9.70,75.01
43.33,43.33,61.50,33.24,74.29
45.42,45.42,66.31,35.34,69.98
41.58,41.58,68.90,29.98,64.74
26.78,26.78,88.11,28.73,65.69
12.69,12.69,92.97,27.41,68.43
23.35,23.35,90.77,43.16,68.80
36.21,36.21,91.33,55.41,68.38
42.67,42.67,85.31,62.13,69.60
44.19,44.19,88.46,65.88,70.16
38.76,38.76,83.00,65.65,69.45
37.52,37.52,84.22,66.34,69.75
32.66,32.66,83.76,71.83,68.67
30.57,30.57,85.20,69.76,70.21
27.83,27.83,82.83,73.50,70.02
25.77,25.77,82.57,74.21,71.32
23.25,23.25,83.79,76.41,74.56
23.33,23.33,73.74,62.22,73.91
23.88,23.88,60.23,46.71,73.29
22.95,22.95,56.57,47.81,74.28
18.03,18.03,61.31,41.83,73.59
12.80,12.80,57.10,21.95,75.00
17.91,17.91,68.07,33.64,74.00
13.27,13.27,70.57,37.90,73.76
11.52,11.52,82.45,45.67,77.21
15.69,15.69,83.07,48.15,78.61
18.56,18.56,77.96,44.83,76.77
17.43,17.43,68.24,47.79,73.29
18.80,18.80,63.95,44.81,73.98
18.42,18.42,59.35,46.43,74.96
16.38,16.38,65.30,44.15,75.43
15.93,15.93,65.53,48.75,75.36
16.66,16.66,59.63,47.40,75.30
17.72,17.72,59.21,49.66,75.63
20.46,20.46,61.26,51.83,75.78
20.72,20.72,67.39,53.56,73.44
23.83,23.83,72.36,59.61,69.80
19.59,19.59,92.05,60.38,64.43
28.95,28.95,91.69,73.63,68.57
44.44,44.44,89.71,76.74,70.39
51.79,51.79,87.28,79.06,69.38
51.65,51.65,84.44,79.78,69.29
52.98,52.98,79.15,75.43,71.13
56.77,56.77,76.61,78.69,73.08
58.24,58.24,76.11,82.75,73.18
56.77,56.77,72.82,83.67,73.38
52.60,52.60,69.70,85.42,72.37
43.52,43.52,67.62,86.37,71.70
37.51,37.51,66.59,84.77,70.76
39.61,39.61,65.91,85.32,74.19
39.24,39.24,64.75,84.69,73.58
45.32,45.32,63.03,85.40,75.83
49.32,49.32,61.24,84.75,73.82
58.25,58.25,61.61,85.63,74.74
63.83,63.83,63.29,85.50,74.17
71.01,71.01,66.88,84.52,75.81
78.76,78.76,66.84,84.14,73.82
78.51,78.51,64.33,72.65,72.19
78.64,78.64,62.72,69.54,74.43
78.09,78.09,58.82,61.89,76.66
78.02,78.02,56.56,52.98,75.49
76.37,76.37,54.62,58.41,75.85
77.02,77.02,56.15,60.83,74.56
77.73,77.73,55.35,51.36,75.69
78.90,78.90,55.97,56.30,76.43
77.92,77.92,55.45,60.09,74.88
79.63,79.63,56.50,61.91,71.68
78.84,78.84,67.17,59.06,72.26
78.23,78.23,70.50,45.00,71.38
78.94,78.94,80.63,44.54,68.31
78.43,78.43,91.00,35.06,65.10
77.53,77.53,91.26,18.63,66.83
77.74,77.74,91.14,0.00,66.54
77.67,77.67,88.29,-0.00,67.48
76.51,76.51,84.54,-0.00,68.05
78.03,78.03,81.17,0.80,70.12
78.85,78.85,83.46,4.05,68.15
78.72,78.72,78.27,8.14,70.49
78.26,78.26,76.72,13.00,70.04
79.45,79.45,73.15,15.00,67.07
79.86,79.86,71.87,7.38,72.18
78.83,78.83,65.63,12.84,73.14
79.87,79.87,66.40,21.91,73.54
79.64,79.64,56.55,22.32,72.85
78.34,78.34,51.57,16.95,73.27
78.88,78.88,52.58,5.53,75.31
78.23,78.23,52.84,19.96,75.96
76.34,76.34,55.97,26.83,75.17
75.72,75.72,60.95,35.52,72.38
75.80,75.80,71.21,35.92,74.60
77.28,77.28,73.80,31.49,77.85
77.05,77.05,74.08,31.61,78.56
74.86,74.86,72.29,30.75,75.14
75.77,75.77,71.12,28.21,78.04
77.91,77.91,69.53,23.32,78.43
77.18,77.18,68.63,15.82,76.61
75.70,75.70,66.97,15.53,74.56
76.77,76.77,66.46,25.24,76.87
76.35,76.35,64.78,39.17,77.83
75.49,75.49,63.22,38.79,73.08
75.90,75.90,65.53,50.77,72.67
74.23,74.23,71.33,53.08,73.91
72.40,72.40,83.58,60.58,73.16
70.76,70.76,91.49,74.11,70.95
71.28,71.28,88.24,78.14,71.08
74.29,74.29,86.47,79.97,70.41
78.19,78.19,84.92,81.73,70.57
78.22,78.22,80.21,82.63,70.02
77.97,77.97,79.44,78.78,71.47
76.56,76.56,77.75,79.16,70.05
77.09,77.09,79.00,82.01,69.99
77.75,77.75,79.33,84.58,68.30
77.49,77.49,74.32,86.23,65.53
78.81,78.81,64.50,84.68,65.24
79.83,79.83,59.48,74.80,67.19
79.88,79.88,56.14,65.25,69.71
80.63,80.63,55.18,67.85,70.05
80.68,80.68,47.41,59.37,71.18
80.23,80.23,44.98,54.90,70.07
73.02,73.02,50.68,57.96,71.43
70.30,70.30,60.39,64.01,69.16
65.06,65.06,70.91,85.95,70.82
69.22,69.22,71.18,86.49,73.63
68.58,68.58,70.42,87.13,74.68
73.42,73.42,70.39,85.95,72.58
76.89,76.89,69.61,86.97,70.96
72.73,72.73,67.61,84.54,71.75
73.30,73.30,67.66,87.15,74.08
69.65,69.65,67.91,86.76,73.89
66.06,66.06,66.23,86.11,72.13
64.27,64.27,63.85,86.22,73.68
64.95,64.95,63.93,68.46,74.48
60.59,60.59,63.49,59.76,71.04
60.59,60.59,66.75,43.47,70.44
61.23,61.23,69.76,55.54,67.77
66.10,66.10,89.39,63.27,61.97
68.64,68.64,91.57,70.86,58.71
69.32,69.32,87.79,74.89,62.51
71.75,71.75,89.65,79.44,62.07
75.67,75.67,83.96,76.91,67.05
78.08,78.08,82.72,76.83,67.56
78.12,78.12,77.24,76.85,67.73
76.61,76.61,75.40,78.60,68.42
77.25,77.25,77.28,83.56,67.96
75.65,75.65,72.60,84.30,68.14
75.31,75.31,67.73,84.28,68.89
77.53,77.53,61.37,82.93,68.99
77.88,77.88,59.48,63.16,69.67
77.66,77.66,58.60,45.44,67.30
78.08,78.08,57.81,49.16,70.28
77.98,77.98,66.46,56.22,70.37
76.58,76.58,78.71,60.04,65.11
73.46,73.46,88.55,66.52,61.37
72.63,72.63,84.45,74.84,64.83
72.54,72.54,87.07,79.74,65.17
78.39,78.39,85.53,81.66,65.03
75.69,75.69,80.80,84.91,64.08
74.78,74.78,78.36,83.00,67.45
76.03,76.03,75.18,84.79,66.84
73.80,73.80,74.55,86.23,68.72
70.75,70.75,71.34,85.33,71.10
71.88,71.88,60.27,87.79,71.35
71.19,71.19,59.97,84.71,69.06
70.28,70.28,54.96,78.02,70.54
69.75,69.75,57.33,68.51,71.47
68.91,68.91,66.37,66.46,71.23
67.40,67.40,70.03,61.34,65.63
67.67,67.67,78.30,53.22,60.07
65.85,65.85,92.56,62.23,54.13
66.90,66.90,91.04,71.46,55.99
77.80,77.80,89.06,74.16,59.63
78.54,78.54,84.47,74.57,59.75
78.27,78.27,84.56,73.09,63.31
77.42,77.42,81.74,77.19,66.49
76.38,76.38,79.96,81.75,68.53
76.73,76.73,77.61,83.29,66.60
75.83,75.83,71.98,82.98,68.29
75.39,75.39,69.69,83.52,69.57
76.49,76.49,67.29,87.07,70.93
76.17,76.17,65.78,84.95,70.43
76.67,76.67,64.87,84.99,75.32
76.79,76.79,66.00,85.08,73.71
76.48,76.48,63.31,67.19,72.32
77.05,77.05,64.11,57.94,74.02
76.92,76.92,64.45,53.91,74.86
76.13,76.13,65.32,39.06,76.98
72.51,72.51,65.06,36.98,77.60
75.70,75.70,68.72,36.89,78.73
73.61,73.61,68.28,50.91,80.08
73.87,73.87,65.82,42.73,78.44
73.17,73.17,63.08,53.99,74.09
70.35,70.35,62.54,52.14,75.28
70.60,70.60,62.33,52.12,75.49
66.84,66.84,59.91,48.36,75.55
69.41,69.41,57.62,51.72,77.12
68.22,68.22,56.66,54.60,77.69
69.14,69.14,55.28,52.73,76.31
67.91,67.91,57.21,43.39,75.19
61.20,61.20,66.52,47.42,72.21
55.86,55.86,73.75,47.16,66.65
51.97,51.97,84.45,38.85,62.29
53.41,53.41,92.22,20.28,53.70
54.67,54.67,92.01,6.66,54.38
58.17,58.17,90.14,6.29,56.63
61.09,61.09,89.66,8.31,57.46
62.27,62.27,83.49,1.15,60.30
60.03,60.03,82.88,-0.00,60.14
56.87,56.87,82.56,0.07,63.06
60.05,60.05,78.11,-0.00,63.10
60.72,60.72,77.95,-0.00,64.79
61.39,61.39,72.02,-0.00,66.30
56.55,56.55,72.60,1.91,66.90
56.14,56.14,60.57,6.37,69.72
57.80,57.80,64.88,8.71,70.44
56.92,56.92,59.74,7.80,70.45
60.01,60.01,54.07,4.75,69.19
57.17,57.17,51.45,1.84,71.10
58.83,58.83,52.12,1.00,72.03
58.87,58.87,53.63,3.05,72.74
54.67,54.67,69.59,3.79,73.08
53.42,53.42,65.53,3.73,72.42
43.90,43.90,60.70,0.90,72.84
47.87,47.87,55.76,0.00,74.38
47.76,47.76,49.27,-0.00,74.70
48.47,48.47,44.26,-0.00,76.12
50.82,50.82,41.38,0.13,74.64
54.34,54.34,41.09,0.19,74.40
54.92,54.92,43.89,0.92,74.87
53.91,53.91,51.41,7.49,73.54
52.15,52.15,47.56,15.31,73.42
48.38,48.38,54.31,33.59,74.34
42.53,42.53,62.90,53.31,73.51
39.09,39.09,71.31,54.76,70.88
37.15,37.15,86.64,68.36,61.59
37.13,37.13,92.22,63.76,55.17
41.36,41.36,90.81,72.98,55.73
48.14,48.14,88.67,74.82,56.15
48.31,48.31,84.04,79.07,57.30
48.98,48.98,82.55,82.06,60.50
49.22,49.22,77.76,77.83,59.11
49.85,49.85,73.42,80.07,62.11
50.45,50.45,65.10,78.14,63.98
44.78,44.78,58.21,81.75,65.77
47.39,47.39,56.45,85.00,68.14
43.96,43.96,54.02,83.90,71.30
35.14,35.14,49.86,85.16,71.62
35.76,35.76,46.41,84.27,70.72
32.59,32.59,42.05,68.77,71.74
32.56,32.56,41.38,57.32,72.81
31.73,31.73,45.76,43.93,71.91
25.26,25.26,50.14,44.03,73.67
18.47,18.47,66.27,35.54,73.70
11.77,11.77,66.42,36.03,73.37
13.65,13.65,62.22,36.02,74.30
16.60,16.60,55.65,34.63,72.94
19.11,19.11,48.63,22.54,73.70
21.06,21.06,42.11,22.28,72.38
21.86,21.86,40.19,15.99,73.92
22.92,22.92,37.92,17.38,75.00
26.05,26.05,40.62,14.84,73.93
22.48,22.48,47.44,16.30,73.00
23.73,23.73,51.08,16.68,73.34
21.44,21.44,55.69,15.10,71.58
18.88,18.88,63.99,21.08,69.64
15.19,15.19,66.04,25.08,62.69
12.70,12.70,85.39,23.31,57.56
10.50,10.50,92.16,12.71,56.56
12.43,12.43,91.56,0.06,56.14
8.23,8.23,90.84,-0.00,53.62
11.47,11.47,89.95,2.68,51.89
15.65,15.65,85.62,7.13,53.19
19.98,19.98,84.46,7.97,56.00
21.29,21.29,81.27,10.56,59.13
20.27,20.27,83.34,7.18,62.42
17.00,17.00,80.56,0.38,64.91
17.03,17.03,79.95,1.29,65.26
15.83,15.83,75.69,8.65,64.80
18.55,18.55,71.96,13.72,67.31
17.18,17.18,69.90,16.34,71.24
16.99,16.99,63.16,18.96,71.77
15.77,15.77,63.15,21.72,70.99
11.44,11.44,55.94,23.00,71.18
3.81,3.81,54.79,21.60,71.58
15.49,15.49,66.59,17.15,72.99
15.60,15.60,66.70,8.73,74.38
9.47,9.47,70.94,13.34,72.56
10.12,10.12,81.12,30.00,79.77
12.22,12.22,79.00,33.52,81.94
14.15,14.15,70.78,27.67,80.24
14.22,14.22,65.11,27.17,73.28
13.14,13.14,60.65,26.31,72.26
10.30,10.30,51.90,26.38,73.91
7.59,7.59,56.23,37.25,75.99
8.42,8.42,54.28,43.27,75.41
9.08,9.08,52.11,44.71,74.81
13.96,13.96,54.36,44.28,76.66
22.05,22.05,62.77,50.30,73.19
22.84,22.84,66.38,57.44,72.14
23.13,23.13,76.37,63.36,69.86
20.45,20.45,93.01,63.56,54.52
30.40,30.40,89.89,72.19,56.70
38.69,38.69,90.39,76.26,60.03
43.65,43.65,85.32,69.90,64.28
48.03,48.03,80.51,76.51,65.34
46.44,46.44,79.22,76.24,66.67
44.21,44.21,81.34,82.74,67.03
41.72,41.72,74.58,83.11,66.88
38.08,38.08,70.43,84.44,67.73
36.35,36.35,66.25,85.29,68.14
33.22,33.22,66.56,84.57,69.32
30.66,30.66,65.54,85.37,71.15
34.01,34.01,63.61,86.73,71.86
41.18,41.18,62.66,85.19,71.55
51.81,51.81,61.93,85.12,73.43
58.29,58.29,62.44,70.52,73.35
66.61,66.61,64.71,66.12,74.94
77.29,77.29,67.07,64.10,74.92
78.48,78.48,66.70,62.42,75.69
79.11,79.11,65.92,58.96,71.64
77.25,77.25,63.65,53.50,75.97
77.29,77.29,60.53,56.02,78.37
77.49,77.49,59.84,58.38,75.93
77.62,77.62,60.45,55.12,75.45
77.63,77.63,60.04,59.92,74.69
76.81,76.81,59.03,60.11,73.57
76.86,76.86,60.18,53.17,76.26
77.42,77.42,59.38,54.17,76.33
74.71,74.71,59.87,54.18,74.00
77.35,77.35,60.49,48.66,73.18
76.80,76.80,67.08,44.54,72.26
75.90,75.90,73.16,33.29,69.68
76.18,76.18,82.25,33.39,64.92
74.58,74.58,91.99,13.47,58.77
76.58,76.58,91.75,-0.00,57.20
77.74,77.74,89.40,-0.00,58.14
76.92,76.92,88.88,-0.00,57.60
77.00,77.00,82.00,-0.00,58.51
76.65,76.65,83.70,-0.00,59.54
76.67,76.67,82.56,-0.00,59.48
78.05,78.05,80.53,-0.00,61.75
78.31,78.31,78.18,-0.00,63.89
78.04,78.04,75.04,0.01,67.02
75.56,75.56,74.06,3.53,69.25
75.44,75.44,68.56,10.31,72.29
76.17,76.17,66.20,15.18,70.27
75.62,75.62,61.11,18.75,70.43
74.53,74.53,58.76,19.68,72.69
73.02,73.02,57.11,18.15,74.23
66.70,66.70,54.82,15.07,74.12
69.18,69.18,62.62,11.39,73.80
74.96,74.96,70.11,6.21,73.54
78.93,78.93,72.15,6.44,74.46
77.90,77.90,74.80,10.01,75.57
77.31,77.31,74.14,7.81,77.49
77.25,77.25,71.96,11.64,77.89
76.78,76.78,68.80,16.35,78.30
78.57,78.57,67.86,17.19,77.12
78.77,78.77,66.88,12.12,77.44
76.30,76.30,68.96,13.70,76.12
73.04,73.04,68.88,20.31,75.97
68.86,68.86,66.86,42.58,76.35
69.12,69.12,65.00,46.55,74.94
66.56,66.56,65.48,53.66,73.40
65.00,65.00,70.53,58.04,73.15
68.05,68.05,87.71,58.23,64.17
71.86,71.86,90.03,71.20,59.57
78.39,78.39,88.67,77.45,58.42
79.15,79.15,89.56,79.23,55.69
77.55,77.55,82.35,75.00,53.51
77.14,77.14,81.10,71.80,53.60
78.68,78.68,80.95,79.51,56.89
78.24,78.24,79.31,81.44,59.75
77.35,77.35,78.92,83.51,61.87
78.46,78.46,70.93,85.98,63.69
77.80,77.80,60.47,83.77,65.66
78.61,78.61,55.47,83.24,68.22
77.99,77.99,56.29,76.82,68.91
78.44,78.44,49.20,62.53,68.92
76.35,76.35,46.74,56.00,67.88
73.11,73.11,44.32,52.20,69.01
67.92,67.92,47.80,47.82,70.10
62.66,62.66,50.05,48.35,69.56
63.80,63.80,55.87,49.74,68.04
66.57,66.57,68.43,62.95,68.56
76.41,76.41,71.40,67.41,70.84
76.44,76.44,72.38,85.94,71.92
76.55,76.55,71.06,85.33,69.61
77.48,77.48,69.93,85.78,68.33
77.10,77.10,70.55,86.53,65.52
75.93,75.93,70.04,83.76,66.14
76.39,76.39,69.62,86.31,66.77
75.24,75.24,68.48,85.46,66.92
74.88,74.88,69.25,86.93,65.03
74.87,74.87,67.31,85.91,65.16
76.39,76.39,67.04,81.43,65.24
76.14,76.14,67.76,65.37,65.35
76.19,76.19,74.99,52.97,62.42
74.57,74.57,89.77,60.86,54.66
73.96,73.96,91.37,67.04,53.27
75.81,75.81,89.13,66.45,54.26
74.99,74.99,86.55,71.90,52.71
75.11,75.11,87.38,73.13,56.62
75.88,75.88,81.62,74.70,58.60
75.82,75.82,78.40,75.23,61.14
76.41,76.41,77.99,75.74,62.40
74.73,74.73,77.02,80.81,62.78
73.96,73.96,77.80,83.29,63.68
77.16,77.16,71.41,83.48,63.45
77.47,77.47,66.01,83.87,66.35
76.38,76.38,56.38,83.12,66.50
76.62,76.62,54.26,72.06,67.73
76.09,76.09,51.91,58.50,66.46
74.33,74.33,53.61,54.19,65.10
74.38,74.38,64.60,47.67,66.69
73.67,73.67,75.36,42.94,71.02
72.31,72.31,60.61,61.40,72.97
76.11,76.11,64.12,74.25,76.84
77.38,77.38,63.20,78.68,68.79
77.49,77.49,63.02,73.38,65.93
77.14,77.14,61.19,85.44,65.97
76.23,76.23,59.61,84.09,66.47
78.72,78.72,59.17,82.99,66.46
78.46,78.46,56.98,85.90,69.09
74.95,74.95,51.71,84.28,70.21
81.12,81.12,50.85,83.58,69.95
74.38,74.38,50.82,85.08,67.46
75.97,75.97,56.02,83.27,66.46
76.00,76.00,63.40,86.90,64.87
68.57,68.57,65.96,83.53,66.75
68.01,68.01,83.40,82.98,63.41
67.61,67.61,91.83,67.78,51.64
71.81,71.81,89.79,72.76,51.90
75.77,75.77,88.57,73.83,54.90
78.81,78.81,87.81,71.48,56.63
79.61,79.61,84.04,79.94,57.47
79.03,79.03,79.61,81.28,58.42
79.26,79.26,73.84,77.78,61.19
78.07,78.07,72.81,78.43,59.85
77.67,77.67,71.21,81.55,62.26
79.63,79.63,70.15,84.58,62.42
79.43,79.43,69.43,84.78,64.76
78.72,78.72,65.68,90.11,66.88
79.30,79.30,66.24,87.43,66.97
79.32,79.32,66.45,87.77,68.82
77.73,77.73,65.20,89.43,70.56
78.06,78.06,65.24,84.35,70.64
76.99,76.99,65.03,87.78,69.46
77.89,77.89,67.62,83.87,71.61
78.58,78.58,67.28,79.48,70.31
79.16,79.16,66.11,86.90,71.46
78.34,78.34,62.93,81.37,71.09
78.75,78.75,59.80,73.68,68.61
76.43,76.43,56.88,85.43,69.28
73.07,73.07,57.95,70.60,70.58
73.62,73.62,58.55,72.84,70.49
72.79,72.79,55.29,81.02,70.25
73.11,73.11,52.57,78.70,71.34
70.98,70.98,50.94,79.34,72.17
68.61,68.61,49.55,82.15,71.72
64.65,64.65,53.88,72.08,70.30
62.12,62.12,64.85,79.43,69.70
59.48,59.48,69.46,71.24,67.85
65.14,65.14,86.04,74.29,62.85
67.98,67.98,91.91,68.47,56.42
75.81,75.81,91.13,67.62,59.61
76.73,76.73,89.46,70.64,56.68
77.17,77.17,87.90,67.59,59.61
78.05,78.05,85.35,67.35,59.09
78.62,78.62,84.10,63.87,61.61
76.58,76.58,74.84,60.25,64.63
76.74,76.74,74.40,65.20,66.60
75.62,75.62,74.89,70.44,68.15
78.52,78.52,67.07,74.22,66.04
78.31,78.31,62.61,69.66,70.41
78.54,78.54,62.27,79.83,68.70
78.06,78.06,49.77,70.43,70.40
76.15,76.15,50.12,79.24,68.87
76.37,76.37,51.71,72.16,70.69
76.79,76.79,55.35,75.95,69.69
77.79,77.79,57.74,76.38,69.62
78.92,78.92,65.98,69.48,69.84
78.40,78.40,65.94,77.31,72.54
78.47,78.47,61.65,71.78,72.24
79.02,79.02,56.97,76.20,73.10
78.32,78.32,53.52,69.29,74.74
77.42,77.42,49.03,74.64,75.75
75.92,75.92,47.85,77.29,75.10
76.76,76.76,50.06,69.22,74.66
77.07,77.07,51.81,76.29,75.45
77.00,77.00,52.26,74.17,74.70
77.03,77.03,51.64,73.26,74.44
76.97,76.97,50.66,71.48,72.59
76.14,76.14,57.69,66.61,74.58
75.33,75.33,67.83,63.29,71.22
73.87,73.87,70.39,49.73,70.76
70.86,70.86,90.29,38.24,64.05
68.93,68.93,90.74,28.18,61.36
71.88,71.88,90.64,18.92,61.07
73.04,73.04,90.83,3.39,59.97
72.46,72.46,83.68,0.01,60.11
73.39,73.39,86.59,3.25,62.53
73.34,73.34,81.94,4.80,63.89
73.16,73.16,76.18,1.37,64.72
73.90,73.90,75.95,-0.00,64.53
74.33,74.33,77.11,-0.00,67.56
74.49,74.49,73.17,-0.00,68.44
74.10,74.10,70.89,-0.00,68.04
71.76,71.76,72.89,-0.00,68.30
72.97,72.97,68.81,-0.00,70.24
73.42,73.42,57.39,-0.00,72.10
71.26,71.26,48.10,6.94,73.07
72.83,72.83,49.73,18.13,74.09
73.63,73.63,53.13,23.62,73.51
71.78,71.78,64.99,25.55,74.22
72.19,72.19,66.95,28.56,72.11
71.07,71.07,62.67,29.88,74.47
70.86,70.86,57.47,27.54,73.62
68.36,68.36,48.32,36.77,72.21
70.64,70.64,41.93,37.24,74.64
77.12,77.12,41.24,37.34,74.38
76.35,76.35,44.65,51.42,73.96
71.90,71.90,48.10,58.25,73.53
68.12,68.12,51.83,61.10,74.48
70.13,70.13,49.46,66.27,73.69
67.88,67.88,49.02,67.14,73.23
68.39,68.39,62.83,67.00,72.26
69.28,69.28,71.48,58.27,65.49
66.12,66.12,73.61,45.44,59.55
61.95,61.95,92.02,31.77,56.44
63.67,63.67,91.94,9.25,56.76
59.66,59.66,90.66,0.04,59.10
54.54,54.54,87.84,0.01,59.39
53.64,53.64,85.81,0.95,59.06
53.57,53.57,82.95,14.27,61.64
57.51,57.51,83.20,17.92,63.29
58.71,58.71,77.31,17.24,64.32
61.98,61.98,77.88,10.37,64.01
60.91,60.91,78.96,4.77,66.95
57.42,57.42,65.39,0.25,68.74
57.20,57.20,64.22,0.71,69.21
61.57,61.57,72.78,5.77,71.47
53.57,53.57,68.20,14.27,70.10
57.86,57.86,60.06,28.85,73.31
57.77,57.77,60.16,53.53,72.08
51.68,51.68,52.33,62.57,72.45
53.46,53.46,62.02,70.83,72.58
58.76,58.76,61.02,85.60,70.57
56.15,56.15,65.59,87.06,70.34
55.42,55.42,67.48,85.85,72.07
57.04,57.04,63.52,87.88,73.42
55.97,55.97,56.62,84.14,73.85
54.82,54.82,50.03,85.38,72.75
57.35,57.35,43.48,86.09,72.90
57.88,57.88,40.78,84.00,73.90
54.27,54.27,43.56,82.89,72.45
52.23,52.23,50.83,81.97,72.74
52.16,52.16,49.32,85.69,72.85
52.14,52.14,55.23,83.33,74.20
46.69,46.69,67.97,63.76,71.80
36.86,36.86,66.24,57.79,69.05
27.16,27.16,80.78,61.22,63.80
12.37,12.37,91.99,59.21,55.78
10.73,10.73,91.57,67.80,60.18
17.52,17.52,88.81,69.29,61.00
25.18,25.18,89.92,72.74,65.04
29.99,29.99,82.80,74.68,68.67
30.45,30.45,81.57,80.98,68.89
37.66,37.66,74.95,78.97,69.37
44.97,44.97,71.16,80.38,68.74
43.34,43.34,70.48,84.85,68.32
45.86,45.86,68.67,85.12,70.86
40.56,40.56,67.61,86.72,69.64
42.77,42.77,66.84,87.06,70.82
46.27,46.27,65.83,86.96,72.89
47.71,47.71,64.92,86.36,72.64
49.10,49.10,63.54,78.74,73.97
52.22,52.22,62.72,71.87,72.29
62.23,62.23,62.36,62.56,73.91
63.34,63.34,62.31,60.40,76.41
69.49,69.49,63.76,60.79,75.44
77.63,77.63,69.77,60.04,73.72
76.75,76.75,67.33,58.02,77.01
76.27,76.27,64.51,61.38,78.25
75.59,75.59,60.69,59.10,75.26
76.50,76.50,59.78,57.38,75.17
74.30,74.30,57.26,59.51,75.84
76.22,76.22,54.75,59.67,74.26
76.20,76.20,51.22,57.77,77.25
76.46,76.46,51.84,53.97,75.28
74.50,74.50,51.20,56.93,73.59
74.63,74.63,56.02,57.59,72.88
71.73,71.73,67.75,54.86,72.29
73.08,73.08,72.34,41.17,70.98
71.47,71.47,86.89,40.99,62.54
70.65,70.65,92.21,17.70,57.19
71.04,71.04,91.48,3.13,56.67
67.20,67.20,90.50,-0.00,56.90
74.31,74.31,85.87,0.10,57.48
77.35,77.35,84.15,0.62,57.53
76.34,76.34,83.41,0.91,58.35
76.18,76.18,80.25,0.29,58.55
75.46,75.46,79.92,10.73,59.98
75.35,75.35,73.44,24.09,64.22
76.76,76.76,74.12,31.77,65.57
76.25,76.25,68.74,37.42,68.06
75.76,75.76,67.41,41.18,68.89
75.33,75.33,61.13,42.72,69.85
76.97,76.97,56.41,41.86,70.27
76.16,76.16,54.91,39.29,72.92
74.72,74.72,56.04,34.39,72.89
73.94,73.94,59.50,36.46,73.13
74.69,74.69,61.74,43.81,74.31
76.01,76.01,69.63,44.34,73.98
76.92,76.92,73.04,37.54,72.98
79.58,79.58,73.51,36.61,77.30
78.59,78.59,73.84,40.96,76.60
77.94,77.94,71.63,42.23,76.77
78.13,78.13,70.88,39.28,77.91
78.14,78.14,67.79,29.06,77.46
78.03,78.03,67.34,19.36,75.74
76.51,76.51,67.86,27.85,75.69
76.69,76.69,66.40,39.00,76.17
76.26,76.26,63.04,44.00,74.73
75.20,75.20,61.85,44.69,72.29
74.24,74.24,67.91,54.89,71.38
71.34,71.34,71.02,51.47,71.33
67.31,67.31,91.19,56.92,60.86
64.33,64.33,91.51,68.29,53.93
71.04,71.04,90.02,71.31,53.65
77.72,77.72,88.83,73.50,55.50
78.14,78.14,85.09,73.71,54.39
80.86,80.86,84.16,80.32,55.54
79.87,79.87,77.45,81.79,54.33
77.80,77.80,76.42,79.29,54.46
77.53,77.53,75.69,78.28,56.83
77.13,77.13,73.76,82.39,59.17
76.91,76.91,74.50,85.82,62.10
77.19,77.19,69.05,86.04,63.00
76.84,76.84,65.08,71.23,66.70
77.84,77.84,58.00,61.50,69.22
75.61,75.61,53.94,61.17,70.35
72.50,72.50,51.99,58.46,69.54
71.43,71.43,51.01,50.50,69.71
71.40,71.40,50.54,48.73,69.51
72.70,72.70,60.98,60.72,71.10
70.75,70.75,65.77,64.34,71.15
73.82,73.82,71.55,80.27,73.03
74.41,74.41,72.66,84.63,72.49
71.46,71.46,71.43,86.63,71.51
72.08,72.08,71.03,86.39,70.07
75.52,75.52,70.04,87.22,71.22
74.59,74.59,68.62,87.38,70.62
76.56,76.56,68.37,85.14,70.47
75.71,75.71,67.44,87.99,70.82
77.23,77.23,66.34,86.69,69.92
78.03,78.03,65.79,87.21,72.15
74.57,74.57,66.48,76.91,70.53
71.07,71.07,70.28,53.99,68.46
70.96,70.96,78.01,54.88,63.97
65.69,65.69,91.52,61.77,57.99
69.68,69.68,91.57,65.83,55.28
74.98,74.98,89.92,69.54,56.47
74.86,74.86,85.48,70.94,53.35
74.61,74.61,82.73,71.01,53.86
74.42,74.42,81.46,75.23,52.54
75.36,75.36,83.02,80.01,56.83
76.12,76.12,76.25,80.20,56.96
76.25,76.25,72.20,82.20,60.46
76.75,76.75,58.02,83.74,62.94
76.72,76.72,58.16,85.59,61.84
76.08,76.08,54.69,85.34,63.14
76.73,76.73,54.65,83.13,64.33
78.14,78.14,52.03,67.83,63.59
79.17,79.17,54.75,51.71,66.37
77.86,77.86,64.74,45.32,63.05
78.26,78.26,80.89,46.36,60.44
74.90,74.90,82.95,47.14,63.10
74.36,74.36,79.84,66.77,72.01
76.74,76.74,76.37,79.83,71.60
78.43,78.43,64.34,77.66,62.45
77.75,77.75,58.94,76.17,62.19
77.35,77.35,55.67,86.89,63.23
77.63,77.63,52.51,86.16,64.83
77.14,77.14,50.45,87.55,67.01
77.50,77.50,50.28,84.74,68.25
75.79,75.79,50.94,83.81,66.38
78.45,78.45,51.16,87.88,67.92
78.12,78.12,50.32,84.05,66.86
76.36,76.36,53.09,87.06,66.70
77.47,77.47,64.26,86.27,64.81
76.98,76.98,74.85,84.23,60.13
74.91,74.91,83.23,80.24,55.66
71.68,71.68,92.50,72.52,50.49
77.43,77.43,90.55,72.08,57.52
77.52,77.52,87.80,70.82,58.59
78.08,78.08,87.99,65.59,61.86
78.31,78.31,83.27,73.48,64.24
77.52,77.52,83.77,78.12,67.65
78.01,78.01,80.30,82.00,70.05
77.40,77.40,75.90,84.70,68.98
78.21,78.21,70.94,83.24,69.06
77.77,77.77,68.30,84.92,68.33
77.58,77.58,65.99,83.83,69.43
78.64,78.64,65.92,86.71,70.10
78.74,78.74,64.61,86.96,68.73
76.67,76.67,64.35,85.40,71.38
76.34,76.34,63.68,86.12,71.02
67.45,67.45,62.47,83.83,69.65
67.44,67.44,65.00,85.08,69.04
69.07,69.07,69.23,88.34,70.26
68.79,68.79,68.38,85.93,70.36
68.44,68.44,64.28,86.17,71.74
72.37,72.37,62.14,87.28,70.74
72.30,72.30,60.95,84.96,70.14
69.78,69.78,59.33,88.12,70.28
65.15,65.15,58.88,85.89,71.12
65.51,65.51,59.40,78.86,72.06
60.12,60.12,58.60,71.49,72.34
56.04,56.04,58.71,65.96,75.74
55.65,55.65,58.51,57.16,76.74
52.77,52.77,57.42,51.79,77.76
58.35,58.35,58.74,51.07,77.02
54.53,54.53,69.54,38.46,73.11
53.51,53.51,72.59,42.65,67.24
62.37,62.37,88.92,33.06,59.26
65.76,65.76,91.35,10.50,53.05
72.51,72.51,90.64,1.30,55.08
78.41,78.41,91.46,9.86,53.65
77.03,77.03,84.62,12.92,52.19
77.49,77.49,85.17,6.04,53.99
76.77,76.77,82.58,17.14,56.04
76.94,76.94,80.14,15.75,57.66
75.07,75.07,79.78,5.43,57.27
77.42,77.42,74.17,18.78,63.08
77.56,77.56,73.53,27.10,64.07
77.34,77.34,65.56,33.33,65.86
78.87,78.87,64.09,37.87,69.38
78.36,78.36,55.87,39.49,70.06
77.32,77.32,53.65,38.79,68.63
77.57,77.57,52.49,37.08,69.72
77.91,77.91,51.74,35.85,69.33
77.08,77.08,56.49,31.11,70.10
77.84,77.84,58.32,27.60,70.02
77.56,77.56,62.83,28.76,71.99
78.51,78.51,69.12,28.71,72.84
78.25,78.25,64.18,30.33,71.67
77.58,77.58,61.08,35.80,72.79
77.49,77.49,56.07,34.79,73.99
77.71,77.71,52.17,29.37,74.51
77.31,77.31,49.85,40.10,73.93
76.51,76.51,47.69,41.26,73.56
77.28,77.28,46.72,33.12,73.33
78.60,78.60,46.68,34.34,72.60
78.37,78.37,50.35,40.56,72.62
77.97,77.97,59.32,32.71,73.99
78.90,78.90,66.11,30.24,71.55
76.52,76.52,74.09,18.51,68.08
74.51,74.51,91.88,1.85,58.81
76.79,76.79,92.18,3.34,56.55
79.03,79.03,90.24,0.06,56.34
78.10,78.10,87.82,-0.00,56.23
76.83,76.83,86.61,0.00,54.68
76.16,76.16,83.24,1.79,55.42
75.01,75.01,81.64,2.81,55.40
76.67,76.67,81.74,2.30,57.38
75.10,75.10,75.57,3.97,59.66
76.76,76.76,76.09,8.94,63.27
77.42,77.42,69.06,10.07,64.72
75.30,75.30,68.10,3.42,66.63
74.40,74.40,63.07,7.14,68.17
73.96,73.96,59.03,14.51,67.52
73.86,73.86,53.21,12.56,67.46
74.48,74.48,47.53,3.95,70.07
75.56,75.56,51.89,10.17,70.29
76.12,76.12,55.30,18.80,73.29
75.73,75.73,58.80,23.58,72.09
76.25,76.25,67.32,19.04,70.84
76.88,76.88,66.22,16.67,70.88
77.42,77.42,64.02,13.60,71.76
76.75,76.75,58.38,18.11,71.79
76.47,76.47,55.66,19.35,71.25
76.74,76.74,50.59,21.31,71.65
73.96,73.96,48.69,17.90,73.71
71.51,71.51,45.31,8.68,73.02
71.45,71.45,46.63,20.91,72.09
73.42,73.42,49.35,25.48,71.40
67.49,67.49,58.30,40.17,68.69
67.68,67.68,67.64,46.50,68.44
65.93,65.93,73.98,58.73,64.45
67.26,67.26,91.18,52.47,57.84
62.01,62.01,90.99,58.25,56.50
64.37,64.37,90.81,69.48,56.12
64.87,64.87,90.29,72.19,52.60
66.00,66.00,88.01,63.60,54.55
65.20,65.20,84.35,69.98,58.66
63.21,63.21,81.46,79.28,58.97
66.27,66.27,81.55,81.20,62.34
65.48,65.48,73.94,81.07,65.79
65.50,65.50,72.33,81.76,67.03
65.55,65.55,72.03,84.63,66.54
64.49,64.49,67.42,86.18,67.62
61.93,61.93,65.58,86.27,67.28
63.84,63.84,53.77,85.70,71.92
64.69,64.69,44.84,85.72,73.45
61.76,61.76,41.31,85.12,71.18
63.86,63.86,44.72,85.16,70.93
62.67,62.67,49.52,77.21,71.61
60.20,60.20,59.93,64.08,74.21
62.97,62.97,67.50,58.01,73.58
63.42,63.42,64.39,52.07,72.93
62.82,62.82,59.31,52.76,74.12
63.09,63.09,52.37,52.26,74.93
61.58,61.58,48.40,51.55,73.22
62.00,62.00,44.39,49.54,71.85
62.03,62.03,41.84,47.89,73.68
62.56,62.56,43.12,46.83,74.99
60.67,60.67,44.86,42.56,75.00
58.56,58.56,51.37,39.78,73.25
55.84,55.84,47.34,42.45,73.42
53.31,53.31,52.72,43.34,73.96
50.16,50.16,63.75,50.70,72.28
45.12,45.12,69.86,58.64,72.09
44.27,44.27,84.03,57.99,66.34
43.37,43.37,92.42,66.40,54.31
46.26,46.26,90.86,70.85,54.57
50.32,50.32,88.44,69.49,53.81
53.78,53.78,87.44,64.91,56.85
53.18,53.18,84.56,74.77,61.67
51.86,51.86,83.46,81.31,60.50
53.19,53.19,76.30,81.70,63.46
49.43,49.43,73.07,81.93,65.61
50.94,50.94,68.93,83.14,67.25
54.48,54.48,67.90,84.95,69.03
54.97,54.97,67.48,87.89,70.43
51.86,51.86,66.32,85.86,71.93
47.65,47.65,64.17,79.22,72.01
48.16,48.16,63.12,65.05,73.28
48.68,48.68,63.23,51.86,73.43
53.58,53.58,62.66,45.96,74.35
53.26,53.26,64.55,43.06,75.29
52.65,52.65,66.94,37.85,73.77
51.24,51.24,68.84,33.45,74.29
50.48,50.48,66.18,27.12,73.39
50.70,50.70,61.62,32.00,74.87
49.38,49.38,55.87,33.25,74.29
48.40,48.40,48.90,33.06,74.22
54.27,54.27,44.95,31.83,72.03
49.15,49.15,44.29,30.16,71.81
37.33,37.33,45.04,27.79,73.04
41.67,41.67,45.71,24.70,74.06
43.00,43.00,51.45,21.43,72.36
47.38,47.38,47.22,14.87,74.19
45.54,45.54,54.30,3.78,71.43
31.68,31.68,65.81,1.00,69.60
21.18,21.18,69.02,-0.00,67.70
6.57,6.57,90.85,-0.00,60.10
15.64,15.64,91.59,-0.00,54.68
28.78,28.78,90.82,0.05,53.68
32.79,32.79,91.19,4.12,55.11
41.56,41.56,84.61,3.97,58.35
38.36,38.36,85.24,3.57,61.67
34.84,34.84,81.10,7.54,63.34
33.33,33.33,83.11,11.06,63.55
30.45,30.45,80.01,10.78,64.07
33.36,33.36,75.98,8.44,66.48
30.98,30.98,75.64,15.02,65.65
28.99,28.99,70.08,24.75,68.56
27.30,27.30,66.28,30.83,68.98
27.15,27.15,59.49,34.94,70.02
25.36,25.36,60.78,37.01,71.51
32.76,32.76,54.74,35.97,71.02
19.72,19.72,49.20,32.07,70.46
8.73,8.73,54.02,23.67,70.75
13.03,13.03,71.20,25.16,70.01
11.00,11.00,71.51,25.28,69.99
15.01,15.01,72.24,28.53,69.24
17.51,17.51,72.28,32.35,70.60
24.20,24.20,70.34,34.66,71.95
20.43,20.43,70.06,35.14,71.73
18.24,18.24,67.57,36.20,70.17
22.66,22.66,66.96,35.28,70.57
28.39,28.39,67.19,29.82,72.85
28.21,28.21,66.45,24.10,70.56
23.64,23.64,64.28,17.15,71.16
23.50,23.50,63.76,21.83,69.74
24.28,24.28,64.14,39.34,69.64
18.06,18.06,65.99,43.82,66.89
9.69,9.69,73.02,53.53,60.99
8.56,8.56,92.93,57.67,57.82
14.81,14.81,91.98,59.72,50.46
21.94,21.94,90.90,66.73,52.25
26.38,26.38,85.33,65.71,58.52
29.61,29.61,79.25,67.10,58.18
26.64,26.64,73.78,61.75,57.79
24.28,24.28,76.27,75.38,60.87
22.74,22.74,79.78,77.05,62.26
23.46,23.46,78.16,79.46,62.82
26.59,26.59,80.59,83.86,65.74
27.52,27.52,77.25,81.81,67.52
28.65,28.65,77.90,82.05,70.26
24.83,24.83,70.59,65.19,70.68
28.09,28.09,57.35,46.30,70.21
30.65,30.65,52.33,40.55,68.81
31.92,31.92,52.26,42.22,71.23
32.00,32.00,58.19,39.56,70.87
31.40,31.40,69.18,51.09,70.62
30.19,30.19,70.50,56.91,70.86
32.08,32.08,70.45,79.78,72.84
36.52,36.52,72.68,85.96,72.42
40.86,40.86,73.12,87.73,72.38
42.37,42.37,72.35,85.45,71.49
42.50,42.50,71.23,84.29,71.86
41.50,41.50,70.18,85.38,71.31
43.43,43.43,68.99,87.51,71.89
41.37,41.37,68.86,86.27,71.07
43.08,43.08,68.73,85.67,71.29
42.62,42.62,67.39,74.47,69.44
46.30,46.30,65.55,59.63,69.48
48.69,48.69,65.47,55.40,69.16
50.73,50.73,69.44,47.13,67.46
68.64,68.64,79.14,56.04,63.34
69.47,69.47,90.63,60.80,54.63
63.91,63.91,90.25,64.25,54.45
66.83,66.83,88.58,68.22,54.54
69.14,69.14,88.82,69.19,54.75
70.73,70.73,82.09,63.31,57.74
69.03,69.03,81.97,74.09,58.73
70.58,70.58,75.67,76.70,60.46
66.67,66.67,74.17,78.33,60.94
66.42,66.42,76.92,81.11,59.35
62.34,62.34,74.55,84.02,61.51
59.52,59.52,73.15,87.66,61.52
56.83,56.83,64.52,86.22,66.02
56.77,56.77,52.10,85.03,67.03
56.99,56.99,51.54,84.88,69.07
53.77,53.77,51.89,76.97,63.38
56.19,56.19,58.36,46.62,63.76
59.44,59.44,68.25,49.29,59.97
61.59,61.59,91.03,54.80,52.46
69.94,69.94,88.43,66.88,56.58
70.85,70.85,89.80,64.03,56.72
72.25,72.25,86.47,64.87,57.64
70.96,70.96,86.11,78.84,60.94
72.21,72.21,79.74,81.26,61.95
68.88,68.88,79.63,85.07,60.24
68.90,68.90,74.61,85.08,59.37
71.06,71.06,72.82,85.76,63.80
67.46,67.46,70.02,88.13,66.05
61.05,61.05,62.41,86.36,65.78
59.86,59.86,62.31,88.09,63.18
60.29,60.29,55.99,85.78,58.75
54.86,54.86,68.97,84.31,61.52
54.06,54.06,64.04,61.66,66.68
59.77,59.77,83.33,49.48,53.37
61.66,61.66,91.99,53.95,49.09
70.03,70.03,91.28,45.78,55.46
72.94,72.94,90.37,45.84,58.79
72.84,72.84,85.99,56.35,61.35
72.35,72.35,84.14,68.85,63.57
72.39,72.39,82.85,72.68,69.34
74.85,74.85,80.55,72.36,68.48
73.65,73.65,82.84,72.83,67.32
78.56,78.56,76.25,62.54,64.88
73.61,73.61,75.95,71.53,61.85
73.60,73.60,69.94,75.95,64.86
71.92,71.92,65.04,75.20,65.18
72.30,72.30,52.37,76.21,67.23
73.47,73.47,48.07,79.10,68.05
72.90,72.90,43.86,77.76,71.49
74.36,74.36,42.84,73.11,71.74
75.76,75.76,40.16,72.07,71.43
73.15,73.15,38.63,73.59,70.14
72.31,72.31,37.24,77.36,70.48
72.57,72.57,36.23,78.06,66.09
71.23,71.23,36.06,78.72,67.03
72.93,72.93,36.57,79.57,64.26
72.32,72.32,37.16,75.83,63.67
68.31,68.31,39.29,72.55,60.96
69.79,69.79,36.91,75.88,64.89
70.05,70.05,33.60,76.59,61.89
69.71,69.71,32.15,77.02,66.50
65.42,65.42,29.95,77.61,64.40
63.90,63.90,36.44,77.15,62.52
66.72,66.72,54.24,77.29,65.66
62.13,62.13,64.12,74.11,63.04
62.65,62.65,70.22,71.84,60.16
62.06,62.06,91.00,66.94,55.18
61.18,61.18,91.55,58.03,53.45
67.24,67.24,90.63,49.30,58.45
72.43,72.43,90.26,49.22,57.29
70.07,70.07,85.21,54.02,60.39
71.56,71.56,84.41,54.27,63.22
67.69,67.69,80.11,57.69,62.55
71.27,71.27,80.61,59.48,62.96
68.97,68.97,75.92,61.30,61.34
68.43,68.43,73.94,61.21,60.68
73.44,73.44,68.15,66.74,62.60
69.35,69.35,64.58,70.24,63.12
67.38,67.38,60.75,71.00,62.74
71.21,71.21,47.43,70.50,64.08
71.68,71.68,47.03,70.08,63.72
70.83,70.83,45.97,69.82,62.80
73.27,73.27,38.78,68.77,63.59
69.20,69.20,39.08,70.94,62.48
70.71,70.71,39.66,72.44,64.91
75.52,75.52,45.01,72.33,62.99
73.39,73.39,48.61,70.71,63.54
73.11,73.11,48.39,70.84,64.23
72.75,72.75,43.17,71.29,65.95
73.40,73.40,39.54,70.98,69.15
71.77,71.77,33.45,71.42,68.75
72.41,72.41,28.90,71.98,64.52
71.79,71.79,29.32,72.06,63.57
71.06,71.06,28.47,69.76,65.24
66.96,66.96,29.27,70.25,62.51
71.57,71.57,48.63,70.80,63.43
70.14,70.14,56.90,69.62,60.82
67.62,67.62,69.17,66.71,60.92
66.83,66.83,77.17,57.00,58.07
64.96,64.96,92.50,43.87,51.55
68.13,68.13,90.82,28.37,47.85
71.43,71.43,92.17,26.54,56.63
76.48,76.48,87.78,32.16,56.49
75.92,75.92,85.81,41.46,61.74
76.20,76.20,81.06,47.62,61.75
76.68,76.68,82.71,48.41,61.92
76.42,76.42,77.59,45.62,58.87
75.57,75.57,75.90,47.13,60.25
75.74,75.74,73.09,53.38,62.73
75.23,75.23,66.43,56.58,65.50
77.53,77.53,65.06,57.24,64.60
74.74,74.74,59.00,57.82,66.58
73.94,73.94,55.67,55.43,65.54
75.44,75.44,38.97,53.67,67.33
75.00,75.00,42.46,58.18,67.87
74.95,74.95,45.08,63.92,68.22
75.14,75.14,47.56,65.93,69.85
74.66,74.66,44.25,65.50,68.89
74.01,74.01,38.10,66.25,68.00
73.36,73.36,37.01,64.10,67.93
73.55,73.55,37.21,59.43,68.84
70.86,70.86,41.82,60.34,68.87
71.68,71.68,39.23,62.96,67.98
69.25,69.25,39.26,63.66,69.60
69.54,69.54,34.48,61.54,68.84
69.15,69.15,35.69,59.39,66.99
68.03,68.03,35.58,58.86,68.58
67.13,67.13,39.06,59.37,68.04
66.25,66.25,46.74,60.95,68.06
59.77,59.77,60.21,59.73,65.81
56.28,56.28,66.80,50.21,58.17
57.59,57.59,77.00,37.93,50.79
56.41,56.41,92.31,24.86,46.41
61.89,61.89,91.98,7.28,50.89
65.95,65.95,89.63,0.02,50.97
69.69,69.69,89.44,1.40,55.18
70.41,70.41,81.77,5.26,57.09
70.25,70.25,83.87,11.56,59.11
71.71,71.71,81.47,14.30,56.70
71.28,71.28,79.22,13.76,56.30
71.33,71.33,76.66,19.38,58.29
71.03,71.03,71.79,30.54,57.42
71.70,71.70,71.18,35.84,59.35
73.31,73.31,64.08,36.54,66.07
68.75,68.75,62.92,35.74,64.78
66.89,66.89,56.17,25.19,67.86
68.51,68.51,48.97,32.30,69.69
66.86,66.86,43.84,35.16,67.75
67.48,67.48,42.56,37.54,70.61
67.36,67.36,37.22,37.22,71.16
65.72,65.72,36.81,37.72,72.77
65.68,65.68,36.77,38.30,80.66
64.25,64.25,41.35,39.43,88.49
64.64,64.64,29.84,47.05,84.61
65.71,65.71,37.41,49.38,78.66
65.18,65.18,29.22,42.05,69.28
62.87,62.87,28.74,55.45,70.36
61.43,61.43,28.67,61.19,71.16
63.85,63.85,25.63,62.00,74.91
66.81,66.81,17.30,56.75,71.37
64.71,64.71,42.60,60.63,73.76
60.32,60.32,58.71,56.58,70.32
58.59,58.59,68.98,45.61,66.08
52.99,52.99,71.30,45.24,59.09
52.34,52.34,87.18,29.87,49.55
50.75,50.75,91.57,20.32,44.98
56.83,56.83,91.33,36.19,49.27
61.22,61.22,91.51,52.85,59.42
64.52,64.52,84.06,58.45,66.37
65.66,65.66,85.82,60.27,70.66
66.10,66.10,81.43,61.93,71.96
65.36,65.36,78.20,56.66,69.74
65.93,65.93,77.32,63.71,64.43
66.24,66.24,71.09,69.28,63.90
65.49,65.49,72.57,64.19,64.49
68.83,68.83,68.45,70.40,65.09
68.54,68.54,65.68,76.32,64.80
65.74,65.74,51.52,72.84,65.34
66.66,66.66,49.87,75.15,69.96
66.32,66.32,45.66,74.72,66.99
65.50,65.50,41.14,72.88,70.20
65.28,65.28,35.63,73.46,68.38
64.17,64.17,34.53,75.47,70.88
62.00,62.00,33.14,73.38,69.52
64.09,64.09,28.06,74.22,71.32
64.64,64.64,28.03,76.44,66.64
59.99,59.99,26.40,75.77,69.34
58.26,58.26,25.86,76.25,68.72
61.35,61.35,25.98,74.92,67.11
64.56,64.56,26.17,74.29,66.34
61.24,61.24,20.17,74.99,68.79
59.67,59.67,20.15,74.84,70.85
56.15,56.15,21.22,75.54,70.18
50.47,50.47,30.84,73.30,69.68
60.00,60.00,53.34,72.88,68.13
61.23,61.23,65.08,68.30,66.46
62.40,62.40,74.08,58.03,63.61
70.98,70.98,91.06,61.43,56.14
72.10,72.10,92.52,48.01,52.32
79.16,79.16,90.91,34.66,51.54
80.20,80.20,87.81,38.13,45.45
80.54,80.54,86.57,49.49,43.88
80.80,80.80,83.13,53.14,51.15
80.55,80.55,81.18,56.03,54.02
80.96,80.96,81.61,60.36,56.93
81.43,81.43,76.17,62.28,56.05
82.78,82.78,75.44,65.06,60.18
82.49,82.49,69.77,65.67,56.69
82.52,82.52,70.65,66.28,60.02
81.45,81.45,64.35,68.36,64.75
81.76,81.76,56.95,66.71,58.20
80.89,80.89,42.61,68.13,63.37
80.83,80.83,46.67,71.66,61.37
79.92,79.92,43.04,69.82,62.92
79.09,79.09,39.98,69.73,64.70
78.54,78.54,37.21,69.46,65.92
78.39,78.39,40.08,67.14,63.65
76.41,76.41,45.28,66.41,62.27
77.20,77.20,52.88,67.39,61.88
77.07,77.07,54.82,65.40,63.21
77.07,77.07,55.95,66.10,60.65
78.14,78.14,51.42,68.68,61.66
76.19,76.19,46.94,68.10,62.83
76.50,76.50,38.71,65.54,62.06
73.78,73.78,33.90,65.04,64.71
75.03,75.03,32.11,66.35,63.85
73.01,73.01,44.84,65.49,63.26
72.86,72.86,57.42,62.98,63.81
69.65,69.65,65.70,62.84,57.51
70.22,70.22,78.27,54.96,54.50
70.30,70.30,91.76,40.26,47.61
76.09,76.09,91.11,36.30,52.28
77.73,77.73,91.38,25.09,53.84
79.55,79.55,88.19,38.08,54.15
80.27,80.27,84.63,40.15,52.66
79.23,79.23,81.46,33.35,54.24
78.77,78.77,83.38,46.38,56.38
78.69,78.69,80.43,39.76,54.78
78.98,78.98,81.96,37.00,54.09
79.40,79.40,78.11,48.94,56.61
80.93,80.93,74.75,50.16,57.39
80.94,80.94,70.62,53.33,62.19
81.81,81.81,65.46,55.25,58.65
80.05,80.05,65.69,58.46,64.04
79.96,79.96,58.98,57.27,61.03
80.20,80.20,54.73,58.32,64.87
78.69,78.69,44.70,58.47,61.22
79.31,79.31,38.42,57.87,63.35
77.79,77.79,43.84,61.03,64.08
77.08,77.08,42.48,61.04,67.53
77.38,77.38,38.90,63.97,65.92
76.71,76.71,42.79,64.37,65.80
75.92,75.92,41.15,64.31,65.12
73.90,73.90,36.90,65.05,66.90
70.82,70.82,34.14,65.22,64.20
71.53,71.53,35.98,66.46,67.58
72.04,72.04,35.18,64.63,64.88
73.55,73.55,35.00,64.79,61.58
71.76,71.76,34.46,66.60,64.01
70.04,70.04,46.34,63.15,62.42
68.31,68.31,56.81,60.48,60.61
68.05,68.05,60.92,55.52,58.87
68.76,68.76,83.85,44.96,56.12
72.09,72.09,91.70,40.49,50.56
72.84,72.84,91.81,24.64,49.94
73.70,73.70,89.84,33.17,54.42
74.03,74.03,87.99,38.71,52.77
75.95,75.95,82.50,40.58,58.03
74.83,74.83,83.91,47.61,58.68
76.00,76.00,78.57,51.53,55.94
74.18,74.18,78.46,47.58,59.23
74.49,74.49,73.29,35.44,56.09
74.25,74.25,72.06,48.48,59.65
78.37,78.37,68.19,51.25,61.14
76.48,76.48,60.55,48.73,62.06
75.73,75.73,59.18,48.49,60.59
75.35,75.35,56.48,50.66,61.66
76.09,76.09,57.35,46.77,61.84
71.49,71.49,70.62,38.48,57.33
70.51,70.51,89.64,38.96,54.13
70.86,70.86,87.09,49.44,54.34
75.02,75.02,88.71,61.47,60.33
76.63,76.63,84.15,61.02,61.72
77.84,77.84,83.91,67.49,58.51
77.81,77.81,76.10,72.33,58.79
77.51,77.51,79.21,71.44,60.78
77.42,77.42,74.64,69.60,58.04
75.71,75.71,73.21,71.99,57.65
77.17,77.17,67.92,75.99,62.98
74.66,74.66,60.85,75.70,60.12
74.12,74.12,64.52,74.56,61.02
72.62,72.62,57.51,75.04,60.72
69.52,69.52,57.32,76.32,60.69
68.29,68.29,67.84,74.50,60.24
67.37,67.37,67.37,73.12,57.57
67.89,67.89,89.01,62.71,52.76
72.23,72.23,91.14,57.45,50.81
74.30,74.30,90.77,50.05,53.25
73.96,73.96,91.27,65.56,59.04
76.69,76.69,84.51,70.54,57.05
78.37,78.37,84.31,72.91,62.57
75.31,75.31,80.11,72.08,62.76
76.84,76.84,80.37,64.41,64.39
75.31,75.31,76.77,66.96,65.19
77.18,77.18,71.43,72.17,62.98
76.24,76.24,71.05,74.85,69.91
74.68,74.68,64.44,76.17,63.87
73.42,73.42,61.32,77.53,65.46
73.77,73.77,48.72,78.12,68.32
75.46,75.46,50.64,74.64,66.89
75.01,75.01,44.81,70.68,65.82
72.75,72.75,37.14,73.19,67.24
72.07,72.07,28.72,74.13,63.15
72.15,72.15,24.20,78.39,65.05
75.10,75.10,29.59,78.67,64.74
77.17,77.17,29.28,79.23,67.02
77.32,77.32,33.66,77.76,67.67
76.53,76.53,31.86,74.31,67.53
76.31,76.31,26.49,74.85,67.80
75.51,75.51,25.23,74.18,66.18
76.55,76.55,25.48,76.96,67.54
73.48,73.48,25.76,78.06,66.72
73.11,73.11,28.08,77.34,64.96
74.01,74.01,30.29,75.48,65.50
71.66,71.66,38.04,76.06,63.74
71.21,71.21,57.18,74.24,63.94
64.20,64.20,67.38,72.94,62.29
62.00,62.00,74.95,69.64,56.25
64.82,64.82,91.91,61.33,47.67
68.53,68.53,92.11,54.10,49.61
74.54,74.54,90.77,44.69,52.35
77.39,77.39,87.20,50.57,57.02
76.50,76.50,87.22,50.06,57.36
77.17,77.17,80.91,54.45,56.42
75.00,75.00,83.20,59.69,60.81
76.91,76.91,80.75,61.22,62.40
75.91,75.91,75.80,62.96,60.50
78.00,78.00,75.68,64.75,61.03
74.54,74.54,69.60,66.25,61.26
76.99,76.99,68.25,69.61,62.92
76.14,76.14,61.87,70.67,66.98
74.72,74.72,58.75,68.72,58.84
74.78,74.78,46.51,69.47,63.96
74.13,74.13,38.75,68.39,64.53
70.45,70.45,34.68,71.16,60.61
68.76,68.76,33.15,70.58,62.10
72.78,72.78,31.51,72.31,59.98
75.12,75.12,36.14,72.92,60.65
75.80,75.80,27.84,70.91,62.53
76.38,76.38,25.06,70.04,64.93
77.07,77.07,29.63,71.18,67.56
76.74,76.74,26.28,72.01,65.54
74.57,74.57,17.83,72.69,66.75
73.03,73.03,20.98,71.17,65.40
72.87,72.87,21.24,71.99,65.07
69.85,69.85,18.13,71.24,62.81
71.19,71.19,27.13,68.73,64.15
67.85,67.85,49.97,72.14,64.87
64.28,64.28,58.26,71.73,65.88
57.50,57.50,67.80,69.46,62.39
64.99,64.99,79.01,61.39,57.88
65.09,65.09,91.36,52.77,47.93
74.18,74.18,91.84,46.37,54.60
78.17,78.17,89.69,49.64,55.61
80.00,80.00,89.46,55.17,57.52
77.81,77.81,82.42,56.81,56.55
77.99,77.99,83.25,56.93,54.84
75.75,75.75,82.70,53.18,56.77
77.59,77.59,77.93,53.08,57.18
75.90,75.90,77.98,54.02,60.25
78.34,78.34,72.54,59.73,61.33
77.75,77.75,71.52,61.63,63.63
76.76,76.76,65.47,63.87,61.50
79.13,79.13,61.31,59.69,64.14
79.05,79.05,56.84,57.58,66.18
76.59,76.59,42.02,61.94,66.54
75.48,75.48,40.28,63.80,64.01
75.11,75.11,45.24,68.98,66.29
73.36,73.36,43.63,69.53,64.77
75.52,75.52,36.51,67.73,67.00
75.64,75.64,25.31,66.78,68.96
76.80,76.80,24.58,64.09,70.29
74.21,74.21,28.32,65.07,70.34
70.53,70.53,33.39,65.45,67.96
72.44,72.44,26.88,64.79,68.49
71.60,71.60,26.62,68.18,67.24
71.21,71.21,20.35,64.27,67.53
69.30,69.30,22.35,63.78,67.83
71.23,71.23,22.02,65.69,69.20
68.59,68.59,29.96,66.21,67.10
64.31,64.31,47.94,68.09,65.76
61.51,61.51,60.47,60.37,59.73
55.66,55.66,54.87,45.88,47.25
57.38,57.38,83.67,37.51,46.14
59.36,59.36,92.09,31.89,42.05
64.93,64.93,91.56,18.99,47.21
68.68,68.68,90.53,28.76,47.94
74.80,74.80,85.32,31.77,52.19
69.89,69.89,84.23,40.13,53.20
72.47,72.47,83.27,47.78,52.64
71.82,71.82,80.38,52.51,55.96
73.86,73.86,83.35,54.46,57.15
71.79,71.79,77.72,50.85,58.07
73.00,73.00,77.20,53.80,57.00
73.44,73.44,73.78,46.26,60.12
73.59,73.59,68.27,50.93,65.56
74.64,74.64,67.11,48.64,68.37
71.73,71.73,60.50,47.96,67.86
68.96,68.96,59.91,38.58,68.13
70.27,70.27,50.12,43.33,67.02
68.70,68.70,40.84,44.68,71.53
65.64,65.64,44.52,44.47,73.26
67.18,67.18,57.64,44.90,72.48
70.54,70.54,56.22,48.57,83.94
67.67,67.67,49.96,62.06,87.41
66.40,66.40,40.87,70.44,82.38
65.36,65.36,44.39,67.96,73.84
65.98,65.98,38.40,56.27,70.74
64.28,64.28,34.28,50.95,72.06
63.38,63.38,32.18,65.41,70.00
62.98,62.98,40.67,70.50,71.86
63.52,63.52,45.18,71.11,71.18
61.51,61.51,45.53,70.36,72.23
56.73,56.73,62.26,62.81,71.98
51.61,51.61,69.99,58.53,65.94
47.49,47.49,70.07,56.95,58.35
53.37,53.37,91.53,44.25,46.16
54.93,54.93,91.59,44.56,42.13
61.94,61.94,90.96,45.07,50.07
66.75,66.75,90.02,52.78,59.32
70.55,70.55,84.97,66.26,65.39
66.11,66.11,84.83,65.73,69.41
69.39,69.39,79.54,67.29,68.40
69.54,69.54,79.25,59.81,67.00
69.83,69.83,74.96,68.17,61.72
68.31,68.31,73.33,69.64,66.06
69.44,69.44,69.58,66.18,63.05
69.14,69.14,66.85,72.58,65.41
70.37,70.37,61.62,75.69,67.62
70.34,70.34,47.94,72.60,68.01
67.51,67.51,41.87,75.49,71.78
65.92,65.92,43.58,74.52,71.37
66.02,66.02,32.89,73.71,72.46
64.37,64.37,29.27,74.21,71.98
61.38,61.38,33.42,76.16,73.59
61.37,61.37,30.60,73.46,73.43
64.74,64.74,26.21,73.45,71.10
62.80,62.80,24.05,77.69,70.10
59.82,59.82,27.33,76.31,69.81
58.87,58.87,27.90,75.07,67.48
61.90,61.90,18.23,74.88,69.50
60.92,60.92,21.86,75.23,69.13
57.75,57.75,25.20,74.67,70.81
53.02,53.02,25.46,76.22,68.92
54.06,54.06,23.50,74.92,70.41
53.40,53.40,40.07,73.29,70.39
58.52,58.52,57.72,74.18,67.67
56.36,56.36,67.68,66.54,65.03
64.95,64.95,78.11,61.79,60.81
65.93,65.93,91.82,57.14,49.85
72.92,72.92,90.24,51.50,52.59
81.34,81.34,91.91,45.00,51.64
82.23,82.23,87.61,49.44,51.10
81.60,81.60,85.73,55.06,52.42
81.35,81.35,80.65,55.50,52.53
80.51,80.51,83.95,58.93,52.53
81.73,81.73,80.52,60.75,54.64
81.30,81.30,79.52,63.57,59.89
81.59,81.59,76.82,64.29,62.64
82.00,82.00,71.00,64.81,61.98
81.39,81.39,71.41,67.08,64.43
82.30,82.30,64.80,66.24,64.74
82.54,82.54,61.79,66.04,65.88
82.77,82.77,47.19,70.32,67.18
81.14,81.14,41.36,70.40,69.00
80.58,80.58,41.20,70.29,69.44
80.27,80.27,32.19,70.83,70.48
80.69,80.69,31.54,69.03,70.18
80.00,80.00,31.41,66.95,72.49
78.31,78.31,29.93,66.50,72.17
78.05,78.05,33.00,66.99,76.34
74.67,74.67,37.70,61.99,74.12
76.30,76.30,39.64,66.27,72.07
75.92,75.92,41.30,66.92,73.12
74.04,74.04,42.78,67.13,69.61
71.96,71.96,42.51,64.00,68.54
72.73,72.73,40.83,65.06,72.71
73.53,73.53,41.04,67.39,68.26
70.10,70.10,52.47,64.28,69.74
68.20,68.20,62.38,64.27,68.69
65.27,65.27,68.29,59.40,58.77
66.62,66.62,81.88,50.81,54.86
66.86,66.86,92.46,40.42,46.24
74.04,74.04,91.88,30.75,49.96
78.91,78.91,89.55,32.16,51.19
79.61,79.61,89.17,39.82,52.38
81.40,81.40,81.96,42.82,55.78
82.44,82.44,84.05,44.65,57.45
81.82,81.82,81.54,50.12,55.65
82.51,82.51,78.66,51.82,56.99
82.57,82.57,76.94,52.33,58.71
82.40,82.40,72.47,48.76,62.73
80.46,80.46,71.83,47.95,66.35
81.20,81.20,63.79,52.55,66.55
81.35,81.35,60.29,55.21,68.92
81.43,81.43,58.48,50.72,66.51
81.98,81.98,53.78,55.12,66.86
81.60,81.60,44.75,54.82,67.59
82.00,82.00,41.47,58.72,69.66
83.44,83.44,33.33,55.43,71.04
82.04,82.04,32.73,57.00,70.62
80.13,80.13,38.88,57.97,71.06
81.64,81.64,32.96,54.57,71.76
80.06,80.06,32.90,55.85,71.15
79.81,79.81,37.32,54.32,71.39
77.47,77.47,40.71,56.60,68.31
73.61,73.61,38.16,52.02,71.81
71.62,71.62,36.14,54.36,70.87
69.51,69.51,32.68,54.92,71.10
63.93,63.93,28.18,58.53,70.88
68.61,68.61,33.28,57.13,71.41
70.74,70.74,48.53,55.44,71.10
67.73,67.73,59.87,50.13,71.32
64.13,64.13,65.09,43.38,68.41
63.30,63.30,87.74,37.85,65.00
66.46,66.46,91.57,20.13,58.72
69.78,69.78,91.24,9.12,55.48
72.00,72.00,91.89,14.01,54.42
73.50,73.50,84.04,30.00,57.64
69.76,69.76,85.41,39.63,59.87
73.04,73.04,82.19,48.18,59.16
71.02,71.02,81.11,51.89,59.25
73.08,73.08,81.68,48.51,57.04
70.58,70.58,76.08,37.12,61.50
73.62,73.62,75.80,49.66,60.52
73.70,73.70,69.40,52.86,63.83
73.25,73.25,68.70,50.03,63.72
71.80,71.80,62.74,49.44,63.96
71.74,71.74,60.20,51.58,66.90
70.71,70.71,60.52,51.09,65.94
72.22,72.22,62.37,55.03,65.20
72.64,72.64,81.59,57.67,60.73
70.63,70.63,83.37,63.83,59.97
69.89,69.89,85.00,76.64,61.03
70.54,70.54,73.61,68.72,62.66
69.21,69.21,72.59,74.53,64.43
65.74,65.74,75.83,77.57,66.44
65.04,65.04,71.39,76.32,65.97
59.24,59.24,70.12,74.58,63.35
57.49,57.49,62.98,76.89,66.65
56.70,56.70,57.42,79.86,66.11
54.47,54.47,60.80,76.91,65.06
52.69,52.69,53.53,75.74,64.01
51.17,51.17,48.74,76.52,65.62
46.72,46.72,59.34,76.78,64.86
46.69,46.69,66.13,73.98,60.69
54.02,54.02,72.61,70.30,58.88
68.52,68.52,91.53,59.73,51.25
75.69,75.69,92.45,48.11,51.22
80.36,80.36,90.54,50.11,54.18
80.95,80.95,87.99,51.45,52.03
81.06,81.06,86.88,55.04,54.25
80.05,80.05,83.37,74.25,56.83
80.56,80.56,80.38,77.19,60.66
79.64,79.64,83.21,74.55,61.22
80.57,80.57,78.61,71.81,68.16
79.34,79.34,77.98,68.10,65.96
77.82,77.82,71.24,74.51,64.82
77.87,77.87,71.87,75.27,70.82
75.45,75.45,67.13,75.57,69.28
73.41,73.41,60.18,77.71,65.76
75.03,75.03,51.94,79.28,70.91
79.79,79.79,44.27,75.43,68.06
79.31,79.31,44.07,70.47,68.67
77.43,77.43,38.06,72.65,69.67
75.39,75.39,29.29,75.09,68.24
76.11,76.11,28.17,76.68,63.99
74.71,74.71,31.19,78.42,69.24
72.35,72.35,30.84,79.65,66.57
72.01,72.01,24.53,78.63,68.09
73.29,73.29,25.03,74.12,69.79
73.89,73.89,25.10,74.13,68.47
75.69,75.69,24.57,75.03,67.17
72.55,72.55,27.63,76.60,66.67
78.40,78.40,29.75,77.88,68.23
76.63,76.63,34.83,77.62,65.78
76.26,76.26,46.00,77.82,66.43
75.84,75.84,60.75,74.81,67.21
74.81,74.81,69.63,73.10,63.59
74.93,74.93,77.57,70.43,56.31
69.82,69.82,91.66,63.85,48.46
68.15,68.15,91.32,52.18,48.35
71.93,71.93,91.72,43.71,50.14
73.49,73.49,88.27,52.48,52.17
75.18,75.18,84.91,54.51,53.87
75.21,75.21,81.40,55.46,60.07
75.72,75.72,82.46,59.82,58.78
76.33,76.33,76.47,62.12,56.08
76.42,76.42,76.89,60.40,63.65
75.25,75.25,71.91,64.52,60.58
73.43,73.43,66.71,68.51,62.43
72.71,72.71,63.11,70.40,66.01
70.98,70.98,56.98,71.42,64.66
71.78,71.78,49.85,70.91,66.37
71.70,71.70,40.63,70.37,66.72
71.24,71.24,37.34,68.21,66.84
72.18,72.18,34.41,68.34,63.27
70.97,70.97,28.05,72.90,63.58
68.20,68.20,28.79,72.70,65.89
74.03,74.03,25.14,72.48,67.51
76.49,76.49,22.80,71.55,63.64
78.52,78.52,33.26,69.19,65.24
79.96,79.96,31.35,72.32,67.58
78.35,78.35,23.13,70.89,65.48
78.25,78.25,25.71,72.15,67.12
78.60,78.60,17.63,72.47,63.97
78.23,78.23,21.54,69.08,65.30
76.58,76.58,17.69,69.77,65.89
76.37,76.37,26.45,71.26,67.24
76.52,76.52,51.87,71.66,65.25
77.55,77.55,62.75,69.81,65.40
73.48,73.48,70.32,66.79,60.12
65.80,65.80,83.12,59.32,54.91
64.28,64.28,92.33,52.45,49.46
66.16,66.16,91.90,40.59,51.26
67.73,67.73,90.12,34.33,51.04
70.65,70.65,87.95,47.88,51.46
67.93,67.93,82.48,54.89,49.06
69.94,69.94,83.62,57.06,54.29
70.92,70.92,78.82,53.90,58.95
78.92,78.92,78.80,50.77,60.27
79.32,79.32,73.58,57.25,61.37
77.42,77.42,70.07,60.15,59.59
78.01,78.01,68.07,61.17,65.07
77.26,77.26,61.08,61.95,66.73
77.48,77.48,59.15,60.99,68.05
77.37,77.37,49.79,57.32,66.44
79.26,79.26,31.23,62.44,68.90
78.79,78.79,36.11,64.17,69.71
78.37,78.37,30.25,67.13,69.12
77.94,77.94,37.83,68.80,68.67
77.08,77.08,34.70,68.19,66.81
76.49,76.49,30.05,69.27,68.94
76.59,76.59,30.69,66.75,71.28
75.83,75.83,30.18,62.25,66.07
76.15,76.15,27.53,65.59,70.36
75.07,75.07,28.78,65.29,69.35
75.70,75.70,37.17,67.12,65.78
74.44,74.44,31.79,67.26,71.50
73.61,73.61,32.92,64.62,70.55
72.85,72.85,32.89,63.94,68.72
73.17,73.17,43.66,62.43,69.02
70.68,70.68,57.26,67.49,69.67
69.50,69.50,64.25,64.50,63.68
65.38,65.38,65.31,50.12,53.05
63.59,63.59,89.25,42.49,49.85
58.37,58.37,91.29,39.14,51.08
60.44,60.44,90.93,32.39,52.17
63.98,63.98,91.58,39.46,51.84
64.37,64.37,84.16,43.51,51.49
65.39,65.39,85.14,32.96,52.88
65.31,65.31,80.79,42.94,53.11
66.42,66.42,82.19,50.37,60.10
69.34,69.34,78.95,54.06,55.23
68.54,68.54,74.57,52.28,60.68
65.99,65.99,72.37,50.09,58.49
66.36,66.36,67.01,49.44,59.07
67.71,67.71,65.75,46.62,68.38
66.99,66.99,58.18,47.93,71.19
66.81,66.81,55.78,48.86,69.69
68.05,68.05,46.33,46.01,69.10
66.92,66.92,46.34,48.53,68.54
65.39,65.39,44.53,47.30,72.16
64.62,64.62,50.15,52.46,73.56
64.43,64.43,63.70,63.22,71.46
66.97,66.97,75.12,71.35,80.79
66.34,66.34,70.95,76.25,83.08
66.07,66.07,59.79,76.86,76.41
65.53,65.53,49.86,71.37,70.98
65.76,65.76,35.55,57.57,70.60
68.22,68.22,30.15,57.45,70.78
71.21,71.21,31.35,64.71,72.09
73.23,73.23,38.20,67.02,71.29
73.75,73.75,41.83,65.91,69.13
75.23,75.23,47.83,66.56,73.27
73.60,73.60,65.42,62.29,71.42
73.75,73.75,70.23,59.57,65.87
70.92,70.92,71.13,57.65,59.20
71.39,71.39,92.23,49.36,49.55
76.52,76.52,91.92,48.67,48.96
78.03,78.03,91.01,40.95,51.30
81.29,81.29,87.55,57.21,55.93
80.21,80.21,86.31,65.03,66.34
80.66,80.66,81.05,68.12,68.45
80.53,80.53,82.97,66.81,67.96
77.65,77.65,77.84,60.61,62.13
78.15,78.15,74.18,69.14,65.48
77.32,77.32,73.93,69.42,65.30
76.07,76.07,66.98,66.57,62.98
75.41,75.41,67.64,72.74,67.39
74.42,74.42,58.87,76.98,67.21
70.40,70.40,48.81,72.42,67.37
67.75,67.75,37.37,74.77,70.75
68.82,68.82,38.32,75.13,71.51
71.88,71.88,39.00,72.39,73.98
77.22,77.22,36.89,74.41,71.12
76.62,76.62,30.30,76.16,71.03
77.20,77.20,30.64,72.28,72.66
75.83,75.83,26.71,74.40,71.16
77.02,77.02,24.62,78.45,70.61
74.84,74.84,20.67,74.58,69.26
72.54,72.54,26.90,75.32,67.38
72.27,72.27,37.19,75.59,70.05
74.12,74.12,42.02,73.38,67.95
79.89,79.89,37.74,74.69,68.87
77.57,77.57,28.25,76.34,67.67
75.77,75.77,34.32,74.18,67.09
79.20,79.20,49.26,73.81,66.85
78.53,78.53,59.47,73.00,66.95
79.19,79.19,68.87,66.72,63.09
78.55,78.55,83.28,62.62,62.77
76.77,76.77,90.93,60.23,58.34
74.97,74.97,91.64,47.66,53.53
74.89,74.89,89.57,48.67,53.25
72.47,72.47,89.83,53.79,55.05
73.03,73.03,82.81,56.05,53.33
75.40,75.40,82.64,55.67,56.66
74.49,74.49,82.88,57.62,57.70
76.49,76.49,78.25,60.17,60.44
77.94,77.94,77.48,63.58,63.20
76.38,76.38,72.17,65.04,65.60
75.89,75.89,70.55,66.55,67.53
73.82,73.82,65.06,66.46,68.35
70.25,70.25,63.39,67.18,69.16
63.78,63.78,55.35,67.66,70.98
68.91,68.91,38.86,69.69,70.96
70.95,70.95,34.90,70.11,72.16
72.72,72.72,39.05,70.73,71.66
72.92,72.92,33.48,70.20,71.55
73.36,73.36,38.72,67.97,71.41
72.18,72.18,28.42,68.54,70.00
77.27,77.27,23.68,66.40,74.28
81.35,81.35,17.96,68.73,77.39
80.76,80.76,19.95,62.92,75.93
80.03,80.03,19.68,65.31,78.22
78.62,78.62,22.73,68.37,78.06
78.67,78.67,26.95,65.58,74.97
79.31,79.31,21.59,64.79,75.00
77.90,77.90,21.95,66.40,73.48
78.87,78.87,33.90,67.12,73.28
78.33,78.33,50.95,64.02,72.14
79.26,79.26,62.73,64.31,71.57
78.71,78.71,66.03,58.61,66.76
77.29,77.29,86.06,51.10,61.42
75.25,75.25,91.82,43.89,49.66
74.66,74.66,91.35,31.63,51.82
75.17,75.17,90.31,36.09,52.18
75.57,75.57,85.22,45.22,52.10
74.28,74.28,84.69,44.14,51.72
75.42,75.42,83.18,45.62,61.00
77.94,77.94,80.45,52.46,59.42
78.15,78.15,83.19,40.23,58.31
73.27,73.27,78.52,48.32,61.23
73.68,73.68,77.97,54.17,66.52
72.42,72.42,73.21,52.55,68.67
72.62,72.62,68.38,58.15,71.92
71.97,71.97,66.29,58.73,72.69
72.54,72.54,60.83,58.60,72.13
67.30,67.30,58.67,62.84,69.52
68.93,68.93,47.53,59.06,71.53
66.34,66.34,36.86,59.24,67.41
64.10,64.10,34.93,59.40,74.78
64.86,64.86,27.80,61.22,74.41
63.09,63.09,23.35,62.38,72.42
66.01,66.01,23.98,63.33,73.76
65.96,65.96,24.22,64.39,69.69
69.47,69.47,21.33,64.22,68.92
70.93,70.93,18.66,65.64,70.61
70.83,70.83,16.43,65.39,70.62
71.47,71.47,14.38,66.09,72.31
70.65,70.65,15.30,65.27,73.91
71.20,71.20,25.69,64.28,72.00
70.25,70.25,40.30,66.13,71.21
69.80,69.80,51.39,62.45,67.63
69.43,69.43,61.01,58.56,67.40
65.08,65.08,67.12,54.05,62.80
67.47,67.47,91.33,45.12,58.01
67.34,67.34,91.69,35.98,52.65
72.35,72.35,90.85,31.49,53.86
79.52,79.52,89.87,35.85,51.96
78.51,78.51,84.82,34.00,55.19
78.07,78.07,84.48,40.20,56.54
76.67,76.67,80.15,40.87,57.16
77.02,77.02,80.32,44.51,60.12
75.86,75.86,75.64,41.29,59.93
76.62,76.62,73.66,36.98,58.11
77.23,77.23,68.49,42.30,59.91
74.60,74.60,66.00,41.97,64.55
74.95,74.95,63.48,46.30,65.28
78.38,78.38,55.48,45.42,63.82
79.15,79.15,52.68,48.20,64.42
78.61,78.61,59.31,49.00,65.47
78.96,78.96,74.74,52.56,63.52
79.38,79.38,85.06,51.73,59.90
79.97,79.97,82.35,65.37,59.68
77.54,77.54,82.75,73.33,63.16
77.86,77.86,80.48,65.37,65.38
74.44,74.44,75.37,73.76,61.29
76.91,76.91,73.79,76.46,66.29
77.23,77.23,70.97,74.08,66.11
76.56,76.56,71.03,73.87,65.01
76.27,76.27,66.06,77.26,67.21
74.34,74.34,57.22,78.49,67.57
76.42,76.42,57.37,75.35,66.84
77.99,77.99,51.24,75.57,65.70
74.42,74.42,52.82,76.06,66.09
74.02,74.02,66.55,75.75,66.89
73.19,73.19,65.10,74.00,62.50
72.91,72.91,75.70,71.54,60.49
71.69,71.69,92.15,60.89,53.25
71.99,71.99,90.77,47.66,53.35
74.38,74.38,91.99,48.65,55.23
75.35,75.35,88.05,55.21,56.05
76.17,76.17,85.77,61.68,58.66
77.10,77.10,80.91,74.99,60.13
76.15,76.15,82.03,76.95,63.60
77.47,77.47,77.35,75.49,63.33
75.93,75.93,76.15,69.33,68.95
76.04,76.04,72.99,72.53,67.15
75.51,75.51,64.25,74.24,67.63
74.86,74.86,65.18,77.09,72.94
77.72,77.72,57.50,77.74,69.29
77.65,77.65,48.65,77.80,71.11
76.96,76.96,43.10,79.27,73.61
78.81,78.81,45.22,74.75,70.91
76.83,76.83,48.40,71.23,73.25
77.34,77.34,55.16,72.12,74.10
76.20,76.20,55.83,74.93,72.31
77.59,77.59,48.89,78.83,69.43
73.59,73.59,38.28,78.23,68.34
70.94,70.94,31.27,78.23,68.21
72.32,72.32,31.67,78.55,70.01
70.32,70.32,29.65,74.40,70.32
71.56,71.56,27.95,74.36,71.44
69.87,69.87,26.34,75.46,70.15
69.90,69.90,24.98,77.07,70.14
73.27,73.27,21.02,77.96,71.33
73.67,73.67,31.53,77.02,68.78
72.80,72.80,47.67,76.01,69.64
69.52,69.52,62.24,76.11,70.10
70.05,70.05,67.62,72.10,66.65
69.77,69.77,82.36,67.60,60.53
68.82,68.82,92.22,61.39,53.82
74.02,74.02,91.58,49.60,50.21
75.53,75.53,89.57,38.00,52.63
77.32,77.32,88.88,48.73,57.04
76.67,76.67,81.79,54.18,54.29
77.38,77.38,83.78,53.60,57.04
77.13,77.13,81.96,59.46,60.29
76.52,76.52,79.11,60.97,58.45
74.54,74.54,77.48,61.53,62.76
74.04,74.04,72.44,62.12,64.54
75.38,75.38,70.04,66.88,62.65
75.60,75.60,60.05,70.05,65.69
78.10,78.10,59.69,71.30,66.17
76.42,76.42,54.59,69.82,65.45
78.29,78.29,45.15,68.87,68.26
79.65,79.65,37.80,69.03,69.20
80.79,80.79,34.12,68.91,66.20
79.76,79.76,37.14,70.81,68.68
78.63,78.63,37.32,72.70,69.09
76.45,76.45,33.76,73.24,69.83
76.73,76.73,32.43,70.87,66.11
78.26,78.26,31.80,68.78,67.09
78.53,78.53,34.39,71.68,70.64
77.19,77.19,33.58,71.60,69.76
76.65,76.65,27.62,72.25,70.22
78.88,78.88,26.55,71.17,69.01
79.69,79.69,30.51,72.06,66.84
79.69,79.69,27.61,70.45,68.69
79.28,79.28,35.58,68.87,67.98
80.07,80.07,51.84,72.46,69.19
77.95,77.95,62.80,69.79,68.45
77.91,77.91,70.38,65.02,62.42
75.58,75.58,86.97,50.83,57.53
75.88,75.88,91.47,48.19,55.54
78.17,78.17,90.82,41.40,55.38
79.03,79.03,91.50,42.55,56.77
80.32,80.32,83.93,46.24,56.81
79.79,79.79,85.47,50.29,56.64
80.26,80.26,82.23,50.77,60.71
80.16,80.16,80.80,51.36,59.72
79.86,79.86,79.82,41.83,59.38
79.98,79.98,73.64,50.91,63.62
81.15,81.15,73.32,56.56,64.33
75.73,75.73,68.65,59.27,66.60
74.71,74.71,65.77,59.36,66.04
74.42,74.42,57.94,58.24,68.54
74.14,74.14,54.63,56.02,68.96
75.22,75.22,45.44,60.14,69.57
76.98,76.98,42.34,62.94,70.30
75.16,75.16,42.42,67.01,70.88
75.32,75.32,43.28,69.29,68.88
76.21,76.21,39.02,67.16,70.67
73.93,73.93,36.14,67.71,70.40
72.78,72.78,35.52,66.19,71.68
73.88,73.88,32.30,64.70,70.17
72.48,72.48,31.30,65.09,70.33
72.65,72.65,30.09,64.61,71.04
74.01,74.01,28.92,67.77,67.23
74.50,74.50,27.41,65.33,70.28
74.77,74.77,25.41,62.72,72.15
76.63,76.63,30.00,65.65,69.51
76.56,76.56,45.56,64.02,69.65
73.38,73.38,54.40,65.79,67.22
71.63,71.63,65.73,62.37,62.62
70.67,70.67,64.52,48.27,55.50
70.40,70.40,91.62,38.30,56.34
74.75,74.75,92.61,39.04,54.99
75.55,75.55,90.91,35.59,54.05
76.00,76.00,88.11,37.41,55.36
77.83,77.83,86.61,40.45,58.60
76.23,76.23,83.38,47.52,60.21
75.55,75.55,81.39,44.05,63.53
76.65,76.65,82.72,45.95,64.58
76.97,76.97,79.84,55.55,65.40
76.53,76.53,80.22,58.92,65.01
76.32,76.32,74.00,56.35,64.93
75.87,75.87,72.88,55.36,67.14
75.96,75.96,67.98,56.31,68.49
76.61,76.61,63.26,59.84,72.74
77.57,77.57,62.74,58.91,72.71
79.43,79.43,53.00,59.07,71.69
79.90,79.90,40.86,55.36,72.28
78.64,78.64,41.02,61.13,72.81
78.76,78.76,34.03,63.72,70.32
79.99,79.99,32.90,61.58,70.63
80.76,80.76,33.59,61.86,72.32
79.60,79.60,33.35,62.98,72.75
78.98,78.98,35.75,62.12,71.42
77.57,77.57,36.04,62.79,70.34
76.24,76.24,33.36,62.84,70.09
77.81,77.81,31.70,62.37,69.29
80.43,80.43,34.80,63.19,70.31
81.95,81.95,30.26,62.90,70.09
82.91,82.91,28.46,58.62,70.41
81.27,81.27,40.57,57.97,71.29
80.99,80.99,62.04,61.84,68.28
78.63,78.63,69.22,59.00,67.02
78.98,78.98,75.74,48.81,64.26
76.16,76.16,91.59,38.56,58.44
76.44,76.44,90.86,30.76,56.76
78.15,78.15,91.26,35.16,56.51
80.29,80.29,88.26,39.32,61.35
78.59,78.59,84.85,43.08,65.56
81.14,81.14,81.42,46.15,66.60
81.41,81.41,82.03,53.13,67.32
82.02,82.02,76.20,51.49,67.16
79.24,79.24,77.00,46.59,65.91
78.64,78.64,72.37,51.94,65.12
76.04,76.04,66.84,55.16,69.12
75.69,75.69,63.40,52.22,69.41
75.12,75.12,57.91,55.77,72.32
75.32,75.32,56.56,58.62,72.47
74.79,74.79,44.32,51.69,73.24
75.19,75.19,45.02,53.62,71.71
74.42,74.42,41.44,59.94,71.37
77.32,77.32,41.99,56.59,72.62
78.32,78.32,38.68,57.48,69.60
78.94,78.94,41.03,60.12,72.00
80.23,80.23,35.49,61.13,70.48
78.99,78.99,33.55,57.28,72.45
79.76,79.76,38.49,56.10,70.14
78.40,78.40,42.97,58.38,71.16
77.75,77.75,42.17,57.49,71.89
78.52,78.52,42.59,55.18,72.63
79.38,79.38,38.71,57.21,73.28
80.50,80.50,42.12,59.49,72.94
78.95,78.95,39.36,55.93,73.37
79.10,79.10,49.27,53.61,71.01
75.32,75.32,60.61,58.07,69.58
75.69,75.69,65.10,55.58,63.80
74.80,74.80,83.92,50.47,61.18
73.25,73.25,92.19,40.95,54.04
76.43,76.43,91.16,37.31,57.37
79.20,79.20,89.44,34.07,57.78
80.48,80.48,87.61,37.46,59.19
81.27,81.27,82.39,41.33,59.33
80.98,80.98,83.63,43.28,58.51
80.87,80.87,80.86,50.47,59.87
80.72,80.72,81.91,51.03,60.78
79.33,79.33,77.74,47.14,63.32
77.69,77.69,75.00,42.14,62.89
75.75,75.75,73.49,47.37,64.26
75.85,75.85,65.45,51.27,66.26
77.00,77.00,63.70,49.76,68.46
81.68,81.68,57.87,52.51,69.36
82.01,82.01,55.99,53.94,68.12
79.43,79.43,43.34,51.80,67.43
79.42,79.42,41.09,52.84,69.14
78.86,78.86,39.90,54.73,68.56
77.70,77.70,39.79,56.18,70.24
78.59,78.59,41.22,56.90,67.48
78.15,78.15,41.09,55.57,68.82
79.82,79.82,40.62,58.34,69.76
77.41,77.41,39.79,56.50,69.44
77.42,77.42,42.06,49.63,69.26
76.41,76.41,37.92,54.42,69.12
78.09,78.09,35.87,56.62,67.64
83.20,83.20,32.54,50.54,69.46
81.77,81.77,28.86,50.32,68.81
79.49,79.49,32.63,55.91,69.18
79.39,79.39,48.70,54.43,66.08
76.87,76.87,58.87,50.85,65.53
77.49,77.49,62.92,50.03,64.75
74.45,74.45,89.24,46.29,61.68
77.49,77.49,91.17,35.29,58.24
78.85,78.85,90.73,25.49,60.49
77.29,77.29,91.17,34.12,61.11
79.93,79.93,83.97,35.56,60.36
78.82,78.82,85.16,38.20,59.49
79.26,79.26,80.79,33.27,60.71
79.88,79.88,82.19,42.37,62.30
80.53,80.53,78.96,44.39,62.52
79.65,79.65,73.76,42.77,63.41
81.22,81.22,73.44,37.12,65.90
81.18,81.18,68.16,45.31,68.66
80.72,80.72,65.07,47.04,67.97
77.25,77.25,55.82,53.53,68.18
78.93,78.93,58.06,49.32,67.90
79.53,79.53,46.68,52.05,68.51
77.41,77.41,47.29,54.96,68.92
75.05,75.05,47.02,49.81,68.61
74.07,74.07,45.32,49.78,69.86
74.56,74.56,44.16,52.78,71.25
74.78,74.78,40.16,52.75,72.12
74.32,74.32,38.80,48.25,72.38
74.09,74.09,37.84,50.60,71.71
74.24,74.24,36.07,52.84,71.85
72.15,72.15,35.42,52.29,70.39
73.17,73.17,40.64,47.09,70.28
77.34,77.34,36.53,49.60,70.85
78.31,78.31,37.64,50.59,71.61
76.30,76.30,39.34,45.36,69.50
76.91,76.91,49.68,50.30,69.72
75.03,75.03,58.97,45.98,66.96
72.29,72.29,67.92,44.89,62.12
73.99,73.99,77.75,44.78,58.76
72.58,72.58,92.35,37.24,53.76
74.18,74.18,90.52,19.68,53.05
80.48,80.48,91.17,27.57,52.91
80.02,80.02,87.48,28.74,56.09
80.22,80.22,86.10,31.96,52.42
81.63,81.63,81.53,36.56,50.73
81.69,81.69,83.18,36.44,51.37
82.21,82.21,82.15,36.52,53.73
81.13,81.13,78.89,41.00,53.40
81.44,81.44,77.86,38.94,51.11
80.52,80.52,71.48,41.24,54.47
81.97,81.97,71.37,41.24,49.88
81.31,81.31,65.27,42.44,49.31
79.95,79.95,62.68,39.23,46.54
80.39,80.39,54.99,37.80,44.95
78.79,78.79,55.28,30.07,41.29
78.62,78.62,58.16,28.34,40.43
77.00,77.00,89.75,25.17,44.00
78.13,78.13,89.93,13.38,45.72
79.91,79.91,89.01,19.89,48.80
80.63,80.63,88.27,19.33,49.62
78.63,78.63,83.00,22.56,51.00
78.75,78.75,82.77,29.43,52.05
79.08,79.08,78.55,24.22,49.55
78.47,78.47,78.52,26.56,49.07
80.49,80.49,73.66,27.58,49.79
80.70,80.70,72.21,29.45,49.44
81.40,81.40,67.99,31.77,48.41
78.58,78.58,63.02,37.34,50.06
79.74,79.74,58.11,39.80,52.19
79.74,79.74,53.43,46.62,53.27
78.58,78.58,64.40,58.29,55.06
79.69,79.69,76.24,52.90,59.91
69.86,69.86,91.32,63.95,59.58
73.08,73.08,90.67,67.08,60.17
82.39,82.39,86.64,63.18,63.86
78.35,78.35,87.15,66.37,64.72
79.65,79.65,83.56,72.72,64.02
79.41,79.41,78.82,77.23,66.25
80.27,80.27,70.74,75.49,65.33
80.57,80.57,79.64,74.62,68.79
80.75,80.75,82.29,70.19,68.72
80.55,80.55,76.59,83.20,68.06
80.69,80.69,66.65,84.93,71.53
78.16,78.16,65.87,86.91,69.67
78.86,78.86,64.99,86.35,68.93
80.35,80.35,64.33,87.49,72.85
79.57,79.57,63.28,88.70,72.21
82.33,82.33,63.18,87.43,72.81
80.41,80.41,62.97,87.98,72.70
81.33,81.33,67.84,86.14,71.79
82.37,82.37,67.15,87.69,70.97
80.73,80.73,63.97,86.13,70.18
80.61,80.61,63.01,85.50,70.07
80.08,80.08,61.40,88.43,69.73
79.62,79.62,61.19,75.19,71.51
79.84,79.84,60.57,78.94,70.63
82.05,82.05,57.92,79.68,72.17
81.86,81.86,58.22,80.10,72.44
80.26,80.26,57.21,80.68,70.70
79.03,79.03,58.05,80.60,72.50
78.34,78.34,57.28,79.86,70.86
78.44,78.44,59.06,76.57,71.47
78.99,78.99,66.42,77.98,69.73
78.62,78.62,71.06,74.29,66.38
76.33,76.33,86.14,71.30,60.04
76.98,76.98,91.77,70.97,60.35
76.48,76.48,91.85,65.55,62.90
78.84,78.84,89.54,62.34,61.78
81.94,81.94,85.52,60.95,59.25
81.30,81.30,87.99,62.13,58.95
78.86,78.86,83.03,62.07,58.13
78.26,78.26,76.20,64.15,59.81
76.37,76.37,76.41,62.41,61.25
74.67,74.67,78.49,61.90,64.53
73.47,73.47,71.32,66.70,66.88
74.30,74.30,69.71,72.48,65.85
73.59,73.59,71.20,78.39,66.55
73.59,73.59,65.75,65.86,68.85
73.11,73.11,59.97,78.78,68.31
74.77,74.77,51.62,72.95,68.75
74.93,74.93,52.64,76.01,70.65
80.44,80.44,64.96,75.47,66.29
78.18,78.18,64.34,67.41,67.59
75.97,75.97,59.68,77.78,68.81
79.66,79.66,53.93,75.34,69.98
80.20,80.20,46.29,76.65,68.20
78.50,78.50,39.39,75.69,71.33
79.24,79.24,36.19,77.27,73.14
80.41,80.41,33.68,73.44,72.84
79.16,79.16,35.42,72.87,73.26
78.52,78.52,36.56,78.96,71.82
79.20,79.20,40.30,67.28,73.17
79.61,79.61,42.52,74.63,71.97
76.07,76.07,41.62,72.80,71.96
77.66,77.66,53.68,70.92,71.53
75.98,75.98,64.78,69.27,70.79
77.92,77.92,71.60,65.25,68.14
74.94,74.94,91.58,68.38,60.88
76.61,76.61,91.69,60.83,57.96
77.83,77.83,90.78,58.54,58.23
77.75,77.75,88.71,59.02,59.36
77.00,77.00,85.05,55.77,56.98
76.76,76.76,87.00,70.28,59.27
76.05,76.05,85.44,70.08,61.18
76.54,76.54,85.93,74.21,61.02
76.34,76.34,82.99,76.43,63.14
76.88,76.88,83.58,79.62,66.50
77.57,77.57,77.21,80.41,67.78
77.07,77.07,73.85,83.45,70.76
76.82,76.82,66.39,84.99,70.00
77.39,77.39,53.42,82.39,70.59
75.99,75.99,44.95,74.49,72.06
78.27,78.27,38.74,69.53,71.39
77.28,77.28,46.83,69.96,70.85
77.46,77.46,55.83,73.68,72.12
74.43,74.43,67.19,70.24,70.30
73.80,73.80,64.12,66.89,70.79
75.24,75.24,58.57,70.63,71.50
74.37,74.37,48.59,70.54,72.70
75.64,75.64,40.28,70.06,73.59
76.17,76.17,33.15,72.94,72.11
76.74,76.74,30.73,70.52,72.98
73.63,73.63,30.56,68.73,72.27
75.01,75.01,33.86,73.01,72.05
76.35,76.35,41.91,66.43,72.46
76.58,76.58,44.80,70.76,70.18
78.42,78.42,52.40,71.65,71.90
75.63,75.63,57.97,66.04,69.34
75.96,75.96,68.40,68.60,67.56
76.45,76.45,73.36,59.86,62.32
75.44,75.44,90.92,52.04,56.93
74.12,74.12,90.35,56.55,55.27
74.60,74.60,90.29,60.59,57.03
75.71,75.71,86.78,64.14,54.84
75.59,75.59,86.14,65.68,57.17
76.66,76.66,84.83,68.14,59.17
74.97,74.97,85.15,67.23,60.51
75.82,75.82,82.10,66.50,59.21
75.19,75.19,87.41,68.04,60.75
75.13,75.13,83.03,70.60,66.16
75.93,75.93,85.85,70.46,65.48
73.23,73.23,82.71,62.32,67.15
69.14,69.14,78.22,66.08,68.77
66.28,66.28,66.52,54.77,70.89
65.78,65.78,63.90,48.65,72.45
67.58,67.58,60.34,33.78,72.65
68.38,68.38,58.42,36.09,70.46
68.33,68.33,60.30,36.60,73.56
74.80,74.80,67.38,52.66,72.45
77.88,77.88,71.05,69.68,73.27
78.87,78.87,68.35,82.81,79.13
73.60,73.60,57.00,82.03,76.15
74.22,74.22,50.26,75.36,73.56
76.51,76.51,48.82,56.34,74.08
73.96,73.96,50.35,56.16,72.13
75.26,75.26,46.22,65.42,73.65
73.87,73.87,49.75,66.16,74.21
78.08,78.08,49.39,56.48,73.77
72.86,72.86,48.27,56.44,75.72
76.21,76.21,52.54,63.46,74.35
74.06,74.06,68.72,58.13,71.05
73.58,73.58,68.29,57.60,67.63
75.31,75.31,83.07,60.02,63.87
73.45,73.45,92.11,65.70,57.21
72.22,72.22,90.76,72.68,55.17
72.19,72.19,88.91,74.70,56.71
73.04,73.04,88.01,73.38,60.08
73.24,73.24,79.53,75.90,64.15
74.54,74.54,79.05,76.26,65.82
74.94,74.94,81.18,80.63,64.50
74.94,74.94,76.92,83.36,65.42
73.82,73.82,72.23,83.45,65.25
72.68,72.68,67.64,84.64,67.56
77.04,77.04,67.22,84.21,67.58
78.50,78.50,66.02,85.19,68.97
76.96,76.96,64.76,84.97,72.93
73.98,73.98,64.01,82.77,72.44
76.59,76.59,62.34,85.09,73.05
74.63,74.63,62.21,85.80,72.36
75.96,75.96,66.83,86.42,72.92
76.32,76.32,68.00,85.49,72.92
77.58,77.58,68.22,85.04,73.02
78.54,78.54,66.89,78.44,72.13
78.56,78.56,63.66,75.51,69.40
79.95,79.95,59.55,76.10,72.56
79.22,79.22,57.86,73.85,71.10
79.34,79.34,56.99,73.34,70.23
78.45,78.45,57.22,73.76,74.90
79.04,79.04,59.86,71.09,73.72
77.93,77.93,59.07,72.78,72.57
77.90,77.90,59.88,73.86,71.90
76.44,76.44,57.13,72.15,71.22
76.86,76.86,57.87,71.84,70.43
75.86,75.86,64.06,70.19,70.81
76.01,76.01,72.12,58.20,70.01
74.91,74.91,87.77,56.54,62.19
74.27,74.27,91.25,50.19,59.33
79.71,79.71,90.99,35.68,58.75
79.17,79.17,91.46,38.09,56.96
77.32,77.32,84.32,41.14,57.08
76.35,76.35,84.97,41.27,59.10
75.07,75.07,82.55,40.01,60.46
74.86,74.86,80.76,41.99,61.66
73.98,73.98,79.39,46.38,62.30
69.20,69.20,72.91,53.45,64.34
68.61,68.61,72.78,56.00,68.20
64.96,64.96,69.06,58.26,69.40
63.92,63.92,69.15,61.49,69.55
66.80,66.80,60.72,60.58,71.23
68.49,68.49,54.97,63.61,71.87
67.86,67.86,48.67,66.74,71.57
69.92,69.92,49.78,66.35,72.69
70.76,70.76,54.11,66.30,73.47
77.01,77.01,61.69,65.07,73.10
78.01,78.01,67.08,60.11,76.41
75.78,75.78,71.79,58.88,75.00
78.33,78.33,72.70,60.05,76.41
79.59,79.59,72.46,57.24,77.51
78.97,78.97,71.43,60.76,77.95
75.81,75.81,69.41,61.35,78.07
75.07,75.07,69.86,65.15,77.05
74.56,74.56,67.83,61.85,77.10
71.45,71.45,68.36,60.58,76.07
67.71,67.71,66.09,62.71,76.20
73.13,73.13,64.72,58.48,75.93
71.38,71.38,64.16,55.41,73.64
67.97,67.97,66.71,54.77,73.19
68.49,68.49,73.11,58.02,71.46
64.64,64.64,91.68,61.98,62.51
63.30,63.30,91.60,72.28,57.26
69.66,69.66,90.42,74.67,59.16
77.65,77.65,86.95,77.12,60.16
78.28,78.28,85.34,78.52,57.13
78.47,78.47,78.30,76.59,61.04
78.43,78.43,77.89,78.61,62.00
76.27,76.27,81.69,81.92,62.79
76.66,76.66,79.05,83.41,63.35
75.72,75.72,78.31,84.85,66.97
76.39,76.39,66.93,85.48,66.09
75.80,75.80,58.92,80.04,71.70
74.28,74.28,63.52,66.27,71.78
76.02,76.02,60.01,59.91,75.04
77.45,77.45,56.91,54.98,72.96
76.44,76.44,49.62,62.96,73.58
77.01,77.01,47.61,59.66,72.46
76.46,76.46,53.56,62.10,71.84
76.35,76.35,63.92,80.26,76.43
77.78,77.78,70.01,87.86,74.20
82.32,82.32,72.82,85.92,74.48
78.33,78.33,71.96,85.98,73.65
76.24,76.24,72.03,87.46,71.57
77.11,77.11,72.11,86.09,70.97
75.42,75.42,70.28,88.20,72.51
76.79,76.79,69.70,85.40,72.94
75.00,75.00,67.97,86.77,74.32
73.87,73.87,67.56,87.76,72.17
69.08,69.08,66.13,75.28,73.18
69.12,69.12,65.70,62.16,71.63
65.52,65.52,63.99,57.94,71.85
63.14,63.14,66.99,50.46,70.87
63.60,63.60,78.83,56.38,64.59
71.63,71.63,89.84,61.22,61.03
71.85,71.85,88.80,70.18,57.06
75.46,75.46,89.38,74.68,57.42
80.80,80.80,88.75,77.53,56.35
76.73,76.73,81.86,75.44,57.68
76.77,76.77,78.17,73.31,61.53
77.23,77.23,79.69,76.37,63.09
77.41,77.41,77.79,81.69,63.07
77.45,77.45,78.03,84.65,64.59
78.17,78.17,69.94,83.61,68.25
77.48,77.48,66.11,83.48,67.74
78.35,78.35,66.04,71.80,67.98
76.94,76.94,58.16,56.19,68.86
76.73,76.73,58.31,52.19,66.32
75.79,75.79,60.00,45.33,68.09
75.46,75.46,65.02,53.92,64.68
77.85,77.85,88.27,55.87,60.68
70.45,70.45,86.65,76.87,59.41
70.52,70.52,85.91,77.71,60.87
74.90,74.90,85.20,76.84,61.93
79.42,79.42,83.76,83.29,63.63
78.42,78.42,79.04,83.82,63.44
76.52,76.52,73.53,87.31,63.21
76.26,76.26,75.08,85.23,67.34
77.78,77.78,74.13,86.62,67.92
74.44,74.44,74.34,87.02,71.03
73.46,73.46,67.63,86.21,68.10
74.89,74.89,67.57,83.66,73.20
75.43,75.43,73.04,70.99,72.08
73.69,73.69,74.16,62.29,71.76
63.84,63.84,73.64,63.84,70.51
61.56,61.56,71.69,55.02,66.38
62.17,62.17,86.82,59.09,60.82
58.56,58.56,92.41,61.19,54.90
62.76,62.76,91.06,71.81,57.79
74.93,74.93,86.60,74.43,64.42
77.54,77.54,87.42,73.46,66.68
79.09,79.09,86.92,79.03,67.32
80.38,80.38,87.49,79.37,68.12
78.34,78.34,83.08,79.78,68.72
78.09,78.09,84.49,83.82,68.59
80.83,80.83,76.70,75.55,68.88
81.51,81.51,74.03,84.56,70.78
79.74,79.74,72.36,79.24,72.06
78.65,78.65,67.89,84.18,69.91
77.74,77.74,66.55,85.12,72.83
78.58,78.58,66.80,78.95,70.89
77.43,77.43,67.33,82.45,72.47
78.37,78.37,67.56,75.69,74.22
78.58,78.58,67.75,83.98,71.15
78.67,78.67,65.91,72.97,71.14
74.44,74.44,67.20,82.68,71.22
74.59,74.59,68.92,80.26,70.11
75.11,75.11,68.26,79.98,71.98
72.50,72.50,65.05,76.22,73.42
75.04,75.04,63.89,74.98,71.16
73.34,73.34,63.07,81.91,72.18
72.72,72.72,61.31,78.64,71.67
68.98,68.98,59.75,76.69,71.75
68.94,68.94,59.55,76.85,72.04
68.50,68.50,58.95,81.50,69.63
69.37,69.37,58.39,78.47,73.22
67.58,67.58,60.43,76.72,73.55
65.42,65.42,64.75,82.58,68.71
64.47,64.47,73.07,69.84,65.93
57.99,57.99,90.90,73.49,56.16
56.01,56.01,91.36,69.75,51.37
60.45,60.45,91.29,69.54,50.43
69.02,69.02,91.10,59.35,55.05
71.25,71.25,86.03,60.44,54.20
72.54,72.54,88.72,58.74,57.30
73.79,73.79,79.71,46.51,60.74
73.26,73.26,79.67,55.64,60.25
73.53,73.53,76.43,55.51,63.86
73.35,73.35,77.59,67.25,63.54
73.00,73.00,67.63,65.19,64.18
72.85,72.85,66.47,73.54,67.48
71.93,71.93,69.55,79.50,68.39
71.54,71.54,55.80,68.80,68.26
71.21,71.21,48.71,76.92,69.48
71.23,71.23,48.81,73.85,71.34
69.92,69.92,48.65,76.14,68.66
69.99,69.99,52.70,71.41,68.41
73.73,73.73,62.20,66.53,68.77
75.62,75.62,68.63,76.02,71.49
78.67,78.67,64.43,68.36,69.68
79.87,79.87,59.12,78.02,72.32
77.40,77.40,51.95,70.93,75.29
77.25,77.25,46.45,78.71,74.36
77.77,77.77,41.92,74.12,73.71
79.10,79.10,40.44,74.07,72.32
78.58,78.58,42.28,74.51,73.50
76.93,76.93,45.71,69.15,72.34
74.97,74.97,45.98,74.14,71.39
78.41,78.41,43.65,73.85,72.54
78.86,78.86,56.07,69.70,73.62
77.60,77.60,64.90,69.54,71.44
78.14,78.14,74.11,69.64,67.41
74.04,74.04,92.31,74.61,60.77
75.07,75.07,90.58,71.02,57.17
74.19,74.19,89.57,78.73,58.10
76.76,76.76,86.19,75.94,61.28
76.42,76.42,85.76,76.45,58.24
75.44,75.44,78.05,70.54,59.24
77.08,77.08,70.10,75.63,60.85
77.84,77.84,67.86,77.52,61.81
79.83,79.83,64.62,77.56,64.17
79.15,79.15,65.94,82.31,66.57
78.20,78.20,64.92,87.08,68.43
79.73,79.73,51.15,84.67,70.60
80.35,80.35,44.50,86.54,73.55
76.94,76.94,36.56,78.05,70.85
76.13,76.13,35.42,70.79,71.27
75.93,75.93,41.53,67.70,72.69
76.95,76.95,47.16,70.72,73.07
77.66,77.66,56.18,71.81,72.24
77.07,77.07,67.24,67.89,73.87
75.80,75.80,65.68,64.80,74.79
77.07,77.07,58.53,59.40,74.91
77.72,77.72,51.58,42.00,74.33
76.96,76.96,44.46,48.73,74.93
79.13,79.13,36.01,40.33,75.58
77.47,77.47,31.65,29.21,73.98
76.64,76.64,31.02,18.11,74.49
76.23,76.23,32.98,9.64,76.77
77.34,77.34,41.62,14.03,74.18
76.34,76.34,46.05,17.83,73.92
75.28,75.28,58.40,19.73,69.94
72.77,72.77,69.25,19.80,67.10
72.83,72.83,78.78,27.01,63.94
77.35,77.35,90.00,27.17,58.42
74.55,74.55,90.93,20.11,55.99
73.89,73.89,91.40,3.16,54.33
73.23,73.23,90.10,6.90,54.06
75.95,75.95,89.52,23.34,55.16
74.85,74.85,81.90,28.57,53.26
75.53,75.53,85.21,27.78,57.65
76.56,76.56,82.68,18.09,60.09
75.67,75.67,79.51,21.62,63.90
74.51,74.51,82.26,18.37,64.40
73.83,73.83,78.88,16.90,64.86
72.15,72.15,69.14,20.03,66.09
71.36,71.36,67.02,19.52,69.06
70.46,70.46,73.94,17.16,69.43
71.25,71.25,64.62,13.02,71.34
71.01,71.01,67.25,4.46,73.29
68.37,68.37,65.55,13.11,71.16
71.66,71.66,61.86,11.46,73.45
71.28,71.28,66.81,9.45,74.18
76.99,76.99,63.82,22.75,74.84
76.87,76.87,59.72,30.27,80.01
78.04,78.04,50.00,30.09,87.54
78.90,78.90,39.62,35.75,83.65
78.08,78.08,40.21,40.27,80.47
77.17,77.17,42.72,31.57,73.33
75.10,75.10,42.99,33.07,74.28
76.37,76.37,43.48,31.11,74.71
76.09,76.09,48.59,42.61,76.64
76.12,76.12,49.25,43.82,74.95
74.63,74.63,50.92,49.26,76.36
74.46,74.46,55.74,52.57,73.99
74.37,74.37,68.88,52.71,71.74
74.90,74.90,70.77,50.87,72.30
73.30,73.30,87.11,58.18,63.33
74.76,74.76,92.02,69.92,57.40
75.28,75.28,89.74,75.50,55.19
74.36,74.36,88.20,74.14,58.84
74.20,74.20,85.70,68.99,62.36
78.09,78.09,82.70,76.63,65.56
77.29,77.29,82.93,81.91,66.11
78.49,78.49,76.75,82.87,65.83
78.84,78.84,71.31,83.89,65.13
78.04,78.04,65.03,83.64,66.97
77.20,77.20,64.32,85.78,68.75
78.42,78.42,63.70,87.89,68.49
76.11,76.11,62.59,86.51,70.54
77.65,77.65,60.60,86.59,70.98
77.20,77.20,59.88,84.40,71.51
75.49,75.49,58.67,78.41,73.40
74.83,74.83,60.01,72.04,72.17
77.27,77.27,64.20,69.15,71.01
81.73,81.73,62.86,72.37,74.50
80.46,80.46,60.30,70.64,73.56
77.79,77.79,56.42,68.83,72.31
79.28,79.28,51.92,72.18,72.73
78.51,78.51,48.71,73.89,71.32
77.59,77.59,48.85,72.41,72.58
78.30,78.30,46.51,72.67,72.23
78.20,78.20,45.63,72.43,70.63
77.96,77.96,45.81,72.05,71.78
78.05,78.05,44.81,74.53,71.57
74.92,74.92,43.89,73.20,71.24
74.19,74.19,45.95,72.22,71.26
74.13,74.13,58.01,71.91,70.54
73.01,73.01,67.28,64.69,70.61
73.25,73.25,71.94,56.29,68.09
68.89,68.89,91.74,50.65,60.41
71.86,71.86,91.69,36.55,59.32
76.59,76.59,90.64,10.32,59.00
80.47,80.47,89.70,5.49,59.98
81.18,81.18,85.14,9.48,62.15
78.52,78.52,84.13,11.90,62.72
79.72,79.72,81.44,8.92,61.80
79.31,79.31,83.42,10.61,63.99
78.09,78.09,77.88,7.74,66.60
75.92,75.92,77.63,2.96,66.97
74.93,74.93,74.14,12.67,69.18
75.56,75.56,69.67,21.38,70.26
72.68,72.68,70.30,26.28,74.12
72.38,72.38,61.16,29.06,72.05
72.24,72.24,51.98,29.39,71.08
74.20,74.20,53.04,27.40,74.32
77.01,77.01,52.19,39.50,73.40
77.16,77.16,61.00,46.59,74.81
80.77,80.77,66.19,50.91,75.25
81.28,81.28,69.84,52.40,75.19
79.36,79.36,71.10,48.54,76.23
81.24,81.24,71.26,43.36,76.76
80.01,80.01,69.75,38.38,77.29
79.65,79.65,69.32,28.07,78.71
76.69,76.69,67.58,18.76,78.78
74.99,74.99,64.99,21.94,78.58
74.43,74.43,63.54,26.46,77.35
75.02,75.02,63.75,41.62,76.69
74.05,74.05,61.55,50.91,76.93
73.42,73.42,61.50,55.45,75.00
71.77,71.77,62.24,52.02,74.46
70.84,70.84,65.88,50.20,73.52
67.41,67.41,76.46,53.78,71.55
62.57,62.57,92.91,62.16,61.37
73.17,73.17,89.52,73.96,63.33
78.88,78.88,89.64,77.76,63.36
79.38,79.38,83.59,75.93,64.42
81.33,81.33,83.11,75.45,63.51
82.49,82.49,80.85,76.99,63.55
82.42,82.42,83.66,83.23,64.98
81.24,81.24,77.83,82.42,66.84
82.78,82.78,72.79,83.07,66.52
78.73,78.73,61.28,83.86,68.73
76.62,76.62,62.81,85.39,69.75
77.83,77.83,60.07,83.03,70.70
76.75,76.75,54.53,68.16,70.12
79.74,79.74,47.52,57.58,70.57
80.87,80.87,46.71,51.47,70.12
82.10,82.10,45.31,50.18,72.29
83.57,83.57,50.20,50.07,71.21
75.45,75.45,55.71,48.41,70.67
75.55,75.55,63.29,55.45,69.69
78.30,78.30,70.72,61.07,73.27
77.81,77.81,71.05,84.70,74.34
76.37,76.37,71.22,84.07,73.60
76.19,76.19,69.41,86.78,72.18
78.51,78.51,68.58,86.78,73.07
78.16,78.16,66.39,86.57,72.00
77.31,77.31,65.75,86.35,73.55
76.87,76.87,64.82,84.39,70.46
77.71,77.71,63.73,87.17,68.63
75.99,75.99,63.23,85.80,67.30
74.50,74.50,64.20,85.99,69.18
70.39,70.39,63.81,66.90,72.02
67.93,67.93,69.19,54.79,69.30
73.05,73.05,86.62,53.06,62.78
71.91,71.91,90.66,62.26,58.97
75.59,75.59,88.87,68.38,61.91
76.60,76.60,88.99,71.25,59.45
80.90,80.90,87.93,75.23,61.41
78.38,78.38,80.09,76.75,59.18
79.25,79.25,78.59,74.15,59.64
79.19,79.19,79.84,76.83,60.78
79.53,79.53,78.67,80.86,62.48
78.43,78.43,78.97,84.14,65.56
80.16,80.16,71.07,84.13,66.26
79.12,79.12,61.05,83.84,67.95
79.77,79.77,55.33,84.59,68.88
80.24,80.24,56.07,79.75,68.59
79.36,79.36,48.93,57.54,71.77
79.88,79.88,52.20,52.46,69.64
74.49,74.49,59.28,50.39,69.48
74.52,74.52,74.98,62.02,66.98
71.34,71.34,68.37,76.21,66.78
73.19,73.19,61.49,83.59,69.91
77.04,77.04,62.43,79.45,69.53
76.83,76.83,56.57,77.95,70.41
76.36,76.36,52.84,78.15,71.58
76.52,76.52,49.12,85.08,70.85
75.09,75.09,47.94,83.24,69.98
74.88,74.88,48.84,82.94,70.59
74.20,74.20,49.36,82.61,72.62
74.68,74.68,50.27,82.33,73.17
75.81,75.81,48.55,84.20,71.38
73.98,73.98,46.76,87.57,69.18
73.92,73.92,53.47,85.16,70.15
74.06,74.06,64.39,86.30,70.35
73.06,73.06,68.45,79.84,71.35
73.92,73.92,87.51,76.27,65.36
74.46,74.46,90.80,69.01,62.77
81.96,81.96,89.02,75.32,64.25
81.84,81.84,87.85,67.47,65.87
79.41,79.41,81.20,75.87,66.59
79.42,79.42,82.74,76.93,66.05
78.73,78.73,77.31,78.43,65.96
79.17,79.17,74.49,78.55,67.33
82.97,82.97,75.58,76.11,68.77
84.09,84.09,72.37,81.25,69.68
82.81,82.81,68.84,80.29,67.96
80.64,80.64,67.53,85.61,70.32
79.31,79.31,65.46,90.90,69.42
82.12,82.12,67.26,82.27,70.57
76.61,76.61,66.38,90.00,72.07
77.93,77.93,65.22,85.55,71.84
75.55,75.55,64.38,87.09,71.68
74.23,74.23,63.49,89.97,72.39
74.28,74.28,69.51,84.46,71.96
77.30,77.30,67.72,87.36,71.11
77.88,77.88,66.42,84.55,71.59
76.46,76.46,64.47,87.13,70.23
74.58,74.58,62.08,85.76,71.34
74.69,74.69,60.92,80.62,71.52
77.35,77.35,61.11,79.92,71.69
76.20,76.20,58.55,77.27,73.25
76.35,76.35,57.17,82.28,71.92
75.33,75.33,58.70,77.02,72.70
75.45,75.45,58.78,82.14,72.76
71.68,71.68,59.13,77.11,70.10
68.41,68.41,60.74,77.17,73.65
65.26,65.26,67.39,78.25,69.95
68.70,68.70,73.62,68.03,66.09
67.39,67.39,91.60,75.22,58.73
71.02,71.02,92.31,65.49,59.02
78.30,78.30,90.49,69.08,59.02
81.06,81.06,87.42,66.08,58.71
82.31,82.31,88.36,67.79,59.82
81.61,81.61,85.99,67.60,62.18
80.84,80.84,78.59,54.26,60.61
80.24,80.24,73.31,65.88,62.34
81.74,81.74,73.97,66.11,64.23
82.39,82.39,72.14,72.64,64.98
83.41,83.41,61.22,68.70,67.27
81.95,81.95,60.18,78.82,67.25
83.32,83.32,57.68,77.25,66.96
84.20,84.20,54.47,69.01,71.01
83.37,83.37,51.46,79.76,69.18
81.94,81.94,51.96,70.30,69.40
80.86,80.86,55.56,77.72,71.34
80.75,80.75,60.12,73.41,67.74
80.79,80.79,66.73,69.90,70.67
83.25,83.25,64.93,74.21,73.06
85.38,85.38,61.93,71.48,71.13
86.24,86.24,56.23,78.81,71.87
84.96,84.96,54.02,72.06,74.29
83.86,83.86,50.42,76.85,75.09
84.37,84.37,47.72,73.21,75.89
84.54,84.54,46.39,74.19,74.17
84.76,84.76,47.37,74.43,73.92
84.73,84.73,49.33,67.65,75.25
85.32,85.32,48.64,73.52,75.03
84.35,84.35,51.00,71.08,74.37
80.87,80.87,60.72,73.52,73.55
80.04,80.04,69.74,70.09,70.82
80.83,80.83,80.35,63.52,66.85
80.41,80.41,91.56,54.57,64.09
82.56,82.56,90.65,39.27,63.30
83.51,83.51,90.88,35.41,63.27
81.94,81.94,87.62,22.17,61.35
82.16,82.16,85.36,16.19,60.80
81.69,81.69,83.19,9.42,60.61
80.87,80.87,80.55,7.22,62.81
83.70,83.70,73.80,3.50,63.96
81.25,81.25,80.00,13.65,66.02
80.45,80.45,75.62,15.97,67.23
82.79,82.79,70.42,13.95,69.70
83.02,83.02,69.76,20.28,70.52
81.03,81.03,66.64,29.28,73.81
80.68,80.68,59.91,31.83,71.98
81.00,81.00,53.43,33.78,75.28
82.18,82.18,52.99,44.72,75.33
82.43,82.43,55.95,43.10,73.60
81.79,81.79,60.30,44.51,75.05
82.84,82.84,67.90,43.21,73.69
82.01,82.01,64.23,44.72,74.94
82.81,82.81,61.89,52.07,75.13
83.83,83.83,59.17,52.92,72.88
82.35,82.35,54.94,49.76,74.32
84.42,84.42,52.87,58.34,73.86
84.09,84.09,51.62,58.56,73.70
83.26,83.26,52.44,62.33,76.23
79.83,79.83,54.19,66.37,73.68
81.06,81.06,53.38,67.88,72.43
80.69,80.69,50.50,68.56,72.24
80.86,80.86,58.76,67.04,72.07
76.79,76.79,64.69,65.44,69.98
77.86,77.86,70.24,58.28,64.57
78.36,78.36,84.85,42.19,58.92
76.82,76.82,91.08,26.31,58.80
76.13,76.13,89.96,5.98,61.45
74.70,74.70,89.20,2.88,62.92
79.01,79.01,86.20,13.38,60.23
77.77,77.77,83.48,16.57,61.11
75.95,75.95,85.46,20.06,61.62
76.70,76.70,79.58,19.62,64.20
75.38,75.38,78.46,20.68,65.11
74.45,74.45,77.66,17.07,66.93
74.71,74.71,74.46,7.35,67.51
75.42,75.42,60.03,4.52,69.30
75.71,75.71,70.31,10.18,70.81
73.80,73.80,70.32,17.88,72.36
75.21,75.21,62.17,35.21,72.94
76.83,76.83,59.26,50.59,72.79
76.24,76.24,51.73,55.36,70.33
75.21,75.21,44.01,62.56,71.38
75.64,75.64,49.04,82.62,72.51
74.87,74.87,55.23,83.87,72.45
77.68,77.68,67.65,88.50,75.44
78.72,78.72,64.78,81.88,78.82
75.07,75.07,60.04,86.06,76.81
74.09,74.09,51.44,82.72,75.07
73.63,73.63,46.16,82.41,75.85
73.60,73.60,43.20,85.62,76.52
72.71,72.71,41.89,86.00,74.61
74.43,74.43,46.68,85.77,72.25
77.40,77.40,51.84,85.35,71.92
77.64,77.64,49.69,83.14,73.65
76.58,76.58,56.70,76.24,73.40
78.31,78.31,69.19,59.87,70.23
77.76,77.76,71.18,54.16,65.51
74.56,74.56,90.67,61.97,62.02
76.22,76.22,90.83,65.72,59.93
75.36,75.36,89.64,74.96,58.38
74.91,74.91,89.18,80.59,60.88
75.81,75.81,83.36,78.29,63.57
74.52,74.52,81.69,74.67,65.80
72.43,72.43,75.70,77.26,67.26
71.88,71.88,75.92,79.40,67.07
73.15,73.15,75.25,84.58,66.81
78.58,78.58,69.56,84.58,69.31
78.54,78.54,66.78,82.37,68.57
78.65,78.65,65.03,83.15,69.49
78.16,78.16,65.25,85.04,72.19
72.10,72.10,64.52,84.85,71.44
74.32,74.32,63.14,82.71,72.23
77.41,77.41,61.40,73.61,71.68
75.34,75.34,61.53,69.28,73.53
76.22,76.22,65.86,65.14,74.85
74.06,74.06,67.18,61.65,78.39
76.27,76.27,68.75,63.90,76.65
83.02,83.02,68.87,62.76,74.21
81.18,81.18,65.18,60.80,77.37
79.52,79.52,62.46,61.61,76.65
79.87,79.87,60.24,60.24,75.47
78.97,78.97,58.86,60.53,76.42
79.73,79.73,57.90,62.52,76.12
79.56,79.56,54.44,60.95,75.83
78.89,78.89,56.05,60.86,76.92
78.79,78.79,53.49,62.26,75.37
80.19,80.19,55.46,60.84,73.84
78.53,78.53,66.70,56.88,73.72
77.27,77.27,71.46,45.67,71.31
71.94,71.94,76.20,43.25,68.90
68.08,68.08,92.38,42.43,58.74
69.00,69.00,91.83,27.00,58.28
82.39,82.39,90.49,0.11,61.64
82.37,82.37,87.84,-0.00,59.66
81.89,81.89,86.46,-0.00,61.44
81.31,81.31,81.21,0.44,65.51
79.84,79.84,83.94,2.45,65.55
80.26,80.26,80.84,0.85,67.11
82.65,82.65,75.52,4.68,66.94
82.05,82.05,75.17,9.95,69.73
80.85,80.85,69.24,14.07,70.94
81.37,81.37,70.35,19.84,73.34
80.35,80.35,65.13,22.64,73.02
79.33,79.33,61.38,22.03,72.56
78.18,78.18,54.75,19.45,75.13
78.71,78.71,54.16,15.65,74.07
79.19,79.19,55.76,17.48,75.50
80.09,80.09,60.36,29.02,74.49
79.25,79.25,65.92,38.11,75.17
79.87,79.87,72.00,40.27,75.45
79.81,79.81,74.14,35.75,75.30
78.62,78.62,73.44,26.04,78.50
77.39,77.39,74.05,25.60,78.06
79.09,79.09,71.33,24.94,78.21
78.00,78.00,70.25,24.55,79.09
79.13,79.13,68.35,23.39,79.16
76.39,76.39,67.08,21.94,76.24
77.58,77.58,65.87,22.37,77.39
79.61,79.61,64.40,29.62,76.69
80.48,80.48,61.77,41.88,76.70
80.32,80.32,64.54,48.12,74.88
77.51,77.51,68.51,51.20,73.41
74.46,74.46,80.65,58.26,71.63
73.15,73.15,91.43,63.13,63.34
77.81,77.81,90.30,75.61,60.99
81.97,81.97,86.78,77.73,62.38
77.69,77.69,88.72,80.96,63.79
74.67,74.67,81.84,78.93,63.74
75.23,75.23,80.46,77.22,64.26
78.33,78.33,77.01,77.45,63.70
77.02,77.02,75.58,82.67,67.18
78.23,78.23,79.09,84.08,68.27
79.59,79.59,74.66,84.30,69.49
76.95,76.95,71.67,84.78,70.62
66.31,66.31,63.53,76.74,71.73
70.30,70.30,56.89,65.43,74.82
69.52,69.52,53.49,63.73,74.79
67.44,67.44,49.32,59.38,74.46
69.45,69.45,47.97,56.67,74.50
71.90,71.90,52.61,52.88,74.32
72.20,72.20,56.22,57.97,72.08
73.18,73.18,62.47,63.89,75.04
72.27,72.27,67.71,69.28,74.79
72.82,72.82,69.14,85.63,73.72
83.19,83.19,70.09,84.73,71.49
78.76,78.76,70.65,83.96,73.08
79.12,79.12,69.75,86.40,72.01
79.49,79.49,69.71,85.14,74.61
78.47,78.47,68.55,87.53,73.59
79.61,79.61,68.66,86.78,72.59
79.39,79.39,66.90,84.01,74.32
79.25,79.25,65.41,87.96,72.97
78.67,78.67,65.20,81.31,71.68
79.28,79.28,65.89,63.60,69.81
79.97,79.97,68.09,52.85,66.76
80.52,80.52,84.50,54.31,65.52
77.02,77.02,91.19,63.02,65.10
76.13,76.13,88.59,70.79,60.97
78.21,78.21,87.54,66.87,59.55
79.54,79.54,85.45,68.74,58.29
80.58,80.58,84.01,73.48,59.96
80.88,80.88,83.41,80.21,61.08
81.45,81.45,76.92,80.32,61.97
81.86,81.86,69.73,79.18,64.67
81.61,81.61,61.79,82.00,65.74
81.89,81.89,59.97,84.50,68.67
81.40,81.40,59.02,85.86,70.51
81.90,81.90,53.08,86.30,68.99
81.75,81.75,52.58,68.99,69.34
81.39,81.39,53.05,58.11,70.36
81.08,81.08,57.09,37.72,70.55
78.70,78.70,68.93,41.63,64.76
74.94,74.94,83.79,48.46,62.03
75.30,75.30,83.27,65.04,68.47
78.89,78.89,77.46,74.29,74.81
82.85,82.85,70.71,77.93,69.68
80.33,80.33,60.40,75.90,67.28
80.11,80.11,59.52,80.79,67.37
80.11,80.11,57.97,86.25,68.22
80.12,80.12,56.79,85.36,68.14
80.52,80.52,57.66,86.21,69.69
80.97,80.97,56.60,86.94,72.53
81.94,81.94,54.91,84.41,73.13
81.49,81.49,52.23,87.66,70.70
80.72,80.72,52.45,81.91,71.25
81.61,81.61,62.28,85.02,71.02
82.06,82.06,71.17,85.01,69.14
81.76,81.76,73.57,83.52,66.58
80.11,80.11,91.14,74.63,59.71
79.83,79.83,91.63,67.45,58.45
80.38,80.38,88.56,75.80,59.76
83.29,83.29,88.90,63.71,64.73
79.59,79.59,87.59,73.55,66.93
78.41,78.41,89.93,77.37,70.25
81.18,81.18,83.56,68.61,71.99
76.84,76.84,82.80,80.69,71.25
77.99,77.99,77.91,83.34,69.66
79.53,79.53,70.55,85.10,70.79
77.71,77.71,66.88,87.05,69.01
79.77,79.77,65.77,84.53,70.90
78.75,78.75,66.28,85.56,71.25
80.42,80.42,64.85,85.46,69.83
80.73,80.73,63.54,85.67,72.23
81.56,81.56,64.11,83.31,70.28
72.44,72.44,64.56,82.92,69.90
70.09,70.09,64.26,79.23,72.48
75.72,75.72,67.75,82.11,69.61
81.79,81.79,68.21,77.74,69.61
79.41,79.41,66.30,86.06,71.69
80.18,80.18,64.36,88.85,70.41
80.94,80.94,64.11,77.03,70.99
78.65,78.65,62.34,88.87,70.89
77.46,77.46,63.85,77.04,72.34
75.11,75.11,61.53,79.30,73.17
77.15,77.15,60.69,81.59,73.47
70.63,70.63,59.26,78.02,71.44
66.53,66.53,58.20,81.46,73.58
67.67,67.67,58.54,76.44,73.17
64.93,64.93,61.30,80.30,71.70
61.29,61.29,69.18,74.64,70.06
62.91,62.91,77.76,69.87,66.26
65.27,65.27,92.32,73.35,57.12
64.26,64.26,90.77,62.48,57.38
75.99,75.99,92.04,69.49,59.14
80.26,80.26,87.64,61.23,56.45
82.73,82.73,87.86,67.89,56.90
82.83,82.83,83.50,63.27,59.44
82.33,82.33,79.83,59.76,58.14
81.92,81.92,73.68,64.79,59.60
82.39,82.39,78.19,64.68,64.07
82.16,82.16,70.79,75.89,63.59
82.59,82.59,54.36,66.50,66.30
83.68,83.68,53.81,80.63,69.00
84.79,84.79,49.03,77.12,67.47
84.10,84.10,42.73,71.18,71.19
83.54,83.54,43.64,78.02,69.03
83.26,83.26,47.39,71.07,69.80
83.40,83.40,51.74,74.95,70.57
83.92,83.92,55.21,75.86,69.31
84.71,84.71,57.92,71.98,70.58
85.32,85.32,66.41,73.51,71.94
85.55,85.55,67.46,72.73,71.10
84.62,84.62,63.63,78.58,73.18
82.74,82.74,59.68,71.42,75.52
83.81,83.81,56.59,78.68,75.85
84.48,84.48,52.33,71.96,74.47
82.84,82.84,51.28,75.92,76.98
84.01,84.01,52.09,73.67,73.41
83.74,83.74,52.86,71.57,76.66
85.16,85.16,52.51,72.88,75.84
85.30,85.30,55.80,69.33,75.32
85.06,85.06,64.20,69.80,74.40
84.73,84.73,70.50,64.95,72.29
81.48,81.48,83.28,58.74,66.39
80.47,80.47,92.39,46.48,64.34
81.56,81.56,91.43,29.75,64.29
82.20,82.20,89.71,17.95,62.69
82.81,82.81,87.77,4.62,62.45
81.73,81.73,83.35,11.94,60.60
82.33,82.33,85.21,23.91,62.56
82.07,82.07,79.89,29.24,62.97
83.22,83.22,77.75,28.26,64.31
80.83,80.83,80.46,19.29,67.83
81.78,81.78,75.89,2.07,67.01
81.24,81.24,68.36,4.38,70.61
78.80,78.80,71.60,9.36,71.46
80.20,80.20,69.91,7.29,71.69
80.78,80.78,63.77,3.50,72.51
78.77,78.77,51.15,13.04,75.63
81.91,81.91,47.19,22.25,73.80
83.39,83.39,48.35,27.74,74.69
82.48,82.48,54.03,31.07,74.54
82.72,82.72,60.33,33.09,74.31
81.24,81.24,68.23,25.46,75.00
80.09,80.09,65.77,32.68,75.66
80.35,80.35,61.06,36.19,73.04
78.39,78.39,55.34,43.70,74.69
77.62,77.62,50.59,50.88,74.62
77.13,77.13,48.84,47.83,73.66
78.49,78.49,47.91,51.32,75.62
77.04,77.04,44.46,52.81,75.75
76.13,76.13,45.93,59.25,73.65
78.89,78.89,49.67,64.14,74.22
78.44,78.44,63.09,66.14,70.47
77.44,77.44,69.76,66.87,66.71
76.26,76.26,85.41,67.21,66.79
72.53,72.53,89.93,69.59,62.31
72.03,72.03,89.26,76.17,63.04
71.01,71.01,87.97,78.25,61.28
74.87,74.87,89.00,79.66,62.42
76.55,76.55,81.18,72.91,65.14
75.63,75.63,84.86,82.00,65.73
74.62,74.62,80.92,80.13,66.60
73.66,73.66,72.18,77.82,68.64
69.46,69.46,72.97,81.38,69.16
70.62,70.62,76.20,85.32,69.11
71.16,71.16,73.36,87.56,69.38
70.58,70.58,59.81,85.57,71.09
73.36,73.36,63.04,84.59,71.48
71.78,71.78,59.86,84.64,72.70
71.50,71.50,54.19,85.60,71.13
69.87,69.87,44.28,86.06,72.85
65.37,65.37,45.51,82.80,73.97
66.22,66.22,50.00,66.81,74.76
65.02,65.02,67.49,66.98,74.77
62.46,62.46,64.60,62.21,74.88
64.49,64.49,62.11,51.08,74.72
68.11,68.11,54.53,57.16,75.50
63.61,63.61,48.46,47.37,75.47
67.60,67.60,43.34,49.66,74.42
68.13,68.13,39.56,34.72,73.82
69.99,69.99,38.60,24.49,75.05
66.61,66.61,39.96,15.18,74.57
69.66,69.66,44.69,13.05,73.61
69.31,69.31,46.94,15.74,75.53
66.06,66.06,45.07,29.00,74.26
63.26,63.26,58.23,46.32,73.14
63.36,63.36,67.48,55.33,73.29
63.03,63.03,70.67,58.46,70.78
61.46,61.46,92.02,62.60,59.21
64.48,64.48,91.83,73.14,57.61
65.79,65.79,89.14,75.66,59.94
67.45,67.45,86.43,73.29,60.95
65.64,65.64,86.87,73.64,61.56
64.02,64.02,82.13,78.55,62.15
63.75,63.75,77.14,81.29,64.27
65.09,65.09,71.66,81.05,64.04
64.82,64.82,69.88,83.59,67.04
66.50,66.50,69.08,84.63,68.29
65.88,65.88,67.24,85.30,67.97
62.09,62.09,65.62,85.66,70.81
64.93,64.93,64.47,83.37,72.20
67.81,67.81,62.16,64.83,72.33
67.41,67.41,61.80,57.22,74.09
64.77,64.77,60.67,53.66,74.04
59.61,59.61,61.63,53.73,74.70
58.94,58.94,63.38,52.52,75.31
57.92,57.92,66.61,51.13,74.77
60.12,60.12,68.22,50.01,74.20
57.83,57.83,65.00,48.21,73.81
58.52,58.52,58.24,44.62,74.58
59.02,59.02,52.88,37.71,73.39
61.24,61.24,44.53,28.40,73.09
56.39,56.39,40.89,11.64,74.74
60.40,60.40,40.99,5.43,73.60
59.15,59.15,42.06,1.06,74.14
61.05,61.05,47.95,-0.00,73.79
60.69,60.69,47.53,-0.00,74.81
59.72,59.72,51.16,-0.00,73.77
51.95,51.95,62.82,-0.00,72.52
49.25,49.25,67.83,-0.00,71.77
51.73,51.73,80.02,-0.00,67.28
49.70,49.70,91.95,-0.00,60.70
53.82,53.82,91.95,0.21,58.48
57.11,57.11,91.55,6.05,58.53
58.75,58.75,88.65,8.80,59.74
57.18,57.18,84.89,3.75,61.62
55.29,55.29,81.62,0.12,63.33
53.06,53.06,83.58,2.54,65.84
56.31,56.31,79.90,1.09,65.05
57.60,57.60,79.51,-0.00,66.18
57.19,57.19,75.44,0.29,65.30
54.65,54.65,73.75,5.94,67.63
53.34,53.34,68.62,11.12,71.32
55.67,55.67,62.72,14.34,71.54
55.18,55.18,60.48,16.57,71.89
53.14,53.14,58.43,16.63,72.16
49.83,49.83,53.91,12.70,71.98
32.78,32.78,51.72,8.43,73.07
20.00,20.00,61.77,7.59,72.79
19.24,19.24,70.88,6.92,72.64
15.23,15.23,71.68,10.29,71.30
30.14,30.14,71.79,13.67,72.81
36.29,36.29,71.24,16.02,72.95
46.00,46.00,69.70,19.71,71.79
48.85,48.85,68.47,21.58,72.33
50.07,50.07,66.30,19.44,71.85
47.77,47.77,66.47,13.76,74.44
48.54,48.54,65.51,10.98,73.88
47.54,47.54,63.89,8.73,72.79
48.20,48.20,62.97,12.44,72.31
45.29,45.29,61.70,26.18,72.65
37.37,37.37,63.29,42.07,71.79
30.53,30.53,66.26,49.04,69.66
31.67,31.67,84.48,62.35,62.22
38.81,38.81,92.17,65.29,55.77
46.71,46.71,90.81,73.55,56.15
47.92,47.92,87.21,70.74,56.47
50.71,50.71,84.30,69.01,58.98
49.73,49.73,78.13,74.18,62.26
47.04,47.04,82.53,77.67,64.70
45.45,45.45,80.51,81.23,65.07
46.52,46.52,78.65,84.93,67.81
45.67,45.67,75.20,83.68,68.05
44.68,44.68,71.79,86.30,69.33
40.32,40.32,68.33,83.65,69.30
42.78,42.78,59.32,75.77,72.33
47.06,47.06,53.67,59.63,73.48
46.71,46.71,47.76,54.07,72.76
44.90,44.90,45.90,54.43,72.25
41.19,41.19,51.05,51.24,71.94
41.54,41.54,65.58,51.38,72.94
42.79,42.79,69.79,51.51,73.15
55.35,55.35,70.66,72.03,74.43
54.02,54.02,71.30,84.83,74.67
49.80,49.80,73.06,85.27,75.36
52.07,52.07,72.29,86.36,75.85
58.25,58.25,72.93,85.29,75.23
59.26,59.26,70.74,84.81,74.59
62.97,62.97,71.17,84.71,76.39
64.16,64.16,68.43,84.96,76.51
61.86,61.86,68.77,85.74,74.73
59.86,59.86,67.51,81.65,71.09
66.13,66.13,65.47,61.69,71.27
70.53,70.53,63.75,48.60,71.59
65.38,65.38,65.55,54.41,71.52
60.60,60.60,67.49,56.68,69.82
66.82,66.82,90.49,53.87,62.03
68.00,68.00,90.46,69.19,57.61
75.04,75.04,88.78,74.44,56.02
78.05,78.05,89.16,77.09,57.21
80.75,80.75,83.35,70.46,58.24
79.07,79.07,82.83,74.18,62.81
79.62,79.62,74.73,76.69,62.31
78.76,78.76,78.17,79.59,56.86
77.59,77.59,79.52,84.50,55.55
71.62,71.62,74.96,84.71,61.54
73.36,73.36,71.30,84.56,59.50
75.27,75.27,59.42,84.48,60.24
75.58,75.58,52.47,85.29,61.85
75.37,75.37,55.03,85.62,61.06
75.24,75.24,55.12,80.62,57.86
73.77,73.77,57.55,52.39,56.64
70.52,70.52,64.35,45.18,52.34
74.93,74.93,85.18,48.09,55.67
76.57,76.57,90.30,51.28,54.54
78.01,78.01,89.39,61.85,57.66
76.92,76.92,88.12,59.09,60.34
79.61,79.61,83.84,71.92,62.41
78.86,78.86,82.43,80.33,62.40
81.35,81.35,80.31,84.21,59.43
77.80,77.80,75.23,83.69,60.01
73.98,73.98,75.18,86.51,60.52
74.45,74.45,68.94,85.03,59.00
69.66,69.66,66.78,86.18,59.36
68.41,68.41,61.74,87.27,58.01
68.29,68.29,56.74,85.91,56.00
67.44,67.44,62.72,86.95,52.40
66.24,66.24,62.61,73.44,58.83
67.11,67.11,74.18,56.24,71.91
63.29,63.29,92.12,63.19,61.99
62.40,62.40,91.44,71.99,62.41
76.19,76.19,87.81,72.54,66.77
77.30,77.30,83.67,66.23,70.26
76.00,76.00,82.36,76.42,69.52
76.39,76.39,80.23,80.19,69.82
76.06,76.06,73.38,74.00,71.68
76.51,76.51,77.08,76.29,70.71
72.41,72.41,73.77,78.02,71.37
73.66,73.66,70.31,82.50,71.93
74.49,74.49,68.57,80.59,71.85
74.87,74.87,65.88,88.54,71.05
74.78,74.78,65.49,86.87,73.53
75.86,75.86,65.37,87.13,73.27
76.78,76.78,64.65,90.27,75.02
78.59,78.59,66.99,83.48,75.35
77.37,77.37,66.75,89.98,74.27
75.66,75.66,68.99,84.82,72.98
79.05,79.05,69.48,86.57,73.95
77.92,77.92,68.27,90.57,73.25
79.65,79.65,67.11,80.39,74.55
77.97,77.97,67.06,86.39,75.03
76.66,76.66,66.33,80.49,73.92
79.01,79.01,66.33,76.45,74.00
72.46,72.46,66.11,78.02,73.84
71.47,71.47,64.99,77.19,72.28
68.66,68.66,61.97,82.20,74.13
64.01,64.01,60.57,74.21,75.74
60.34,60.34,58.41,81.97,75.02
59.93,59.93,59.00,72.30,75.97
61.43,61.43,64.28,80.58,73.70
60.63,60.63,71.47,74.49,69.33
57.13,57.13,82.34,73.79,65.11
57.34,57.34,91.56,70.09,58.34
62.07,62.07,92.14,61.48,57.26
70.89,70.89,90.58,64.43,59.26
71.87,71.87,89.64,63.01,59.23
73.71,73.71,86.49,57.80,61.56
71.70,71.70,85.18,51.77,62.49
70.99,70.99,77.02,48.30,64.09
71.08,71.08,76.83,56.35,64.32
71.06,71.06,77.91,54.92,66.38
70.49,70.49,74.10,71.65,65.06
71.54,71.54,65.27,67.39,66.42
71.09,71.09,65.47,75.45,67.47
71.29,71.29,60.90,73.50,70.46
71.17,71.17,56.39,76.74,70.10
70.51,70.51,58.70,75.16,71.80
71.06,71.06,59.60,72.16,72.70
69.69,69.69,65.25,78.56,71.82
66.40,66.40,67.10,69.56,72.59
70.50,70.50,64.27,75.85,73.51
67.63,67.63,60.96,69.37,74.28
68.22,68.22,56.55,76.75,75.67
69.13,69.13,51.04,73.37,75.56
69.30,69.30,48.58,66.66,76.20
65.34,65.34,45.88,77.50,75.44
59.68,59.68,45.65,71.05,76.25
58.43,58.43,44.31,72.63,75.93
59.58,59.58,46.02,69.28,75.79
59.30,59.30,51.30,64.37,75.15
56.73,56.73,47.43,57.88,75.54
57.49,57.49,57.68,48.91,75.82
57.64,57.64,66.54,64.35,74.82
61.93,61.93,72.01,54.17,71.57
56.50,56.50,85.58,69.55,63.46
49.79,49.79,91.99,71.43,54.93
57.25,57.25,90.24,78.47,58.19
67.36,67.36,88.29,76.42,60.65
66.48,66.48,81.35,70.59,61.64
69.01,69.01,84.61,73.42,63.47
67.05,67.05,84.53,82.83,63.93
65.24,65.24,76.59,81.63,64.12
65.17,65.17,77.07,86.25,62.64
66.65,66.65,71.67,84.97,68.10
68.31,68.31,59.57,83.41,69.53
68.18,68.18,54.32,87.86,70.16
67.57,67.57,46.60,83.84,70.89
68.15,68.15,44.86,84.09,72.63
69.05,69.05,43.96,76.63,72.01
69.21,69.21,46.01,74.25,72.92
69.51,69.51,52.20,68.39,72.66
66.10,66.10,54.27,61.18,73.78
69.07,69.07,68.19,54.18,74.84
64.77,64.77,64.99,49.16,74.46
67.38,67.38,61.51,37.69,76.61
66.86,66.86,52.92,20.76,75.08
67.45,67.45,45.05,4.48,74.68
66.99,66.99,38.19,-0.00,74.89
64.14,64.14,35.53,-0.00,75.61
62.11,62.11,34.81,-0.00,75.87
62.35,62.35,34.71,-0.00,76.17
63.68,63.68,39.67,7.34,75.49
59.16,59.16,44.90,29.53,74.69
57.28,57.28,45.78,41.96,72.87
62.29,62.29,63.78,51.97,72.69
61.26,61.26,68.09,59.77,68.71
59.13,59.13,70.24,61.80,60.51
67.23,67.23,91.29,59.80,57.25
71.13,71.13,90.99,69.03,55.06
75.15,75.15,89.71,71.65,59.55
78.04,78.04,86.81,70.91,57.37
77.81,77.81,86.68,68.02,55.74
78.00,78.00,84.69,71.87,57.33
77.34,77.34,81.40,71.35,59.77
76.23,76.23,80.40,75.02,62.33
75.94,75.94,79.70,77.57,64.99
75.58,75.58,80.29,83.09,65.72
74.72,74.72,71.72,80.25,68.25
74.03,74.03,75.78,84.11,70.83
73.97,73.97,74.63,76.47,73.96
71.55,71.55,67.34,61.23,72.13
72.35,72.35,57.19,46.46,72.08
71.02,71.02,58.94,36.73,72.44
70.07,70.07,62.89,23.98,72.69
70.43,70.43,66.99,8.66,74.18
74.10,74.10,70.68,8.78,73.87
80.95,80.95,74.54,10.94,71.58
83.92,83.92,84.50,23.16,74.27
82.50,82.50,83.14,25.42,77.54
83.74,83.74,78.16,29.23,76.30
84.58,84.58,67.68,19.28,72.88
84.47,84.47,66.28,16.10,72.75
82.96,82.96,64.02,22.13,73.80
83.12,83.12,69.42,30.76,74.27
83.41,83.41,67.19,35.78,75.64
83.12,83.12,61.98,39.81,73.94
82.80,82.80,62.58,44.27,75.77
82.49,82.49,63.46,44.07,74.50
83.10,83.10,67.10,52.00,70.63
82.87,82.87,75.60,59.93,71.21
80.94,80.94,92.01,68.83,63.52
82.14,82.14,87.66,78.63,63.07
81.66,81.66,87.62,83.17,66.05
83.58,83.58,85.45,80.66,65.46
83.29,83.29,81.66,77.74,68.29
81.32,81.32,77.74,72.72,68.99
81.95,81.95,79.98,79.77,69.04
78.95,78.95,76.67,83.40,69.42
79.01,79.01,73.06,85.82,69.12
80.89,80.89,67.83,85.08,70.99
78.17,78.17,66.87,83.39,72.84
79.17,79.17,66.33,83.12,72.30
81.25,81.25,65.32,84.57,72.76
79.31,79.31,63.84,86.85,72.67
72.48,72.48,61.56,86.10,74.95
75.80,75.80,60.87,84.96,73.64
75.32,75.32,62.33,84.34,74.91
75.55,75.55,64.31,84.56,73.61
79.43,79.43,68.41,83.04,75.21
80.20,80.20,66.99,82.15,73.84
80.43,80.43,64.24,72.05,73.33
82.43,82.43,58.46,70.60,76.26
81.74,81.74,56.53,62.77,76.05
75.84,75.84,54.80,58.90,75.17
76.64,76.64,50.00,61.34,76.88
76.88,76.88,48.45,60.78,76.51
74.14,74.14,49.14,58.31,76.79
73.54,73.54,49.63,60.98,76.42
70.45,70.45,47.28,62.08,74.32
72.91,72.91,56.36,60.45,72.44
69.93,69.93,68.36,56.45,72.78
70.05,70.05,72.30,43.71,72.97
73.65,73.65,82.63,47.28,66.81
75.86,75.86,92.22,41.38,61.02
77.55,77.55,91.57,21.44,59.57
81.04,81.04,89.08,-0.00,61.12
80.86,80.86,88.94,-0.00,63.30
81.15,81.15,82.36,-0.00,61.58
81.91,81.91,83.56,-0.00,64.11
79.30,79.30,82.30,0.18,63.29
80.29,80.29,78.76,2.35,66.01
81.21,81.21,75.42,6.64,66.56
81.62,81.62,72.44,11.34,69.14
80.76,80.76,71.52,22.60,70.13
79.91,79.91,66.83,27.32,72.12
80.28,80.28,63.90,27.97,71.93
79.47,79.47,56.92,26.18,72.00
80.02,80.02,54.14,23.96,74.01
80.05,80.05,51.66,25.88,74.90
80.61,80.61,49.85,35.24,73.86
77.60,77.60,55.36,39.30,74.41
75.94,75.94,61.68,36.93,74.11
73.42,73.42,71.96,30.44,75.88
73.94,73.94,72.77,31.65,77.01
77.01,77.01,73.27,26.53,78.13
76.19,76.19,71.95,20.66,79.18
72.88,72.88,70.25,18.53,80.04
73.59,73.59,68.06,18.56,77.46
73.63,73.63,66.95,20.04,77.78
73.31,73.31,67.11,22.70,77.82
73.47,73.47,64.17,27.15,76.09
69.83,69.83,63.23,28.02,76.28
66.34,66.34,62.10,45.36,75.96
73.09,73.09,66.21,52.50,74.37
71.82,71.82,70.27,57.31,73.29
67.20,67.20,87.78,63.52,65.94
65.88,65.88,90.26,72.54,59.36
70.50,70.50,89.15,79.76,59.81
76.76,76.76,88.88,81.31,61.57
77.50,77.50,81.72,79.43,61.51
78.71,78.71,80.84,77.03,60.20
80.28,80.28,78.53,77.76,64.30
79.44,79.44,78.98,81.20,63.20
82.01,82.01,81.65,85.93,65.07
81.86,81.86,76.37,84.73,67.66
82.03,82.03,70.03,84.37,67.88
82.39,82.39,58.92,81.70,70.58
82.23,82.23,62.08,68.18,73.12
81.96,81.96,59.05,60.14,75.05
80.95,80.95,55.01,61.25,75.03
83.72,83.72,51.33,59.96,74.07
82.80,82.80,48.11,57.72,73.61
82.14,82.14,53.38,60.05,72.37
80.92,80.92,58.42,76.00,74.81
82.20,82.20,65.67,87.04,75.95
80.44,80.44,72.72,86.58,73.52
80.76,80.76,73.22,87.79,76.04
80.00,80.00,73.27,85.22,72.46
79.00,79.00,72.75,87.75,71.89
82.64,82.64,70.80,87.38,71.81
82.57,82.57,69.70,86.85,72.13
81.17,81.17,68.38,87.22,73.07
81.84,81.84,67.33,85.96,74.14
78.96,78.96,67.15,81.66,73.27
77.52,77.52,66.21,65.41,74.07
76.59,76.59,66.08,59.40,72.40
70.38,70.38,67.27,49.86,71.01
68.33,68.33,72.69,57.76,66.18
69.34,69.34,91.23,63.06,63.90
69.64,69.64,90.92,70.68,61.86
71.60,71.60,90.20,73.20,62.86
75.25,75.25,85.89,75.05,59.41
78.04,78.04,86.07,75.77,58.68
77.66,77.66,77.42,75.50,60.44
80.10,80.10,77.42,75.92,62.89
81.02,81.02,81.28,79.68,65.67
81.28,81.28,77.27,81.79,66.73
79.67,79.67,74.39,83.70,67.22
79.98,79.98,69.79,84.36,69.18
77.09,77.09,65.22,77.81,67.78
74.74,74.74,60.69,61.37,68.63
73.99,73.99,55.83,51.06,68.71
75.66,75.66,58.92,44.52,68.39
72.90,72.90,63.97,52.03,70.30
73.99,73.99,81.65,54.68,65.46
72.98,72.98,85.83,77.34,61.37
75.17,75.17,85.12,78.97,64.14
80.93,80.93,85.32,80.51,64.52
82.66,82.66,82.67,80.96,65.00
81.75,81.75,80.21,84.82,66.93
82.11,82.11,77.09,86.38,67.12
81.06,81.06,68.30,86.04,68.73
79.90,79.90,74.44,87.29,70.36
81.26,81.26,70.54,84.98,71.75
81.05,81.05,67.90,88.09,71.41
81.42,81.42,65.18,84.33,71.64
82.54,82.54,67.39,73.91,71.92
82.55,82.55,70.08,66.55,72.43
83.84,83.84,70.82,63.91,70.65
83.56,83.56,69.66,65.26,67.88
82.53,82.53,82.85,59.32,66.87
78.99,78.99,91.50,61.40,63.54
79.28,79.28,91.11,70.54,62.38
79.64,79.64,89.35,76.81,63.51
79.88,79.88,85.53,68.66,65.59
76.23,76.23,89.51,80.01,66.48
76.56,76.56,86.89,76.58,68.75
78.95,78.95,86.40,75.22,68.21
76.89,76.89,84.00,83.64,69.10
81.37,81.37,78.83,78.87,67.87
79.70,79.70,75.90,85.97,70.51
78.77,78.77,72.48,82.50,70.13
78.72,78.72,69.42,84.90,69.78
78.57,78.57,67.04,87.66,72.07
77.17,77.17,68.20,74.14,72.48
78.77,78.77,66.78,83.39,72.64
75.94,75.94,65.30,75.86,72.95
73.41,73.41,64.69,81.45,72.44
75.58,75.58,64.08,73.71,72.09
78.46,78.46,65.16,83.09,72.67
81.19,81.19,70.10,80.36,72.44
80.15,80.15,68.89,78.58,73.65
77.07,77.07,67.52,79.04,72.50
76.94,76.94,64.62,74.77,71.72
78.83,78.83,63.21,79.55,73.10
79.82,79.82,63.28,79.53,70.62
74.88,74.88,61.93,76.87,72.77
74.30,74.30,60.48,78.01,72.56
74.52,74.52,59.46,78.76,72.13
73.21,73.21,59.30,81.17,74.46
72.34,72.34,59.43,74.66,72.03
72.76,72.76,65.34,81.06,70.10
74.28,74.28,71.26,72.15,68.39
73.51,73.51,87.10,75.18,59.86
71.78,71.78,91.81,70.12,56.11
73.19,73.19,91.40,70.64,57.28
81.15,81.15,88.98,70.46,59.94
79.98,79.98,88.03,64.94,59.41
82.74,82.74,85.16,70.05,62.11
81.38,81.38,84.36,65.94,63.53
81.74,81.74,75.03,63.39,62.79
79.21,79.21,76.00,62.86,65.08
80.27,80.27,74.93,71.90,63.65
80.19,80.19,69.79,73.53,66.30
80.22,80.22,64.15,71.87,66.99
79.65,79.65,61.72,80.95,67.97
80.25,80.25,59.86,72.63,70.33
78.85,78.85,58.84,79.17,68.44
79.01,79.01,58.76,75.54,69.83
77.31,77.31,60.10,70.74,69.77
76.84,76.84,60.42,77.55,70.10
76.28,76.28,64.69,65.99,70.51
74.23,74.23,67.75,72.01,71.27
71.69,71.69,65.12,73.25,69.04
69.06,69.06,61.67,74.00,71.31
72.91,72.91,55.42,72.23,75.12
73.20,73.20,50.06,74.98,74.48
72.52,72.52,46.09,76.04,75.17
70.09,70.09,43.74,71.89,74.81
69.31,69.31,44.08,76.58,72.92
69.22,69.22,44.61,73.50,74.59
70.64,70.64,44.58,74.65,73.85
68.31,68.31,45.45,72.39,75.10
67.85,67.85,55.22,66.34,73.46
66.13,66.13,65.34,71.44,73.31
61.67,61.67,71.19,68.61,71.90
63.06,63.06,90.88,70.94,62.36
66.64,66.64,90.97,59.12,61.78
75.66,75.66,90.59,62.17,61.47
78.80,78.80,90.80,61.03,61.70
80.92,80.92,86.61,58.92,61.72
82.23,82.23,85.30,61.56,60.46
82.86,82.86,76.19,57.95,61.61
81.55,81.55,75.56,64.58,63.96
82.28,82.28,76.30,61.83,64.49
80.26,80.26,84.41,69.45,68.08
78.50,78.50,82.21,73.68,67.95
80.18,80.18,81.72,76.08,69.58
79.77,79.77,76.14,85.19,71.79
76.96,76.96,65.20,80.42,71.77
81.96,81.96,58.80,69.75,71.41
82.57,82.57,54.92,69.99,71.21
84.11,84.11,56.33,71.71,72.45
80.34,80.34,60.52,69.97,74.21
81.93,81.93,67.43,67.35,73.07
81.60,81.60,66.03,68.24,74.09
82.92,82.92,62.59,68.31,74.45
82.46,82.46,58.18,66.82,72.47
84.16,84.16,54.65,69.88,73.06
84.50,84.50,50.88,70.64,72.29
82.79,82.79,50.96,70.36,73.29
80.49,80.49,52.29,69.28,74.13
81.62,81.62,51.01,66.91,74.26
81.99,81.99,51.44,69.01,71.58
82.80,82.80,53.52,68.40,71.98
77.79,77.79,57.83,68.76,69.74
76.89,76.89,66.40,69.27,66.53
73.83,73.83,70.49,65.48,59.65
74.45,74.45,90.02,57.12,59.37
70.69,70.69,92.51,44.12,54.68
77.84,77.84,90.77,28.55,54.61
74.39,74.39,91.37,15.60,52.42
78.50,78.50,87.65,23.00,55.08
77.88,77.88,85.69,29.54,55.82
77.82,77.82,82.78,31.45,56.64
76.78,76.78,83.59,27.79,60.55
77.17,77.17,80.52,35.77,63.74
77.79,77.79,80.34,33.55,64.33
76.82,76.82,81.59,28.51,65.33
75.56,75.56,70.75,19.03,65.26
76.74,76.74,68.71,14.84,67.26
76.06,76.06,73.95,14.52,69.48
76.60,76.60,69.21,11.34,70.75
78.02,78.02,64.58,3.20,72.06
75.66,75.66,68.60,3.00,70.52
74.95,74.95,66.03,1.68,70.33
77.37,77.37,70.87,5.73,72.69
83.04,83.04,70.59,11.16,72.57
81.39,81.39,74.12,24.00,73.05
81.84,81.84,79.46,34.87,83.10
81.28,81.28,72.57,35.78,83.44
82.21,82.21,70.11,35.47,79.44
81.47,81.47,60.92,29.62,73.56
80.24,80.24,61.39,20.01,73.46
81.06,81.06,62.72,19.50,74.40
81.92,81.92,62.81,25.94,75.29
82.56,82.56,59.77,34.67,75.46
81.27,81.27,57.66,36.74,76.24
83.73,83.73,58.30,45.55,76.11
82.18,82.18,65.57,45.08,72.74
82.38,82.38,66.35,46.22,71.65
82.10,82.10,81.22,57.28,68.08
79.57,79.57,91.30,61.18,64.76
78.25,78.25,90.92,69.39,65.43
80.80,80.80,88.39,69.67,66.35
83.25,83.25,87.94,60.61,67.55
80.47,80.47,84.19,74.32,71.08
78.90,78.90,83.87,76.26,71.58
80.59,80.59,81.36,80.19,71.16
81.91,81.91,77.42,82.52,69.12
81.38,81.38,69.71,83.38,70.88
82.29,82.29,69.75,83.90,72.35
82.78,82.78,68.19,85.03,72.75
80.07,80.07,66.27,85.53,72.33
82.74,82.74,63.97,86.66,73.29
84.45,84.45,63.54,87.02,72.06
79.91,79.91,62.64,79.71,74.09
75.31,75.31,63.10,72.56,74.62
74.75,74.75,66.27,69.48,76.14
78.16,78.16,68.02,70.62,74.83
77.97,77.97,66.31,69.42,74.88
79.81,79.81,65.22,69.31,72.94
77.54,77.54,61.69,70.34,72.94
77.81,77.81,60.18,72.73,74.57
77.61,77.61,56.98,71.46,73.23
77.19,77.19,56.16,70.98,73.03
75.87,75.87,48.47,71.21,74.65
77.43,77.43,45.86,69.79,73.84
75.99,75.99,45.73,71.14,74.50
74.80,74.80,45.01,71.37,72.85
76.75,76.75,43.73,69.27,73.33
73.94,73.94,56.89,66.87,72.44
72.25,72.25,70.34,59.34,71.25
75.43,75.43,73.63,45.60,69.18
72.96,72.96,86.88,35.87,61.93
71.80,71.80,91.96,7.74,59.54
78.84,78.84,91.40,-0.00,59.11
80.15,80.15,89.91,-0.00,58.81
82.08,82.08,85.65,-0.00,61.11
81.25,81.25,84.03,-0.00,59.81
81.76,81.76,83.40,-0.00,61.15
79.66,79.66,81.28,-0.00,61.40
81.06,81.06,81.90,0.07,64.40
79.84,79.84,75.60,4.83,64.98
80.05,80.05,75.85,5.45,69.15
79.62,79.62,71.53,8.97,69.23
79.15,79.15,69.55,15.48,71.27
79.81,79.81,64.47,17.61,72.59
79.92,79.92,59.75,16.12,72.32
80.01,80.01,59.56,13.59,73.61
78.55,78.55,59.97,13.41,73.97
76.67,76.67,61.54,31.30,74.93
78.49,78.49,65.89,37.70,73.80
75.17,75.17,71.59,39.44,74.60
73.64,73.64,73.07,37.77,75.54
75.11,75.11,73.51,29.26,76.46
74.32,74.32,72.00,24.32,77.75
72.82,72.82,71.07,24.40,79.66
75.95,75.95,69.71,17.73,79.93
72.84,72.84,67.77,15.25,78.99
71.90,71.90,66.73,14.21,77.44
73.60,73.60,67.23,21.77,75.73
72.47,72.47,64.82,33.53,77.39
73.30,73.30,63.20,45.18,77.91
73.95,73.95,64.07,44.25,74.97
70.24,70.24,67.66,51.84,75.06
69.61,69.61,72.76,49.47,72.88
71.92,71.92,91.99,63.78,65.50
70.29,70.29,90.93,73.53,63.30
71.18,71.18,89.12,75.81,62.88
78.13,78.13,86.24,76.82,64.89
78.09,78.09,81.63,74.43,63.09
80.62,80.62,83.56,75.11,65.11
79.00,79.00,82.05,80.63,67.49
79.43,79.43,81.34,84.01,65.67
81.93,81.93,72.50,82.94,65.81
81.80,81.80,60.21,82.94,67.56
81.06,81.06,63.44,83.82,68.21
80.48,80.48,69.39,83.86,73.67
82.43,82.43,64.42,73.86,73.30
82.96,82.96,55.24,60.45,74.20
82.14,82.14,53.11,58.81,73.18
80.81,80.81,50.49,51.78,75.48
79.14,79.14,52.21,49.27,74.06
80.84,80.84,55.21,51.36,73.34
83.60,83.60,62.04,60.58,73.76
80.51,80.51,71.49,62.36,74.65
74.59,74.59,74.29,77.43,74.71
71.62,71.62,73.19,87.65,71.81
71.15,71.15,72.42,86.16,73.23
70.84,70.84,71.34,86.34,73.05
72.09,72.09,69.73,87.87,74.43
70.01,70.01,68.78,86.50,73.99
66.16,66.16,67.72,87.88,74.93
68.27,68.27,67.57,85.44,74.47
69.63,69.63,67.11,86.97,73.26
68.73,68.73,64.67,87.86,70.93
69.38,69.38,65.26,71.84,70.49
67.59,67.59,69.10,56.54,67.84
67.35,67.35,77.03,56.63,63.61
68.32,68.32,90.37,63.12,58.14
70.37,70.37,88.98,70.98,57.67
69.86,69.86,90.53,71.73,56.95
72.88,72.88,87.43,73.07,56.16
76.32,76.32,84.44,73.85,58.92
79.36,79.36,76.72,74.18,59.78
78.18,78.18,79.61,77.19,61.49
75.05,75.05,81.54,80.35,62.09
75.28,75.28,79.84,81.81,63.01
75.20,75.20,75.94,83.08,63.95
75.45,75.45,66.03,84.44,67.12
76.10,76.10,55.70,85.53,67.54
76.07,76.07,60.72,84.07,68.46
77.78,77.78,57.94,58.37,68.62
77.95,77.95,52.01,53.53,69.84
78.02,78.02,56.70,45.30,69.97
76.66,76.66,69.50,43.73,66.71
74.90,74.90,81.31,55.39,63.11
76.20,76.20,77.34,73.07,67.55
76.31,76.31,70.63,77.29,69.57
76.28,76.28,65.48,78.42,72.84
75.92,75.92,61.89,81.09,71.39
75.84,75.84,57.01,84.70,69.61
76.17,76.17,54.01,82.42,71.87
75.39,75.39,51.95,89.03,71.37
74.78,74.78,51.47,86.26,72.15
73.93,73.93,52.59,86.93,71.35
74.19,74.19,53.49,85.85,73.48
74.89,74.89,52.61,82.03,72.51
75.66,75.66,54.01,85.49,71.59
74.92,74.92,64.56,84.60,69.53
73.63,73.63,72.27,87.04,71.19
72.64,72.64,84.96,77.40,66.01
70.54,70.54,91.99,69.01,59.89
72.47,72.47,89.92,73.74,60.93
73.04,73.04,86.65,69.03,63.98
72.68,72.68,85.48,73.47,65.10
71.59,71.59,82.08,75.49,68.27
72.88,72.88,77.54,78.81,70.53
70.69,70.69,74.00,77.72,71.30
72.09,72.09,76.61,73.51,69.84
72.32,72.32,75.24,80.40,72.37
72.02,72.02,70.73,83.31,72.23
70.23,70.23,67.77,86.43,72.25
70.68,70.68,66.27,87.12,72.66
73.45,73.45,66.44,86.40,70.99
71.90,71.90,66.49,87.45,73.44
69.02,69.02,65.40,87.40,73.17
69.03,69.03,67.14,87.73,74.75
71.96,71.96,65.96,89.22,73.57
72.12,72.12,69.97,84.22,71.24
71.94,71.94,70.26,88.80,72.15
73.41,73.41,67.81,84.32,71.98
79.80,79.80,64.76,86.31,71.46
79.24,79.24,62.39,88.97,71.85
78.01,78.01,60.56,78.41,73.24
78.82,78.82,58.95,78.72,72.72
78.35,78.35,59.64,79.40,73.55
79.55,79.55,59.32,77.39,71.49
80.47,80.47,59.85,80.36,71.78
82.51,82.51,57.78,80.37,70.54
82.83,82.83,56.87,78.63,71.34
81.43,81.43,58.75,77.18,72.07
81.07,81.07,65.92,81.09,69.26
80.55,80.55,71.10,71.91,66.27
79.68,79.68,89.04,73.52,62.82
78.59,78.59,90.88,70.94,60.74
78.96,78.96,90.90,73.60,63.71
78.95,78.95,90.96,68.49,63.44
76.50,76.50,85.46,66.79,62.17
78.33,78.33,87.74,71.22,63.21
76.58,76.58,80.46,52.41,64.69
77.18,77.18,75.26,67.79,65.81
78.33,78.33,74.73,63.06,67.85
80.22,80.22,74.33,73.49,68.49
81.70,81.70,58.70,71.62,67.62
80.61,80.61,54.87,73.74,65.91
80.98,80.98,55.46,81.01,66.93
79.37,79.37,48.09,70.55,70.26
79.04,79.04,51.15,77.96,67.98
79.45,79.45,51.65,73.68,70.81
78.65,78.65,55.99,77.19,70.56
79.41,79.41,60.69,75.25,68.62
80.61,80.61,67.68,69.37,70.87
77.79,77.79,66.44,77.01,70.37
77.60,77.60,63.63,72.54,70.76
77.85,77.85,59.13,76.59,72.00
77.75,77.75,57.29,73.67,72.97
74.94,74.94,56.77,78.46,74.03
77.08,77.08,55.86,76.24,73.57
74.13,74.13,52.55,70.67,74.41
73.04,73.04,52.40,77.49,72.98
75.27,75.27,53.24,68.94,74.57
73.04,73.04,50.68,74.22,73.09
72.10,72.10,54.06,75.68,72.56
70.61,70.61,61.86,70.90,73.74
65.77,65.77,69.03,69.49,71.53
66.49,66.49,75.24,59.53,68.86
69.19,69.19,91.92,57.53,59.29
62.84,62.84,92.40,35.57,60.27
62.86,62.86,91.32,31.87,61.72
65.32,65.32,87.41,24.23,63.18
65.21,65.21,86.77,23.38,63.15
67.53,67.53,85.66,28.46,62.75
69.02,69.02,80.37,25.88,64.60
70.74,70.74,74.87,29.35,64.57
68.72,68.72,76.81,28.78,65.54
70.05,70.05,77.36,24.60,68.38
69.23,69.23,72.51,24.47,69.75
69.83,69.83,71.72,25.73,72.47
71.86,71.86,71.90,26.86,71.74
69.02,69.02,66.09,28.05,73.11
69.40,69.40,55.56,23.42,74.32
66.50,66.50,42.96,37.01,73.52
69.40,69.40,47.84,47.93,74.86
65.85,65.85,52.00,52.82,75.28
68.73,68.73,66.50,62.15,73.54
65.76,65.76,65.81,63.43,72.88
65.92,65.92,61.50,66.21,72.75
66.72,66.72,56.55,67.38,73.52
66.35,66.35,47.87,67.41,75.81
63.65,63.65,41.32,70.05,73.93
67.43,67.43,38.01,71.22,74.54
64.42,64.42,37.36,70.30,75.17
63.48,63.48,40.48,70.18,73.14
65.61,65.61,47.22,68.10,72.75
63.39,63.39,46.65,70.94,73.31
59.38,59.38,50.55,68.66,72.64
61.06,61.06,59.63,69.31,71.42
58.08,58.08,68.18,65.91,67.91
57.18,57.18,77.91,57.13,61.21
59.79,59.79,92.07,33.91,57.89
55.21,55.21,92.73,26.35,58.71
47.66,47.66,90.56,2.60,59.16
51.37,51.37,88.62,7.39,56.73
56.52,56.52,84.01,15.42,57.89
59.54,59.54,82.85,21.14,60.10
62.36,62.36,83.32,18.19,62.25
65.49,65.49,76.09,26.54,64.16
65.93,65.93,79.57,23.19,67.37
66.15,66.15,78.37,12.89,69.67
61.50,61.50,61.34,3.76,70.87
62.10,62.10,63.25,1.13,71.38
60.67,60.67,71.83,8.21,71.29
59.08,59.08,65.90,18.69,73.29
60.37,60.37,60.83,39.56,73.69
60.93,60.93,51.57,56.75,72.86
56.33,56.33,46.62,59.47,74.37
55.55,55.55,53.31,79.02,74.49
57.97,57.97,55.20,85.25,73.68
59.16,59.16,65.89,85.06,73.81
59.44,59.44,64.97,82.96,76.65
59.44,59.44,61.97,87.09,77.30
55.28,55.28,55.86,84.39,75.88
60.60,60.60,48.56,85.05,75.84
59.16,59.16,44.14,84.37,73.54
55.59,55.59,43.30,88.15,74.05
56.23,56.23,46.84,84.77,73.99
56.39,56.39,52.15,86.69,74.68
58.40,58.40,50.82,86.01,74.43
59.03,59.03,51.46,78.25,74.46
53.53,53.53,66.03,64.90,73.67
60.10,60.10,67.87,58.97,73.98
55.56,55.56,85.33,63.74,67.53
51.97,51.97,92.49,65.52,58.70
48.46,48.46,91.04,73.84,58.31
50.34,50.34,88.61,74.86,62.07
48.58,48.58,86.93,76.07,63.64
53.56,53.56,81.02,78.16,65.37
57.71,57.71,77.95,77.48,68.29
57.54,57.54,76.27,79.35,68.84
50.58,50.58,75.88,82.53,68.31
58.60,58.60,72.31,84.83,72.10
60.74,60.74,67.73,87.04,73.14
59.74,59.74,66.60,84.02,72.57
59.60,59.60,65.39,84.59,75.53
61.23,61.23,64.30,85.66,75.24
56.67,56.67,64.17,82.69,75.13
55.12,55.12,64.20,76.62,74.38
58.62,58.62,62.57,71.10,75.87
63.03,63.03,64.17,66.83,76.83
60.23,60.23,64.18,66.83,76.90
61.00,61.00,65.30,65.19,77.65
57.51,57.51,68.09,65.56,76.40
54.33,54.33,65.05,64.86,76.51
55.19,55.19,61.64,63.01,76.31
56.46,56.46,51.37,62.54,75.79
54.17,54.17,44.00,64.32,76.56
49.05,49.05,41.00,64.98,74.90
50.06,50.06,41.64,66.34,75.41
55.75,55.75,43.92,67.21,74.26
57.66,57.66,47.90,67.10,75.71
54.40,54.40,45.73,68.69,75.95
52.30,52.30,62.63,67.02,75.18
50.10,50.10,69.45,58.82,74.59
47.88,47.88,72.63,49.03,72.17
46.98,46.98,90.99,37.44,62.22
44.24,44.24,91.66,19.15,57.52
42.11,42.11,90.90,8.76,56.55
47.76,47.76,91.37,8.98,57.35
50.95,50.95,84.87,8.89,58.02
53.12,53.12,84.94,13.00,64.52
49.96,49.96,81.22,9.22,65.01
46.67,46.67,82.29,9.05,67.28
45.37,45.37,77.79,2.98,67.19
45.21,45.21,73.33,5.36,70.41
43.62,43.62,72.83,9.05,72.30
43.92,43.92,67.19,17.64,73.08
40.82,40.82,68.17,23.45,74.19
38.81,38.81,57.33,25.30,74.09
45.25,45.25,45.70,23.53,72.94
40.23,40.23,48.04,25.90,75.39
43.14,43.14,43.38,35.03,75.79
44.47,44.47,48.09,43.26,75.23
37.88,37.88,54.39,44.67,75.48
26.47,26.47,70.93,40.41,76.34
19.87,19.87,73.18,35.58,75.94
21.37,21.37,73.38,30.97,77.36
26.79,26.79,72.06,25.57,79.21
33.04,33.04,70.97,16.67,79.60
29.13,29.13,70.96,15.36,79.09
31.29,31.29,69.29,8.39,77.68
28.93,28.93,67.82,3.48,78.17
29.48,29.48,67.11,6.21,76.88
31.10,31.10,66.64,14.79,78.94
29.27,29.27,65.36,21.55,78.78
29.63,29.63,64.65,37.12,77.93
27.12,27.12,68.28,53.07,74.86
27.57,27.57,74.49,56.04,72.55
27.43,27.43,92.38,63.36,61.00
30.88,30.88,90.98,73.96,60.33
36.98,36.98,89.50,75.16,60.69
38.86,38.86,86.98,77.09,60.75
36.16,36.16,86.64,80.84,61.43
36.06,36.06,79.51,78.09,65.68
37.01,37.01,78.97,78.45,66.29
40.73,40.73,78.24,81.97,67.48
37.03,37.03,77.09,83.42,67.42
32.65,32.65,79.17,86.32,66.89
29.75,29.75,73.33,85.26,69.55
25.22,25.22,69.92,78.77,72.97
25.48,25.48,61.72,61.27,73.69
26.30,26.30,59.13,60.07,74.56
28.70,28.70,54.17,59.39,74.01
33.70,33.70,43.28,55.11,74.74
32.37,32.37,45.20,52.72,73.63
33.50,33.50,56.65,54.99,75.24
31.76,31.76,69.42,65.18,77.08
29.24,29.24,71.64,65.67,78.24
22.94,22.94,74.74,85.79,76.42
21.04,21.04,72.78,85.20,74.45
23.08,23.08,71.73,87.54,73.79
27.87,27.87,70.25,85.74,73.53
27.95,27.95,69.64,85.15,75.34
32.42,32.42,68.71,87.70,77.32
30.11,30.11,67.26,85.82,74.91
33.33,33.33,66.46,87.25,75.72
39.86,39.86,66.12,84.32,76.60
42.31,42.31,65.38,83.91,75.33
45.80,45.80,64.58,69.41,73.40
55.95,55.95,67.16,55.05,71.53
64.80,64.80,80.89,57.39,67.88
70.94,70.94,91.48,57.91,63.86
70.39,70.39,91.21,65.03,61.53
75.40,75.40,86.83,66.42,62.45
76.99,76.99,87.89,64.17,63.51
77.41,77.41,83.75,74.11,64.13
76.97,76.97,82.68,78.38,66.90
74.97,74.97,79.44,80.66,68.58
74.75,74.75,71.38,81.93,68.68
74.28,74.28,63.96,82.71,70.60
75.14,75.14,62.57,84.10,73.68
74.30,74.30,57.61,84.72,73.56
75.87,75.87,61.92,83.90,74.82
76.94,76.94,59.50,87.44,72.19
76.04,76.04,62.54,78.46,75.01
77.11,77.11,71.07,64.36,75.98
77.48,77.48,65.44,48.96,74.78
75.68,75.68,84.30,37.91,69.19
76.26,76.26,84.53,32.10,70.05
77.67,77.67,82.47,50.30,68.95
75.24,75.24,75.53,70.44,68.31
75.18,75.18,66.71,75.19,68.94
74.16,74.16,61.38,81.31,70.50
72.72,72.72,58.04,84.11,71.89
72.88,72.88,56.56,88.12,70.21
72.71,72.71,53.52,85.22,73.47
72.92,72.92,55.46,86.11,70.78
72.89,72.89,55.32,87.01,73.64
73.39,73.39,55.20,83.82,74.84
72.75,72.75,54.33,86.86,71.75
73.25,73.25,55.12,83.39,71.76
73.17,73.17,60.69,85.64,68.01
72.67,72.67,68.83,83.22,67.77
70.78,70.78,85.99,74.87,65.07
71.37,71.37,92.40,64.61,62.41
73.81,73.81,89.57,75.75,67.79
74.20,74.20,87.75,72.05,68.14
74.44,74.44,87.55,75.19,68.21
72.53,72.53,86.51,81.80,71.28
71.14,71.14,84.58,79.78,71.84
70.34,70.34,81.80,84.34,71.04
70.79,70.79,80.56,82.04,72.30
74.11,74.11,73.12,82.89,72.62
73.96,73.96,67.92,88.61,74.27
75.54,75.54,66.76,81.86,75.24
75.18,75.18,64.76,87.88,74.67
75.99,75.99,65.65,84.54,74.79
76.41,76.41,64.16,83.47,74.39
74.39,74.39,64.97,82.97,73.62
75.37,75.37,66.43,81.28,73.95
78.36,78.36,67.40,77.91,75.38
76.45,76.45,67.34,83.26,73.58
75.03,75.03,68.76,84.91,74.89
78.99,78.99,67.65,86.89,75.07
82.05,82.05,66.60,82.32,73.78
82.00,82.00,64.97,85.73,73.98
80.25,80.25,61.98,85.80,72.16
79.67,79.67,62.96,87.91,74.79
81.46,81.46,64.03,77.73,76.31
82.75,82.75,63.15,81.22,74.54
83.37,83.37,63.64,75.95,73.24
82.84,82.84,61.72,83.40,74.98
83.01,83.01,61.60,78.61,73.27
82.43,82.43,63.73,78.21,74.88
82.40,82.40,67.51,80.95,73.56
80.27,80.27,72.16,68.73,71.25
77.12,77.12,91.12,74.19,65.85
77.82,77.82,91.71,66.23,66.48
79.51,79.51,90.79,68.73,68.14
82.26,82.26,89.49,65.55,66.22
80.73,80.73,86.95,61.99,65.58
82.93,82.93,87.06,66.30,65.64
82.42,82.42,79.85,51.41,67.92
82.41,82.41,76.80,64.67,68.77
82.64,82.64,76.28,67.71,67.84
82.92,82.92,73.32,72.42,68.75
80.99,80.99,63.85,71.10,69.92
82.52,82.52,62.97,76.51,70.33
80.39,80.39,61.66,79.75,69.84
81.91,81.91,61.09,70.99,72.41
82.21,82.21,61.00,79.76,69.15
81.50,81.50,61.18,71.33,70.42
81.17,81.17,61.66,78.57,71.27
78.28,78.28,63.44,73.88,69.68
76.14,76.14,62.04,72.34,71.76
74.29,74.29,66.01,75.49,69.36
70.46,70.46,67.47,71.88,69.97
69.64,69.64,64.84,78.13,71.88
71.32,71.32,59.85,74.60,74.67
71.80,71.80,54.08,77.61,73.52
71.85,71.85,49.65,74.52,74.69
69.17,69.17,47.75,75.81,75.21
72.79,72.79,46.88,75.85,73.88
73.05,73.05,49.68,67.11,74.32
74.01,74.01,49.35,76.07,72.36
72.17,72.17,53.20,73.54,72.78
68.46,68.46,58.87,68.87,73.21
68.54,68.54,68.37,70.78,72.40
68.36,68.36,77.23,62.93,68.78
70.06,70.06,93.37,57.34,62.34
70.50,70.50,90.12,38.93,64.31
71.66,71.66,92.97,28.46,61.82
71.55,71.55,86.89,20.82,64.10
72.04,72.04,85.82,30.70,65.51
71.17,71.17,83.38,31.61,65.79
71.18,71.18,82.31,16.31,64.64
71.10,71.10,75.38,15.99,65.33
72.08,72.08,80.94,11.19,68.16
73.54,73.54,77.80,14.43,70.37
74.03,74.03,70.55,22.58,69.85
72.33,72.33,71.66,22.48,71.46
71.95,71.95,74.04,24.67,73.13
71.71,71.71,65.55,30.11,70.80
71.29,71.29,55.51,31.90,74.24
70.52,70.52,47.50,28.75,73.75
70.18,70.18,42.33,29.76,74.32
64.51,64.51,46.49,33.11,76.63
63.85,63.85,53.37,34.49,74.16
65.97,65.97,67.74,27.76,74.51
66.10,66.10,66.42,41.30,76.11
66.00,66.00,63.43,54.63,74.47
67.33,67.33,55.05,63.05,73.67
64.26,64.26,47.49,68.00,73.03
66.55,66.55,42.46,68.41,74.21
68.27,68.27,38.82,70.42,74.84
68.45,68.45,40.75,71.16,75.85
66.46,66.46,45.91,68.56,74.16
65.18,65.18,50.42,70.96,73.24
64.54,64.54,59.72,68.50,72.14
58.53,58.53,66.68,68.19,68.81
58.85,58.85,77.28,68.13,62.99
62.11,62.11,91.95,63.35,60.41
58.46,58.46,91.62,70.62,60.69
60.67,60.67,90.30,71.48,59.94
63.51,63.51,88.87,74.50,57.85
65.48,65.48,86.41,70.52,62.03
65.64,65.64,82.00,76.35,61.56
66.08,66.08,83.27,80.40,62.89
67.49,67.49,76.34,80.12,65.47
67.36,67.36,71.54,80.63,66.36
67.79,67.79,78.24,84.09,67.20
68.34,68.34,73.75,84.94,68.42
69.27,69.27,62.15,85.46,71.18
63.97,63.97,62.19,87.54,72.88
64.95,64.95,58.27,84.38,73.86
61.46,61.46,50.99,85.75,74.55
55.70,55.70,42.08,83.74,73.83
54.23,54.23,45.65,83.21,75.03
54.22,54.22,49.79,74.59,75.20
61.32,61.32,64.32,65.51,74.98
61.69,61.69,66.43,64.44,74.46
63.03,63.03,64.13,47.26,74.00
63.12,63.12,57.35,51.15,75.75
63.82,63.82,52.37,42.96,75.48
62.07,62.07,47.13,37.71,75.21
53.74,53.74,43.72,31.25,75.10
62.79,62.79,42.93,21.13,75.43
61.12,61.12,42.16,11.03,74.62
61.73,61.73,45.50,12.44,73.09
61.15,61.15,50.66,17.22,75.70
56.12,56.12,48.41,19.14,75.46
58.59,58.59,55.71,35.37,74.54
57.80,57.80,65.54,47.90,73.20
55.14,55.14,68.66,55.74,72.39
53.72,53.72,88.78,59.94,63.60
56.36,56.36,91.39,65.30,60.05
59.56,59.56,90.38,69.67,59.82
61.05,61.05,90.58,70.99,60.18
64.23,64.23,85.15,69.04,61.70
64.37,64.37,86.34,79.63,60.85
62.81,62.81,79.37,79.50,62.87
61.63,61.63,74.40,79.35,63.94
62.23,62.23,71.31,81.33,62.93
62.03,62.03,70.38,85.28,64.96
63.92,63.92,69.11,84.99,62.98
66.01,66.01,67.67,84.34,63.83
64.60,64.60,66.43,84.10,67.75
63.44,63.44,63.86,71.45,68.00
62.05,62.05,64.23,50.89,67.07
59.60,59.60,63.51,46.91,67.07
55.20,55.20,63.63,37.01,68.74
59.42,59.42,64.35,31.94,68.23
59.61,59.61,66.80,43.57,68.60
53.62,53.62,68.63,45.19,67.61
54.23,54.23,64.81,42.82,67.65
54.13,54.13,61.73,37.62,70.02
53.94,53.94,54.30,39.89,68.75
56.27,56.27,48.88,35.19,69.20
58.64,58.64,45.43,34.08,67.74
58.21,58.21,44.67,33.36,68.38
52.68,52.68,44.62,34.29,66.55
57.85,57.85,49.47,31.26,68.38
56.52,56.52,51.59,31.95,66.09
59.04,59.04,46.15,31.35,66.68
58.06,58.06,41.81,28.25,67.40
57.57,57.57,40.21,24.26,70.28
59.21,59.21,43.97,30.84,68.54
58.02,58.02,42.25,23.92,59.96
57.96,57.96,60.45,32.90,59.80
61.51,61.51,60.80,36.41,58.75
62.73,62.73,56.67,33.98,59.72
59.30,59.30,52.37,30.07,60.23
59.59,59.59,46.67,27.96,61.20
57.09,57.09,42.43,24.30,64.22
60.23,60.23,40.42,21.30,63.83
60.03,60.03,39.51,24.46,64.76
59.32,59.32,39.10,30.91,65.18
59.10,59.10,37.91,33.35,64.15
65.06,65.06,41.45,36.71,66.78
67.33,67.33,42.21,38.42,67.94
56.30,56.30,43.17,36.87,66.96
56.10,56.10,41.44,34.02,66.12
57.36,57.36,44.07,32.59,68.75
55.31,55.31,51.63,37.25,70.28
57.31,57.31,59.14,42.00,69.64
56.81,56.81,70.86,47.11,70.47
49.52,49.52,72.44,48.65,67.74
52.94,52.94,72.15,48.40,67.65
46.69,46.69,72.35,43.30,69.03
46.77,46.77,70.76,40.66,69.79
45.14,45.14,69.49,32.70,68.54
41.77,41.77,67.98,35.19,70.18
41.74,41.74,67.97,34.67,69.56
49.20,49.20,67.99,33.05,70.60
49.13,49.13,66.58,28.56,68.61
46.14,46.14,65.85,28.72,68.24
44.85,44.85,63.96,30.76,66.56
45.77,45.77,64.65,34.07,69.91
47.34,47.34,65.76,32.94,69.02
45.17,45.17,64.87,30.35,66.64
46.09,46.09,62.92,32.79,58.61
43.70,43.70,64.24,33.85,56.70
44.01,44.01,63.53,34.01,59.12
45.28,45.28,62.03,36.33,59.91
48.09,48.09,55.92,32.72,59.88
45.28,45.28,50.82,26.27,62.28
35.94,35.94,45.24,24.48,63.37
34.96,34.96,43.82,25.94,66.23
35.22,35.22,42.89,25.72,64.82
32.45,32.45,42.29,25.59,64.23
32.07,32.07,42.16,25.95,65.96
34.94,34.94,41.78,26.99,70.21
38.83,38.83,45.43,30.54,72.27
35.75,35.75,44.49,30.03,71.83
31.08,31.08,45.76,26.11,69.44
25.01,25.01,49.15,26.31,70.38
15.79,15.79,62.65,31.24,71.04
20.72,20.72,70.44,24.07,70.85
15.42,15.42,69.96,33.76,72.52
18.83,18.83,71.05,31.21,71.30
19.82,19.82,72.54,28.93,72.12
22.88,22.88,73.17,23.16,73.13
23.54,23.54,72.09,27.15,74.49
24.86,24.86,72.66,29.30,73.40
24.78,24.78,69.89,29.15,74.49
20.29,20.29,68.34,26.06,73.01
18.96,18.96,67.79,25.79,73.01
19.39,19.39,67.89,17.01,70.98
22.89,22.89,67.00,18.46,71.15
21.39,21.39,65.90,25.73,72.39
20.98,20.98,63.49,27.57,71.23
24.34,24.34,62.77,20.45,70.58
29.70,29.70,63.71,21.72,69.28
29.88,29.88,61.50,29.71,61.59
30.99,30.99,60.57,25.94,64.15
30.08,30.08,56.32,24.28,60.30
26.58,26.58,53.48,25.06,65.27
27.50,27.50,46.84,17.65,65.88
27.54,27.54,42.28,21.48,66.69
25.89,25.89,40.83,21.22,69.22
25.01,25.01,40.17,18.96,71.39
28.70,28.70,39.73,21.68,72.29
27.87,27.87,39.37,23.71,73.13
24.32,24.32,43.67,20.82,72.22
23.48,23.48,43.30,18.83,72.88
22.53,22.53,42.57,15.18,74.20
24.05,24.05,41.08,22.80,71.42
23.62,23.62,42.64,27.47,75.70
20.25,20.25,45.49,25.96,75.89
20.20,20.20,44.75,26.41,71.24
23.46,23.46,47.81,22.86,65.96
24.61,24.61,55.79,26.85,67.18
25.78,25.78,51.42,26.00,66.18
24.77,24.77,46.43,21.77,63.27
22.65,22.65,40.84,17.75,67.32
21.51,21.51,37.83,17.20,68.85
23.04,23.04,33.89,21.21,69.02
22.86,22.86,36.80,21.98,68.58
22.58,22.58,39.86,21.71,72.11
27.15,27.15,46.33,22.83,72.48
33.19,33.19,47.18,22.30,73.49
31.27,31.27,47.29,25.54,73.02
31.69,31.69,60.04,47.21,71.12
31.56,31.56,60.62,45.49,69.11
27.74,27.74,64.69,49.58,72.45
31.08,31.08,90.83,54.63,66.23
42.82,42.82,91.80,56.25,58.75
51.17,51.17,89.35,70.62,56.75
62.47,62.47,87.85,66.29,62.44
71.57,71.57,84.70,73.23,63.72
75.63,75.63,88.36,78.53,62.63
76.70,76.70,80.40,74.03,61.61
77.56,77.56,83.72,79.92,62.71
77.70,77.70,77.86,72.96,63.30
78.15,78.15,68.38,72.14,63.21
77.41,77.41,63.63,73.02,63.91
78.09,78.09,62.79,77.59,68.38
78.37,78.37,62.38,82.68,69.66
77.31,77.31,64.74,80.66,69.76
74.15,74.15,62.42,77.76,72.29
76.43,76.43,62.93,78.50,70.81
76.92,76.92,63.94,77.11,72.43
76.34,76.34,64.57,77.76,73.32
76.28,76.28,64.25,77.13,70.79
75.34,75.34,65.14,84.03,71.70
73.83,73.83,63.81,78.91,71.12
70.83,70.83,62.45,80.71,70.57
72.99,72.99,62.93,77.26,67.63
73.58,73.58,61.55,76.25,68.73
72.86,72.86,63.24,80.64,69.59
72.52,72.52,62.27,77.54,70.76
72.48,72.48,61.18,82.14,70.79
67.73,67.73,59.24,78.22,70.32
69.76,69.76,58.78,82.53,70.28
71.43,71.43,55.72,77.38,68.89
72.36,72.36,60.51,80.53,69.89
71.54,71.54,68.41,77.94,67.54
70.43,70.43,76.40,69.40,63.60
66.55,66.55,92.18,72.37,53.41
67.20,67.20,92.41,62.85,49.85
68.03,68.03,91.28,67.51,50.27
64.94,64.94,87.60,63.97,54.50
67.85,67.85,89.41,60.64,53.51
75.14,75.14,84.41,61.76,56.23
75.13,75.13,79.81,51.88,59.33
73.91,73.91,72.53,62.42,60.39
75.31,75.31,76.45,63.34,63.30
73.39,73.39,73.70,71.44,61.97
71.74,71.74,63.58,70.50,64.91
73.18,73.18,63.74,78.77,66.20
76.22,76.22,61.69,77.89,65.55
79.89,79.89,60.36,72.40,67.81
79.14,79.14,60.94,79.65,67.40
78.15,78.15,62.18,72.00,68.56
79.15,79.15,60.68,76.82,68.90
78.47,78.47,60.95,76.60,66.50
76.30,76.30,60.53,73.76,68.25
77.04,77.04,59.87,72.93,68.53
77.60,77.60,60.83,72.36,67.07
74.81,74.81,61.29,78.63,68.81
71.66,71.66,61.51,74.57,72.12
74.65,74.65,61.19,79.47,72.91
75.14,75.14,60.44,73.02,72.55
74.20,74.20,60.11,78.25,72.78
73.91,73.91,59.73,73.33,71.87
73.72,73.72,58.69,72.56,72.01
75.25,75.25,60.29,76.23,71.56
76.23,76.23,59.92,72.17,71.46
73.19,73.19,62.25,70.98,72.31
71.28,71.28,70.05,68.52,70.13
69.08,69.08,82.47,62.76,66.05
71.82,71.82,91.39,52.71,57.42
73.86,73.86,91.68,48.94,57.95
73.58,73.58,90.38,43.92,56.82
73.80,73.80,88.57,44.97,56.98
74.42,74.42,83.21,49.13,58.97
74.03,74.03,84.72,53.12,60.05
72.37,72.37,79.34,54.95,60.68
71.38,71.38,74.71,49.54,62.01
74.14,74.14,79.03,52.63,62.73
75.52,75.52,73.94,60.09,66.07
74.32,74.32,65.80,62.34,66.97
74.00,74.00,67.97,63.97,68.45
76.38,76.38,65.48,65.24,68.52
77.13,77.13,55.26,66.97,70.20
79.07,79.07,46.41,71.01,70.39
78.81,78.81,45.11,65.10,70.20
78.65,78.65,44.22,70.32,71.39
77.05,77.05,41.52,68.04,70.55
76.33,76.33,42.58,68.26,71.59
75.44,75.44,41.65,72.20,71.37
75.97,75.97,41.89,73.65,71.45
75.11,75.11,40.10,67.06,71.45
75.17,75.17,37.39,71.43,70.94
76.28,76.28,33.93,71.21,71.48
75.45,75.45,34.24,67.84,71.74
77.40,77.40,34.33,72.66,73.86
77.28,77.28,35.23,69.53,72.49
75.17,75.17,35.89,69.13,72.05
73.26,73.26,39.09,73.58,71.37
74.78,74.78,50.98,68.59,70.57
72.33,72.33,63.64,65.93,70.41
71.71,71.71,64.40,61.02,59.75
71.13,71.13,85.68,48.31,56.56
68.08,68.08,89.29,41.00,53.58
71.98,71.98,90.83,34.81,53.24
69.68,69.68,91.22,40.45,56.10
65.52,65.52,83.61,44.92,57.26
71.42,71.42,85.25,45.96,57.44
69.59,69.59,84.87,44.33,60.66
68.55,68.55,79.02,50.16,60.94
67.27,67.27,78.39,55.86,61.26
69.07,69.07,76.07,54.01,64.26
69.62,69.62,73.02,48.24,64.27
69.28,69.28,60.85,47.21,66.91
67.42,67.42,70.76,44.86,69.27
66.53,66.53,70.63,45.17,70.29
66.38,66.38,62.35,39.85,71.47
65.94,65.94,66.01,36.14,70.07
68.58,68.58,61.54,38.60,70.83
69.09,69.09,57.31,41.36,73.20
66.89,66.89,52.88,42.93,75.89
57.59,57.59,46.76,48.87,73.91
47.22,47.22,46.29,52.84,83.87
56.54,56.54,37.52,49.34,88.06
63.99,63.99,37.41,46.60,84.25
59.35,59.35,41.73,45.30,76.88
52.37,52.37,36.85,42.92,72.56
51.06,51.06,30.68,41.87,73.01
39.79,39.79,31.02,51.84,74.12
18.53,18.53,27.65,52.40,76.63
18.66,18.66,28.73,54.22,75.25
19.32,19.32,45.36,58.08,74.99
21.52,21.52,59.60,54.86,74.52
20.08,20.08,67.86,55.10,70.54
18.12,18.12,71.47,55.07,67.96
11.53,11.53,92.05,39.86,56.78
20.31,20.31,92.26,37.88,55.37
33.73,33.73,91.08,44.89,57.09
34.30,34.30,89.88,58.65,58.86
34.12,34.12,84.91,65.71,62.57
28.89,28.89,84.90,66.03,66.99
30.05,30.05,79.95,64.78,69.23
35.79,35.79,79.07,57.93,68.43
33.36,33.36,73.94,66.27,67.82
34.62,34.62,72.62,67.22,69.51
26.42,26.42,69.75,66.24,69.18
26.88,26.88,65.82,72.46,69.95
36.98,36.98,59.65,74.47,72.52
39.79,39.79,45.02,73.18,71.65
46.72,46.72,37.40,74.81,74.78
49.62,49.62,39.82,73.43,73.86
52.25,52.25,32.78,71.91,73.78
61.57,61.57,38.16,73.46,73.06
66.04,66.04,52.49,74.25,73.88
72.34,72.34,57.33,73.71,72.81
76.56,76.56,60.30,73.29,74.28
77.79,77.79,60.15,76.79,73.83
76.46,76.46,57.89,75.88,73.73
75.28,75.28,56.81,74.40,73.41
74.88,74.88,56.10,73.83,72.84
73.96,73.96,58.25,74.11,72.94
74.28,74.28,57.30,74.24,73.01
76.75,76.75,55.41,74.76,72.00
76.78,76.78,54.89,74.46,72.82
76.17,76.17,54.15,72.33,72.04
73.21,73.21,60.31,72.71,71.89
71.49,71.49,70.12,63.69,71.48
70.85,70.85,78.14,60.66,68.74
69.74,69.74,92.69,57.64,61.28
71.97,71.97,90.59,49.53,59.80
70.41,70.41,92.13,35.26,58.89
74.41,74.41,87.66,49.19,59.81
77.09,77.09,85.78,52.94,63.48
76.34,76.34,80.83,53.54,65.09
75.52,75.52,83.80,57.31,62.98
76.06,76.06,78.97,58.30,63.87
74.52,74.52,76.50,61.99,70.62
75.75,75.75,74.37,63.43,70.26
77.53,77.53,69.97,64.78,69.49
77.68,77.68,69.86,66.74,69.59
74.57,74.57,61.99,66.02,71.30
72.88,72.88,56.70,65.97,72.96
71.65,71.65,41.37,69.71,71.75
67.30,67.30,40.87,69.99,72.34
61.56,61.56,37.41,69.51,72.76
65.13,65.13,37.00,70.14,71.70
68.69,68.69,39.49,68.26,75.38
74.72,74.72,40.83,66.69,76.32
81.29,81.29,40.27,66.67,72.92
79.71,79.71,40.84,66.27,76.74
79.36,79.36,40.47,64.63,78.53
77.24,77.24,38.80,66.14,76.77
76.64,76.64,35.29,67.23,76.67
78.54,78.54,31.40,67.78,76.40
76.75,76.75,25.30,65.74,76.06
75.22,75.22,33.44,66.07,76.19
74.08,74.08,38.95,68.56,76.78
72.05,72.05,49.57,63.38,74.97
71.50,71.50,59.57,62.16,74.06
70.78,70.78,66.11,58.92,73.05
71.84,71.84,81.08,49.57,68.29
68.12,68.12,92.45,35.61,56.96
64.66,64.66,91.84,29.77,54.69
72.14,72.14,89.29,32.29,58.40
76.73,76.73,89.09,42.01,59.39
77.24,77.24,82.39,41.16,63.36
76.74,76.74,83.97,41.22,62.29
77.01,77.01,81.96,43.69,62.25
75.74,75.74,81.42,35.21,64.17
75.40,75.40,81.07,39.87,64.85
75.24,75.24,75.96,45.68,64.97
75.51,75.51,75.16,48.23,66.02
77.74,77.74,67.20,48.12,68.92
77.94,77.94,66.88,48.38,68.13
77.03,77.03,63.77,52.49,68.72
76.69,76.69,61.00,55.10,68.12
73.96,73.96,51.08,55.71,68.00
68.62,68.62,38.38,52.82,70.76
68.22,68.22,42.66,53.61,69.30
65.83,65.83,45.39,59.97,72.44
69.20,69.20,55.11,57.21,72.72
71.93,71.93,57.28,60.45,71.96
73.80,73.80,54.06,63.33,71.41
73.39,73.39,46.48,62.68,72.43
75.63,75.63,40.47,65.00,70.44
77.99,77.99,35.19,64.39,72.50
79.20,79.20,33.37,64.30,72.86
77.71,77.71,33.77,63.21,70.57
77.33,77.33,38.77,63.39,71.02
74.07,74.07,40.22,64.41,73.51
76.06,76.06,51.30,61.45,71.90
77.34,77.34,60.08,59.40,69.20
75.58,75.58,68.06,50.93,67.06
74.78,74.78,88.46,39.07,62.47
73.05,73.05,89.11,40.17,58.57
71.92,71.92,91.15,34.71,55.10
75.12,75.12,91.61,30.89,58.34
74.71,74.71,84.22,32.06,58.39
74.28,74.28,84.96,38.12,58.57
75.31,75.31,81.60,42.76,64.56
74.88,74.88,78.92,45.22,61.41
73.62,73.62,77.98,40.84,66.04
75.31,75.31,70.60,47.35,63.17
75.87,75.87,70.90,51.18,68.40
74.57,74.57,66.13,54.95,69.72
74.41,74.41,61.37,56.48,69.04
75.04,75.04,57.99,51.06,69.01
74.58,74.58,58.17,48.99,64.48
73.40,73.40,65.89,45.38,64.16
70.96,70.96,76.82,41.84,61.10
69.75,69.75,88.50,38.69,56.56
69.60,69.60,88.05,47.50,57.94
75.85,75.85,86.35,61.78,66.96
76.62,76.62,85.93,59.20,67.00
74.78,74.78,79.83,67.55,63.19
74.53,74.53,78.19,71.72,62.01
78.56,78.56,77.46,69.10,63.74
75.15,75.15,74.67,68.87,60.94
69.44,69.44,72.70,71.26,64.68
73.08,73.08,59.57,75.60,66.51
71.19,71.19,61.63,73.81,67.29
72.12,72.12,62.82,72.06,67.71
71.15,71.15,57.70,73.62,66.84
71.11,71.11,61.90,74.81,66.54
64.18,64.18,66.42,72.56,63.49
57.00,57.00,73.35,71.28,60.63
61.19,61.19,92.09,61.26,52.53
65.71,65.71,92.49,47.05,49.19
73.28,73.28,90.85,53.85,54.60
75.99,75.99,87.42,65.13,58.94
76.32,76.32,87.18,71.74,60.16
76.02,76.02,82.66,71.80,65.10
76.38,76.38,80.40,71.45,65.03
76.61,76.61,79.96,63.56,66.80
78.44,78.44,73.50,68.03,66.85
77.58,77.58,73.68,73.49,65.56
76.27,76.27,67.28,74.45,67.71
75.95,75.95,64.56,74.62,70.32
75.46,75.46,53.92,78.26,71.78
75.55,75.55,52.40,78.01,71.42
76.99,76.99,53.55,73.97,72.81
74.46,74.46,52.02,69.27,72.60
75.58,75.58,48.86,73.27,70.68
76.60,76.60,43.07,76.62,70.33
75.48,75.48,38.82,77.46,71.25
76.42,76.42,43.42,78.27,71.19
75.04,75.04,52.80,78.99,69.73
75.63,75.63,55.08,78.22,72.60
75.08,75.08,57.40,72.99,72.23
72.36,72.36,54.55,74.77,72.93
75.57,75.57,54.15,76.32,73.26
74.37,74.37,53.46,76.19,71.71
74.52,74.52,51.73,77.41,73.19
69.43,69.43,49.69,77.06,70.52
68.41,68.41,48.94,76.74,69.62
67.01,67.01,50.70,74.56,71.93
59.66,59.66,58.79,73.60,69.50
55.63,55.63,69.26,72.17,66.20
55.83,55.83,81.44,66.76,63.36
53.20,53.20,91.94,55.65,52.73
51.17,51.17,91.80,43.64,52.41
53.79,53.79,91.56,38.09,56.81
54.46,54.46,88.61,49.89,59.21
58.54,58.54,85.29,50.42,61.93
57.90,57.90,81.55,51.78,63.01
55.58,55.58,83.01,58.97,62.63
61.01,61.01,78.04,60.02,64.66
64.36,64.36,77.75,60.28,65.27
62.75,62.75,72.97,64.28,65.57
58.25,58.25,71.27,67.36,64.89
58.01,58.01,67.26,68.98,66.08
58.40,58.40,62.79,68.59,70.01
58.90,58.90,59.65,68.48,69.24
61.38,61.38,49.38,69.29,69.67
58.05,58.05,42.40,67.81,69.50
59.92,59.92,41.76,70.36,67.73
60.26,60.26,41.12,71.89,70.53
56.67,56.67,35.41,72.16,67.36
54.39,54.39,34.51,70.82,67.95
50.21,50.21,29.90,70.36,70.30
51.12,51.12,28.04,71.66,72.55
51.55,51.55,24.19,70.87,70.98
46.08,46.08,24.95,71.43,71.57
51.29,51.29,23.61,71.97,70.71
55.16,55.16,25.42,72.00,69.75
51.83,51.83,32.25,70.62,71.92
44.13,44.13,34.76,69.81,70.76
45.72,45.72,37.37,70.45,70.69
43.42,43.42,52.51,71.15,71.62
37.30,37.30,58.20,69.97,69.94
35.18,35.18,66.86,68.24,68.50
39.06,39.06,82.81,58.89,62.03
37.29,37.29,92.53,48.67,54.40
35.57,35.57,91.74,41.42,54.04
44.29,44.29,89.98,36.74,55.58
47.34,47.34,87.92,48.30,59.56
48.17,48.17,83.00,50.58,59.30
45.20,45.20,83.56,52.56,58.67
45.88,45.88,79.54,49.71,60.96
48.78,48.78,80.26,49.52,60.98
46.59,46.59,75.95,53.26,63.47
47.18,47.18,72.45,57.96,65.50
48.20,48.20,70.87,58.02,66.78
43.47,43.47,64.33,60.41,64.44
46.54,46.54,59.98,58.44,66.97
40.78,40.78,48.99,56.67,69.47
41.87,41.87,42.63,61.13,70.18
40.27,40.27,35.85,64.53,70.79
42.18,42.18,41.76,67.61,71.69
36.46,36.46,41.24,66.90,69.65
38.33,38.33,31.74,67.32,73.03
36.83,36.83,33.06,66.91,72.10
35.50,35.50,29.46,62.47,70.97
37.65,37.65,30.04,63.72,71.67
33.03,33.03,30.47,64.09,71.31
32.24,32.24,28.76,64.11,71.69
29.67,29.67,24.71,63.80,72.75
32.41,32.41,25.68,62.34,72.13
34.17,34.17,28.05,63.55,72.42
33.29,33.29,30.63,63.13,71.45
32.53,32.53,38.68,65.14,71.50
26.82,26.82,53.43,65.27,68.95
17.17,17.17,60.93,54.99,64.59
7.17,7.17,72.38,43.45,60.15
2.43,2.43,89.25,30.31,55.73
16.88,16.88,91.02,21.15,52.58
24.57,24.57,91.15,18.93,52.11
36.19,36.19,91.16,33.78,55.45
36.74,36.74,84.82,38.06,56.31
37.33,37.33,85.22,32.75,58.26
36.99,36.99,80.64,39.28,59.81
35.97,35.97,83.26,47.62,61.58
33.14,33.14,82.29,49.47,61.68
30.55,30.55,77.70,43.56,62.64
29.38,29.38,76.45,41.23,64.50
28.14,28.14,71.45,47.59,64.58
26.74,26.74,70.42,49.61,68.17
24.93,24.93,63.65,50.10,70.70
23.94,23.94,63.56,49.57,69.18
21.40,21.40,55.35,47.38,70.96
21.29,21.29,49.56,40.42,70.66
15.79,15.79,45.23,28.72,71.27
11.11,11.11,43.83,40.86,74.18
12.92,12.92,52.55,48.22,76.48
8.41,8.41,47.73,50.47,85.98
11.59,11.59,33.56,53.14,87.77
15.23,15.23,30.66,47.27,82.56
17.96,17.96,31.51,52.98,73.57
20.54,20.54,29.54,53.68,72.95
17.70,17.70,22.89,52.78,72.61
20.85,20.85,24.19,47.13,76.07
22.37,22.37,18.01,53.66,75.32
23.17,23.17,24.83,51.41,74.53
24.13,24.13,47.82,51.23,74.19
20.36,20.36,62.04,47.44,72.54
14.48,14.48,65.82,56.04,71.19
7.38,7.38,74.29,53.63,68.74
2.14,2.14,92.89,41.34,55.20
9.04,9.04,92.14,41.16,52.47
28.53,28.53,91.20,37.81,56.14
36.96,36.96,87.81,58.67,60.39
36.44,36.44,85.96,62.83,66.28
35.73,35.73,81.47,65.29,69.90
31.15,31.15,82.77,64.75,71.80
28.26,28.26,78.15,53.20,65.50
26.89,26.89,73.11,67.36,67.95
21.38,21.38,73.05,68.07,68.05
24.75,24.75,66.93,66.64,67.28
25.18,25.18,67.03,72.52,68.59
41.73,41.73,57.01,75.93,68.66
53.86,53.86,40.39,72.87,70.29
62.75,62.75,41.93,73.84,71.98
63.95,63.95,35.82,73.85,70.47
68.36,68.36,31.27,71.15,73.45
72.37,72.37,35.82,73.37,69.40
72.50,72.50,35.87,74.99,69.88
75.80,75.80,36.98,72.58,72.02
75.58,75.58,35.52,73.97,72.48
76.67,76.67,36.32,78.18,71.52
78.81,78.81,35.94,74.12,69.64
78.82,78.82,35.26,74.56,71.41
80.16,80.16,35.63,75.22,71.92
79.84,79.84,33.84,73.04,69.99
79.71,79.71,35.46,74.32,71.15
79.05,79.05,34.19,75.68,69.92
79.22,79.22,34.16,73.70,70.10
79.35,79.35,43.98,72.91,68.43
76.16,76.16,63.70,72.21,67.43
67.09,67.09,69.65,64.79,65.32
68.13,68.13,82.48,58.80,63.33
69.59,69.59,91.32,52.32,60.22
76.25,76.25,91.86,38.56,61.02
76.09,76.09,89.54,40.49,61.02
76.30,76.30,89.56,50.34,57.90
76.01,76.01,82.78,53.31,61.37
75.04,75.04,83.12,54.39,64.40
74.94,74.94,83.17,57.83,63.95
75.25,75.25,79.93,61.19,59.86
73.51,73.51,79.05,63.17,64.01
73.41,73.41,74.03,63.84,68.81
73.49,73.49,73.74,65.91,68.33
73.59,73.59,68.13,65.24,66.48
73.77,73.77,66.16,65.86,68.65
72.68,72.68,55.39,67.19,70.11
70.55,70.55,46.93,69.23,70.01
75.13,75.13,45.38,69.50,67.39
76.21,76.21,40.70,70.04,72.37
75.11,75.11,32.29,69.34,76.42
77.66,77.66,41.07,67.37,76.56
76.30,76.30,35.96,67.89,69.85
76.97,76.97,36.80,66.40,74.05
77.67,77.67,36.02,68.34,79.25
78.63,78.63,42.19,65.32,76.43
77.51,77.51,39.51,66.24,76.61
76.53,76.53,34.85,69.29,75.96
74.29,74.29,31.59,66.07,77.27
66.28,66.28,34.99,65.87,72.85
67.95,67.95,37.06,67.22,74.45
68.15,68.15,43.80,67.33,75.23
66.40,66.40,52.57,63.81,71.86
64.95,64.95,60.58,64.78,69.64
65.12,65.12,66.76,58.47,68.87
67.79,67.79,85.74,44.06,60.84
66.00,66.00,91.96,40.04,54.10
73.18,73.18,90.77,33.23,56.22
75.59,75.59,90.28,37.68,61.10
74.59,74.59,85.33,42.87,61.88
76.07,76.07,84.43,39.85,63.69
76.52,76.52,83.24,43.88,61.46
76.03,76.03,79.55,52.78,62.50
75.71,75.71,79.60,53.85,64.49
75.82,75.82,73.63,50.00,64.17
77.07,77.07,73.98,47.76,64.46
76.94,76.94,68.53,49.15,67.53
74.00,74.00,63.83,50.92,67.98
72.04,72.04,57.36,48.60,69.09
71.69,71.69,54.80,53.70,68.12
67.59,67.59,48.15,49.63,67.92
65.79,65.79,44.67,52.46,66.06
65.95,65.95,42.14,47.97,68.38
70.72,70.72,43.27,47.66,66.73
72.52,72.52,40.10,50.40,68.29
71.88,71.88,39.19,53.17,67.66
73.62,73.62,43.87,52.16,68.75
74.65,74.65,35.53,47.99,69.50
72.50,72.50,36.39,52.51,66.39
74.90,74.90,35.22,54.35,67.04
74.55,74.55,27.12,49.06,66.57
75.21,75.21,32.92,52.43,68.03
73.93,73.93,37.14,48.83,68.51
71.76,71.76,41.77,47.18,67.55
71.87,71.87,39.16,48.28,69.03
71.07,71.07,52.66,43.16,67.29
69.87,69.87,64.52,32.10,65.01
69.38,69.38,70.38,32.26,61.70
69.17,69.17,90.93,26.61,56.94
70.19,70.19,92.89,25.58,52.84
72.18,72.18,90.97,35.01,51.08
73.50,73.50,89.80,35.18,57.40
73.65,73.65,85.53,35.22,55.96
75.25,75.25,84.21,45.52,65.79
74.04,74.04,80.82,51.16,59.29
74.23,74.23,82.56,54.72,66.26
73.31,73.31,77.87,50.95,60.69
73.13,73.13,77.49,48.92,63.97
72.96,72.96,73.84,50.77,63.77
73.45,73.45,68.23,50.55,63.89
72.72,72.72,67.38,46.84,62.50
74.35,74.35,59.82,43.12,61.65
70.57,70.57,53.38,49.21,64.49
66.12,66.12,47.98,52.89,65.85
69.76,69.76,61.34,60.07,65.52
66.78,66.78,80.35,64.19,64.90
68.63,68.63,81.90,67.54,65.84
78.09,78.09,83.15,73.93,71.89
74.43,74.43,76.54,69.18,70.93
77.24,77.24,74.80,74.62,68.48
77.11,77.11,71.61,76.16,70.91
76.34,76.34,72.44,73.60,71.97
78.33,78.33,66.22,74.49,70.30
77.16,77.16,60.47,77.23,70.79
76.12,76.12,57.52,77.35,69.89
79.31,79.31,50.28,73.52,71.09
76.68,76.68,43.95,73.97,67.49
73.67,73.67,49.61,74.87,68.45
74.73,74.73,66.19,75.16,66.32
72.84,72.84,66.14,73.11,66.17
71.75,71.75,75.38,71.16,64.64
69.93,69.93,92.77,58.92,57.09
75.75,75.75,90.88,59.83,53.98
77.01,77.01,88.12,71.15,52.61
73.99,73.99,85.12,67.35,54.62
73.69,73.69,88.43,69.17,58.22
75.68,75.68,84.47,77.74,59.79
75.40,75.40,83.08,76.76,66.96
77.04,77.04,79.60,74.41,64.17
77.71,77.71,75.73,70.22,68.80
77.44,77.44,65.49,77.22,63.50
75.99,75.99,55.16,72.69,68.20
73.83,73.83,58.38,81.31,69.63
74.77,74.77,54.65,82.72,67.57
74.22,74.22,47.19,78.47,70.43
75.19,75.19,46.63,80.86,72.48
75.19,75.19,47.14,72.40,70.30
74.41,74.41,46.85,82.86,73.99
76.66,76.66,40.95,74.67,69.57
75.79,75.79,35.26,81.88,72.87
79.33,79.33,37.46,82.00,71.48
78.99,78.99,43.85,76.32,70.17
75.11,75.11,45.33,78.51,68.99
76.77,76.77,45.16,81.42,70.22
75.11,75.11,43.94,77.51,68.99
73.81,73.81,43.73,79.30,69.00
74.83,74.83,43.83,80.96,68.89
68.08,68.08,44.04,80.21,69.51
64.79,64.79,41.50,80.03,71.50
65.17,65.17,41.89,83.42,70.76
64.28,64.28,48.57,74.96,71.08
59.26,59.26,61.92,81.88,71.09
59.78,59.78,66.30,74.89,64.25
58.33,58.33,83.04,72.08,59.18
52.69,52.69,92.30,66.19,52.43
51.92,51.92,92.23,63.69,52.02
56.54,56.54,90.03,65.80,54.64
57.57,57.57,89.28,60.67,61.38
57.79,57.79,84.99,68.91,60.52
60.61,60.61,84.37,60.39,65.51
59.45,59.45,73.53,65.73,63.37
60.10,60.10,73.13,69.13,64.71
59.03,59.03,73.98,70.08,64.62
62.28,62.28,68.87,75.36,65.27
61.40,61.40,61.59,72.43,66.36
62.28,62.28,59.22,79.28,65.87
65.83,65.83,54.67,72.63,66.38
65.24,65.24,46.38,78.60,67.37
65.31,65.31,43.19,73.52,68.27
65.29,65.29,34.84,76.43,69.99
62.28,62.28,30.55,78.33,67.10
61.14,61.14,22.79,69.80,68.92
57.62,57.62,21.01,75.40,68.38
59.24,59.24,22.93,76.44,69.07
59.62,59.62,22.10,76.87,68.72
57.19,57.19,20.22,75.19,69.21
53.21,53.21,18.24,76.23,70.17
48.11,48.11,18.06,77.45,70.61
45.51,45.51,18.50,73.81,70.16
44.69,44.69,16.17,78.59,70.39
41.76,41.76,13.77,72.23,68.50
42.80,42.80,18.77,72.99,68.98
47.52,47.52,37.83,74.79,68.29
43.97,43.97,54.73,73.06,70.01
40.81,40.81,64.41,70.78,67.98
37.96,37.96,69.76,69.56,62.50
37.27,37.27,88.66,60.17,54.54
36.77,36.77,91.45,54.27,51.90
37.88,37.88,91.62,52.69,53.23
44.56,44.56,91.43,47.81,56.50
47.22,47.22,83.60,53.51,58.15
46.46,46.46,86.72,50.88,62.51
48.63,48.63,83.49,54.60,62.31
45.78,45.78,75.50,57.08,63.06
44.26,44.26,77.89,57.30,64.45
46.35,46.35,74.97,56.29,64.99
50.19,50.19,67.90,63.39,68.41
46.26,46.26,63.57,62.88,68.43
45.51,45.51,67.20,68.28,68.70
42.03,42.03,59.78,62.31,70.93
43.29,43.29,44.19,70.84,69.94
40.64,40.64,45.36,69.66,70.39
39.44,39.44,38.98,68.81,73.62
40.25,40.25,24.60,70.34,70.75
40.57,40.57,32.65,70.12,71.85
36.28,36.28,27.26,68.23,74.71
35.73,35.73,19.56,69.59,72.50
33.66,33.66,24.12,69.68,72.85
36.61,36.61,21.75,71.43,71.84
32.15,32.15,12.29,73.66,73.03
30.00,30.00,13.66,70.94,72.88
30.96,30.96,10.10,69.40,70.22
29.72,29.72,10.45,72.35,73.57
28.84,28.84,10.54,66.66,73.08
30.72,30.72,23.26,71.88,69.89
31.05,31.05,40.38,73.01,72.17
28.67,28.67,52.42,65.65,70.33
23.38,23.38,66.21,69.76,67.19
14.48,14.48,69.93,62.72,68.71
7.83,7.83,92.51,48.14,59.24
17.43,17.43,90.00,49.48,53.33
28.99,28.99,91.75,37.53,54.15
31.79,31.79,87.19,38.73,55.70
35.65,35.65,84.96,42.03,58.81
36.08,36.08,84.55,41.73,61.86
37.66,37.66,81.98,49.31,61.54
34.06,34.06,79.24,53.47,60.45
32.38,32.38,76.53,57.95,62.56
32.70,32.70,78.76,54.75,64.70
29.94,29.94,66.24,50.55,66.07
28.85,28.85,64.98,52.39,65.14
25.66,25.66,71.52,51.72,70.03
25.34,25.34,68.69,56.14,71.30
28.23,28.23,61.05,52.38,71.67
26.53,26.53,64.55,48.00,70.87
25.42,25.42,59.82,54.11,69.68
22.00,22.00,56.99,54.85,72.18
19.22,19.22,57.91,62.35,74.36
11.54,11.54,65.89,71.29,73.34
6.47,6.47,71.99,75.86,82.97
13.51,13.51,68.62,75.55,82.36
19.28,19.28,63.14,73.44,79.39
19.35,19.35,48.35,67.86,74.52
19.16,19.16,43.63,55.55,72.64
17.09,17.09,48.10,51.78,73.32
17.81,17.81,50.30,61.35,73.85
13.26,13.26,47.75,65.02,74.12
15.67,15.67,51.06,64.97,74.65
18.32,18.32,54.62,60.19,74.75
15.03,15.03,67.23,58.48,73.32
15.00,15.00,66.51,60.11,72.58
13.20,13.20,79.73,54.38,68.65
6.00,6.00,92.04,43.99,57.32
7.34,7.34,91.95,43.28,53.71
22.76,22.76,91.33,41.75,55.93
29.67,29.67,88.73,62.40,63.91
31.82,31.82,84.59,65.05,67.09
29.06,29.06,81.16,66.79,68.21
29.47,29.47,82.53,65.95,68.61
27.63,27.63,75.26,57.82,63.73
28.90,28.90,74.97,70.09,69.73
33.81,33.81,71.07,66.87,67.43
35.45,35.45,67.80,66.79,67.42
35.47,35.47,64.93,74.67,68.52
41.33,41.33,55.51,75.57,66.96
49.31,49.31,43.37,72.80,71.43
49.98,49.98,36.34,75.67,69.55
50.55,50.55,35.29,73.74,71.47
57.83,57.83,28.86,71.49,73.47
65.97,65.97,34.38,75.57,71.94
74.17,74.17,41.90,74.14,73.05
78.38,78.38,39.81,71.99,72.37
76.72,76.72,39.38,76.24,70.48
77.66,77.66,40.89,76.93,72.30
78.01,78.01,41.27,75.17,71.14
78.41,78.41,42.19,75.19,67.88
79.44,79.44,42.60,74.43,68.44
77.61,77.61,41.83,73.15,69.01
75.50,75.50,41.89,76.01,70.41
71.81,71.81,43.46,74.11,70.20
71.86,71.86,44.40,74.13,69.63
71.25,71.25,48.31,74.17,69.46
71.62,71.62,60.81,71.55,66.59
62.50,62.50,72.96,64.75,64.36
61.08,61.08,86.70,58.79,60.16
60.98,60.98,92.12,53.10,55.16
69.75,69.75,91.32,39.74,57.01
75.75,75.75,89.94,41.75,54.31
75.94,75.94,87.63,55.14,51.54
77.11,77.11,82.42,56.64,54.47
75.41,75.41,83.75,55.67,56.29
75.32,75.32,80.05,60.68,58.37
76.99,76.99,80.23,61.13,62.90
76.58,76.58,75.01,62.41,63.15
75.91,75.91,71.94,66.01,67.40
73.39,73.39,71.32,66.79,67.58
74.22,74.22,65.39,66.94,70.41
75.01,75.01,61.60,67.79,69.21
74.42,74.42,48.69,66.37,70.67
71.84,71.84,38.35,69.61,72.26
75.24,75.24,40.38,71.14,73.87
77.98,77.98,33.17,69.62,73.15
78.67,78.67,21.81,69.56,73.04
77.61,77.61,29.13,68.09,73.46
78.01,78.01,36.12,67.13,74.39
77.57,77.57,39.39,67.28,76.91
77.26,77.26,44.00,68.34,76.84
75.15,75.15,42.44,65.56,76.71
75.39,75.39,39.42,67.90,77.94
74.68,74.68,28.40,68.10,77.89
67.59,67.59,30.55,64.18,76.29
64.60,64.60,37.93,66.75,76.02
68.51,68.51,43.98,66.37,75.04
70.15,70.15,51.47,65.82,73.87
68.38,68.38,54.53,64.74,71.77
67.97,67.97,61.61,62.95,71.02
67.43,67.43,68.48,60.23,67.63
67.97,67.97,90.45,45.32,62.12
68.09,68.09,91.37,32.04,52.80
74.84,74.84,90.68,35.87,55.13
76.96,76.96,91.23,42.07,52.34
76.01,76.01,84.30,43.11,51.62
77.24,77.24,85.11,44.79,50.97
78.15,78.15,80.85,45.88,54.85
77.38,77.38,82.66,48.79,55.52
77.20,77.20,82.16,41.77,55.96
77.94,77.94,78.33,48.83,57.49
77.73,77.73,76.61,53.70,60.16
78.44,78.44,71.08,52.97,60.85
79.33,79.33,68.78,57.83,63.87
80.35,80.35,63.47,58.27,65.23
78.26,78.26,62.96,56.08,66.07
77.44,77.44,55.51,61.59,66.67
78.87,78.87,45.23,56.87,66.51
78.59,78.59,34.27,57.10,67.99
81.64,81.64,38.21,58.55,69.25
75.44,75.44,32.55,62.63,70.39
74.93,74.93,38.18,61.34,70.23
78.67,78.67,39.60,61.49,72.82
75.57,75.57,37.64,65.29,69.59
75.68,75.68,36.85,64.86,72.20
75.04,75.04,38.90,64.99,70.44
74.66,74.66,34.57,65.66,71.45
74.60,74.60,29.08,66.71,74.19
75.45,75.45,21.62,65.15,69.37
77.23,77.23,20.92,64.86,71.74
77.71,77.71,33.34,65.50,70.06
74.50,74.50,54.46,62.23,69.45
73.49,73.49,64.88,59.22,67.44
75.89,75.89,72.13,50.18,63.28
71.83,71.83,92.28,39.89,56.85
71.91,71.91,87.46,29.26,51.57
73.14,73.14,91.86,34.41,58.72
74.95,74.95,87.20,42.02,56.75
74.79,74.79,86.43,38.99,55.54
73.90,73.90,81.26,50.03,56.39
75.32,75.32,82.20,52.06,56.53
74.96,74.96,78.87,51.58,59.69
74.38,74.38,74.34,45.02,59.44
74.18,74.18,73.61,49.49,60.57
75.43,75.43,66.69,49.90,65.39
74.91,74.91,65.39,47.92,63.89
75.08,75.08,59.86,48.15,64.73
73.69,73.69,55.75,48.52,63.46
69.84,69.84,47.86,50.72,65.25
68.27,68.27,55.20,52.50,64.17
66.83,66.83,78.64,48.16,60.58
62.76,62.76,83.87,53.65,61.00
71.83,71.83,80.95,69.52,64.70
77.20,77.20,84.31,72.83,67.07
75.40,75.40,77.61,67.05,66.16
75.66,75.66,77.13,74.52,63.37
77.21,77.21,71.30,77.70,66.01
76.17,76.17,69.53,72.60,67.49
74.88,74.88,70.85,74.35,67.08
75.42,75.42,62.60,77.00,68.16
75.58,75.58,56.06,77.10,70.47
74.99,74.99,55.03,73.51,70.15
76.83,76.83,49.89,74.41,69.64
75.80,75.80,51.93,75.63,69.79
72.87,72.87,64.27,75.00,69.05
71.40,71.40,72.25,73.33,66.13
68.75,68.75,82.66,71.26,62.17
66.77,66.77,91.45,57.76,52.92
74.97,74.97,91.64,50.85,53.31
74.97,74.97,89.75,51.94,52.67
77.77,77.77,89.57,54.73,52.85
77.22,77.22,82.96,67.99,56.83
77.77,77.77,82.95,75.39,59.08
77.47,77.47,80.55,75.82,63.98
77.28,77.28,76.23,75.63,61.89
78.26,78.26,76.15,69.00,66.64
77.43,77.43,68.08,72.63,63.10
78.24,78.24,67.04,75.99,67.41
76.79,76.79,60.82,75.34,69.29
77.17,77.17,54.27,77.06,69.85
77.62,77.62,49.24,80.37,71.32
76.39,76.39,44.43,79.21,72.46
75.18,75.18,38.93,73.51,73.53
75.83,75.83,36.51,71.86,72.25
73.45,73.45,32.34,72.99,72.66
72.15,72.15,26.52,76.61,70.79
77.49,77.49,31.78,78.46,71.38
76.78,76.78,32.74,79.34,69.10
75.45,75.45,40.82,79.50,66.38
77.32,77.32,36.02,77.89,70.99
76.90,76.90,38.36,72.98,70.09
77.26,77.26,33.39,75.84,68.48
67.97,67.97,29.18,76.30,68.29
64.90,64.90,28.86,76.33,68.97
63.78,63.78,27.77,77.98,68.88
60.31,60.31,36.06,77.50,67.85
56.86,56.86,47.30,77.29,69.15
56.08,56.08,65.54,74.71,70.05
55.85,55.85,68.73,72.69,64.84
61.49,61.49,87.26,68.28,57.42
65.00,65.00,92.03,59.66,47.28
72.06,72.06,91.07,52.33,49.55
75.72,75.72,90.27,48.76,52.00
75.39,75.39,85.56,54.17,52.35
73.90,73.90,84.25,56.06,58.49
75.86,75.86,83.67,57.86,61.03
75.53,75.53,79.71,62.14,62.47
75.23,75.23,80.26,61.82,62.26
75.27,75.27,74.23,61.60,66.06
73.80,73.80,73.43,65.55,65.44
74.75,74.75,67.17,68.72,63.09
75.49,75.49,63.18,70.13,67.34
74.01,74.01,55.09,70.97,65.04
74.43,74.43,46.73,69.87,64.99
75.81,75.81,41.67,70.61,70.70
76.10,76.10,40.24,68.03,63.39
75.20,75.20,34.59,70.81,63.94
76.11,76.11,29.68,71.82,70.83
75.80,75.80,31.39,72.47,67.43
75.78,75.78,33.76,72.16,69.17
75.24,75.24,38.08,70.98,64.73
74.56,74.56,44.44,71.10,63.52
76.45,76.45,44.37,70.31,70.36
75.71,75.71,42.79,71.92,68.01
69.54,69.54,35.80,73.44,69.28
63.31,63.31,29.38,72.00,70.20
61.48,61.48,23.39,70.68,68.91
60.64,60.64,20.12,71.36,69.10
61.07,61.07,42.92,69.87,69.49
58.99,58.99,57.49,71.59,65.66
58.29,58.29,65.18,70.00,66.43
53.97,53.97,73.23,66.06,61.07
59.04,59.04,91.88,55.48,50.01
60.11,60.11,92.12,48.59,48.96
71.24,71.24,90.49,43.58,52.32
72.06,72.06,90.02,46.81,56.23
73.67,73.67,86.43,51.46,56.57
73.75,73.75,84.87,54.43,52.82
72.56,72.56,80.35,53.71,60.36
74.15,74.15,81.46,53.41,61.24
74.05,74.05,75.03,53.50,58.22
74.48,74.48,74.96,55.56,65.31
74.39,74.39,69.81,59.49,65.26
73.65,73.65,66.33,60.77,67.91
75.02,75.02,65.37,62.17,70.43
75.48,75.48,57.49,60.43,68.39
74.48,74.48,52.66,57.54,70.48
75.54,75.54,43.75,63.32,71.63
74.65,74.65,41.23,65.26,69.98
73.82,73.82,42.49,68.46,70.62
73.31,73.31,45.14,68.89,68.93
71.91,71.91,43.35,68.70,70.75
72.40,72.40,42.73,68.55,72.21
73.00,73.00,39.15,64.23,72.34
72.18,72.18,36.52,65.07,70.77
68.16,68.16,34.23,67.99,70.01
65.10,65.10,37.07,65.34,71.00
63.98,63.98,43.01,66.79,70.67
65.82,65.82,43.93,65.70,70.37
64.38,64.38,41.73,64.44,74.27
58.97,58.97,41.43,64.91,72.03
61.61,61.61,48.33,64.93,70.05
59.17,59.17,60.34,67.23,69.82
56.52,56.52,66.92,60.09,64.01
61.01,61.01,80.99,40.30,57.80
64.87,64.87,92.74,32.11,51.41
64.17,64.17,90.45,23.55,53.73
73.71,73.71,91.90,23.57,57.90
77.24,77.24,87.15,38.66,57.83
78.52,78.52,85.99,37.94,54.72
78.00,78.00,80.85,41.76,58.68
77.18,77.18,83.36,46.02,60.31
77.12,77.12,80.36,44.53,62.50
77.28,77.28,80.86,54.98,62.31
76.03,76.03,78.47,58.98,64.67
75.98,75.98,73.04,56.01,61.47
76.92,76.92,71.40,56.23,67.86
75.67,75.67,63.89,58.86,66.63
76.77,76.77,65.59,59.73,70.02
76.99,76.99,57.70,59.97,69.71
76.65,76.65,53.36,59.19,71.34
75.69,75.69,39.75,55.80,69.54
74.95,74.95,38.52,59.03,73.08
74.35,74.35,38.41,61.04,71.19
74.06,74.06,39.27,59.01,72.60
71.94,71.94,33.90,60.47,71.53
72.32,72.32,33.38,63.25,73.31
72.55,72.55,32.46,61.69,69.81
70.83,70.83,27.64,62.81,68.69
72.16,72.16,27.03,62.26,69.91
72.57,72.57,28.95,61.87,70.31
73.21,73.21,29.32,61.83,70.96
71.94,71.94,28.08,60.81,69.99
71.20,71.20,33.39,60.55,70.63
72.17,72.17,52.19,57.13,69.88
72.06,72.06,66.47,59.67,67.39
73.82,73.82,71.15,60.27,65.39
72.84,72.84,82.61,47.10,59.44
68.47,68.47,92.34,30.81,51.83
65.51,65.51,91.68,22.23,53.41
71.02,71.02,89.37,30.38,54.77
74.72,74.72,88.87,32.33,53.91
74.27,74.27,82.30,39.97,56.70
75.02,75.02,83.71,48.47,59.39
74.44,74.44,79.57,50.19,61.04
74.05,74.05,76.60,48.08,64.21
75.06,75.06,75.34,45.63,65.25
75.91,75.91,69.64,50.37,65.65
74.19,74.19,66.75,54.15,67.62
75.23,75.23,58.67,52.72,69.77
74.66,74.66,60.83,51.95,72.08
72.34,72.34,51.25,53.38,71.84
74.86,74.86,38.58,49.13,71.42
74.93,74.93,38.06,56.00,70.60
72.31,72.31,31.04,58.40,73.21
74.56,74.56,22.97,51.67,72.35
73.73,73.73,25.65,53.40,71.08
71.93,71.93,23.45,57.91,69.74
74.64,74.64,25.06,59.71,72.87
72.35,72.35,23.79,52.01,71.82
71.28,71.28,22.62,55.47,71.46
71.35,71.35,22.70,59.00,73.08
71.31,71.31,22.21,58.37,72.17
69.06,69.06,20.23,52.67,72.02
71.20,71.20,15.26,56.80,72.82
69.65,69.65,19.46,57.98,70.88
69.17,69.17,34.99,53.63,72.47
69.82,69.82,55.90,55.24,72.61
63.72,63.72,63.67,50.73,69.29
51.42,51.42,70.68,47.23,63.61
47.00,47.00,89.70,36.63,59.06
45.68,45.68,91.65,22.58,52.98
52.36,52.36,91.11,26.84,52.24
60.97,60.97,91.90,35.26,53.40
66.52,66.52,84.04,39.12,57.21
69.39,69.39,85.22,41.51,60.26
69.53,69.53,82.43,47.58,61.84
68.75,68.75,81.00,50.26,62.47
66.60,66.60,81.10,47.53,66.40
65.84,65.84,75.32,44.14,64.92
65.98,65.98,75.69,42.16,66.77
63.03,63.03,69.59,48.74,66.74
60.53,60.53,67.05,48.86,67.62
59.27,59.27,60.80,44.98,72.09
56.76,56.76,57.90,50.41,70.01
57.03,57.03,51.84,53.26,70.26
57.13,57.13,38.42,50.27,71.11
54.41,54.41,30.11,51.35,71.91
56.13,56.13,35.33,55.20,73.92
51.82,51.82,31.00,55.98,70.15
51.43,51.43,21.72,50.09,68.13
49.61,49.61,22.40,49.95,71.85
47.15,47.15,22.33,53.27,68.91
48.15,48.15,19.92,51.80,71.11
48.91,48.91,17.93,48.53,70.33
48.10,48.10,18.15,53.06,68.42
44.09,44.09,20.24,53.67,71.08
42.58,42.58,14.95,43.80,71.44
42.55,42.55,15.69,51.46,71.08
44.97,44.97,37.22,56.68,71.02
39.89,39.89,54.42,46.51,68.63
26.76,26.76,60.09,46.04,68.66
15.19,15.19,68.79,39.48,66.24
15.44,15.44,92.37,27.06,57.42
24.80,24.80,92.64,8.22,52.20
36.99,36.99,90.83,25.23,51.96
44.15,44.15,88.10,27.16,53.97
45.96,45.96,86.53,28.35,56.40
45.17,45.17,83.10,31.44,57.73
50.07,50.07,81.81,33.58,61.78
52.88,52.88,81.42,41.80,63.78
50.94,50.94,75.29,40.95,66.97
47.31,47.31,75.92,29.15,65.51
50.56,50.56,69.91,35.57,70.22
50.12,50.12,68.62,41.38,69.70
43.33,43.33,62.45,42.90,68.32
48.37,48.37,54.61,46.97,72.00
46.56,46.56,55.15,41.35,70.37
46.27,46.27,44.81,49.27,69.41
41.92,41.92,43.70,48.47,70.20
47.16,47.16,34.97,43.73,70.55
47.91,47.91,21.55,42.05,72.22
48.49,48.49,27.15,51.00,73.78
48.11,48.11,23.08,50.51,72.03
45.62,45.62,20.47,44.75,73.11
49.35,49.35,16.62,50.50,71.97
46.38,46.38,17.76,52.48,71.24
47.19,47.19,18.81,52.44,71.12
47.33,47.33,17.86,45.38,70.75
43.77,43.77,16.76,50.20,71.63
51.11,51.11,17.08,52.25,72.52
54.74,54.74,29.44,48.77,70.64
56.62,56.62,47.46,51.91,71.47
54.48,54.48,57.89,44.68,71.11
50.51,50.51,67.62,33.27,70.39
56.96,56.96,78.92,28.18,66.98
58.10,58.10,91.07,17.02,56.70
62.53,62.53,92.54,15.32,56.53
71.79,71.79,90.83,22.52,59.30
70.38,70.38,88.86,19.89,60.71
73.03,73.03,85.06,18.69,63.09
71.74,71.74,81.31,29.64,61.93
71.76,71.76,83.46,34.66,62.02
68.99,68.99,80.22,31.27,64.94
66.16,66.16,79.72,33.74,65.34
63.33,63.33,74.57,33.56,67.60
58.19,58.19,73.40,27.41,70.06
58.68,58.68,69.32,28.00,67.78
56.03,56.03,63.79,29.57,68.74
57.42,57.42,62.02,23.82,72.01
54.70,54.70,54.90,24.04,68.49
57.06,57.06,55.41,24.56,69.54
61.19,61.19,67.99,26.33,68.10
62.88,62.88,91.06,17.85,58.83
67.31,67.31,89.82,3.78,56.24
70.68,70.68,88.99,11.75,56.41
71.85,71.85,85.91,11.40,59.39
71.28,71.28,84.86,1.38,61.51
69.98,69.98,79.35,3.76,62.68
62.42,62.42,80.53,1.94,61.20
63.62,63.62,77.29,1.76,63.06
64.40,64.40,72.36,2.43,65.94
66.23,66.23,71.73,14.57,67.51
60.73,60.73,65.16,28.79,74.04
59.01,59.01,64.33,38.17,71.38
58.26,58.26,58.42,43.92,68.06
56.25,56.25,58.04,44.87,64.73
58.33,58.33,64.54,50.50,62.93
58.54,58.54,83.59,55.92,52.57
58.98,58.98,92.65,57.47,45.83
65.85,65.85,90.52,58.23,48.25
74.74,74.74,85.96,59.75,57.54
74.59,74.59,87.81,63.65,60.15
76.39,76.39,87.02,68.08,61.05
73.67,73.67,86.09,74.37,65.20
75.39,75.39,80.95,76.16,66.09
72.27,72.27,83.77,72.55,62.54
74.72,74.72,71.92,67.48,67.28
71.09,71.09,64.65,74.84,64.11
71.30,71.30,63.01,76.75,68.22
72.46,72.46,66.56,79.01,70.81
71.73,71.73,60.33,77.94,65.23
69.71,69.71,53.34,78.08,71.64
70.75,70.75,52.67,79.49,71.90
74.36,74.36,51.61,75.19,69.88
72.91,72.91,49.25,84.15,71.68
70.45,70.45,47.49,73.23,69.92
69.66,69.66,47.17,83.79,70.38
70.38,70.38,46.69,80.65,67.76
71.41,71.41,45.69,80.73,64.66
68.97,68.97,45.15,77.00,68.34
69.88,69.88,45.77,77.42,68.00
66.14,66.14,44.81,81.60,67.09
64.65,64.65,41.64,80.60,71.00
62.29,62.29,40.39,81.20,69.82
61.53,61.53,38.17,77.04,71.14
60.42,60.42,39.17,81.73,71.03
55.40,55.40,41.99,80.16,68.76
56.43,56.43,55.49,78.79,72.41
52.63,52.63,66.55,81.41,67.89
49.30,49.30,71.94,67.08,62.14
53.15,53.15,90.98,63.24,53.67
56.15,56.15,91.49,57.64,48.03
62.99,62.99,91.56,61.25,48.23
68.58,68.58,91.15,57.44,51.37
72.93,72.93,86.32,53.75,52.85
73.54,73.54,88.43,61.88,56.95
73.95,73.95,78.46,57.35,53.65
73.45,73.45,76.98,63.43,59.09
71.46,71.46,75.16,63.88,57.92
71.46,71.46,74.36,67.59,61.52
70.41,70.41,63.65,70.18,62.58
68.42,68.42,64.62,72.49,60.69
67.70,67.70,67.36,77.71,61.37
69.12,69.12,51.60,70.30,65.21
69.20,69.20,53.58,77.18,65.21
71.42,71.42,49.11,73.94,65.05
69.17,69.17,45.47,78.23,66.61
69.95,69.95,40.88,74.36,61.62
69.12,69.12,40.88,71.09,62.54
71.79,71.79,48.24,77.06,64.84
72.63,72.63,51.70,73.64,70.07
70.14,70.14,48.59,78.08,70.32
71.18,71.18,46.61,75.94,68.63
71.49,71.49,41.51,79.27,71.68
68.87,68.87,36.27,75.41,70.64
69.65,69.65,32.64,74.82,70.66
72.84,72.84,31.58,76.19,71.28
69.00,69.00,31.06,70.01,69.85
70.45,70.45,31.71,74.99,68.22
70.22,70.22,47.43,75.74,68.39
66.09,66.09,57.90,70.44,66.62
66.66,66.66,69.91,68.84,69.92
63.19,63.19,76.53,59.67,67.00
59.88,59.88,92.33,48.61,59.44
65.73,65.73,91.24,40.27,57.09
71.22,71.22,91.91,33.10,57.77
76.04,76.04,86.87,46.25,57.33
76.19,76.19,86.98,50.41,55.80
76.64,76.64,84.51,53.37,57.38
73.49,73.49,80.60,54.41,59.88
76.40,76.40,73.19,55.41,61.17
76.96,76.96,78.80,47.96,60.70
77.56,77.56,76.42,57.74,63.65
76.18,76.18,72.06,60.73,63.57
77.24,77.24,70.68,62.04,68.61
73.36,73.36,71.44,64.12,68.75
74.19,74.19,64.77,59.97,67.00
73.47,73.47,58.76,64.92,72.41
74.25,74.25,55.39,61.01,70.39
74.26,74.26,51.79,70.54,69.33
73.39,73.39,45.65,70.47,71.49
73.60,73.60,46.77,66.86,68.68
72.06,72.06,44.84,68.34,68.88
71.42,71.42,44.10,73.54,72.02
72.20,72.20,42.97,68.12,67.87
70.74,70.74,42.66,68.10,69.24
70.33,70.33,40.45,72.36,68.78
67.92,67.92,37.47,70.44,68.29
66.31,66.31,34.45,72.47,67.10
65.77,65.77,34.31,72.90,72.51
64.61,64.61,29.34,68.41,69.82
62.40,62.40,37.92,71.76,69.43
61.76,61.76,57.85,68.57,71.74
58.35,58.35,59.79,68.19,64.24
55.59,55.59,68.72,64.38,60.72
51.31,51.31,80.60,54.31,54.64
45.42,45.42,90.62,39.98,48.66
45.18,45.18,90.97,36.03,48.37
46.96,46.96,91.02,35.10,47.32
51.11,51.11,88.23,43.28,47.61
53.55,53.55,80.61,43.17,51.13
51.92,51.92,85.35,48.94,55.79
53.27,53.27,82.32,49.46,57.85
51.90,51.90,76.32,54.93,56.31
50.19,50.19,79.21,56.33,59.78
48.67,48.67,76.88,54.59,62.96
51.93,51.93,58.87,51.63,65.23
53.62,53.62,68.24,50.78,68.30
56.48,56.48,71.83,50.03,70.90
54.01,54.01,66.38,53.59,70.80
51.89,51.89,70.43,50.55,72.37
50.32,50.32,67.22,50.50,70.40
50.20,50.20,60.45,53.20,70.29
50.44,50.44,59.99,58.01,72.74
50.69,50.69,61.87,68.07,74.55
52.91,52.91,68.18,76.44,78.98
50.99,50.99,53.69,78.07,84.16
57.39,57.39,47.49,76.56,81.52
62.39,62.39,45.63,73.46,78.68
69.57,69.57,42.39,66.24,72.52
70.31,70.31,41.34,53.96,72.49
72.53,72.53,38.58,56.70,72.86
73.25,73.25,43.98,62.91,75.53
74.46,74.46,40.43,64.54,73.96
74.71,74.71,52.01,64.31,76.07
74.89,74.89,61.01,61.53,73.64
74.64,74.64,70.61,62.54,71.18
74.16,74.16,71.59,61.70,62.11
70.66,70.66,87.82,50.10,56.46
71.14,71.14,92.41,36.80,53.55
69.11,69.11,91.63,40.07,53.33
68.29,68.29,90.26,52.30,59.62
69.37,69.37,85.52,63.96,65.39
70.34,70.34,84.97,64.35,70.01
70.59,70.59,82.56,64.67,70.39
73.39,73.39,78.08,60.02,68.62
74.32,74.32,77.41,63.84,68.06
73.44,73.44,71.46,68.98,68.77
74.20,74.20,70.76,65.50,68.67
74.52,74.52,68.13,71.50,68.43
73.58,73.58,62.26,74.63,70.85
71.77,71.77,49.07,75.26,71.54
70.49,70.49,46.00,73.80,71.40
72.48,72.48,39.95,74.70,73.42
69.17,69.17,35.51,73.66,73.22
65.69,65.69,36.77,73.25,73.00
71.97,71.97,31.88,75.69,72.82
74.00,74.00,31.67,74.50,73.50
74.23,74.23,31.25,72.60,75.05
73.68,73.68,30.99,76.48,71.91
74.47,74.47,26.37,77.52,70.39
66.66,66.66,24.26,75.59,68.93
59.52,59.52,21.03,75.13,72.22
60.03,60.03,24.72,75.59,71.95
60.34,60.34,26.53,73.26,71.85
64.48,64.48,24.53,76.86,72.05
61.85,61.85,24.05,74.89,70.09
57.77,57.77,38.09,73.66,69.81
58.76,58.76,51.68,74.83,68.48
58.18,58.18,64.52,69.12,66.67
58.85,58.85,73.97,62.55,63.38
66.62,66.62,91.42,60.38,56.17
68.37,68.37,91.56,46.53,55.36
78.35,78.35,90.58,42.43,59.50
80.22,80.22,89.57,52.33,58.21
80.16,80.16,85.40,55.29,58.50
80.83,80.83,84.04,54.61,57.68
81.12,81.12,80.81,57.22,58.02
80.72,80.72,81.90,61.73,60.95
81.13,81.13,76.50,63.63,62.64
81.97,81.97,74.87,64.84,63.23
81.55,81.55,70.80,66.41,65.30
82.23,82.23,67.54,68.18,68.15
81.09,81.09,66.53,67.24,68.45
81.19,81.19,57.03,66.05,70.10
80.86,80.86,49.25,68.85,69.47
80.34,80.34,48.87,70.54,71.90
79.93,79.93,49.68,70.90,73.90
80.48,80.48,50.22,69.60,72.84
79.41,79.41,53.10,69.14,74.05
79.28,79.28,55.88,67.83,74.66
75.67,75.67,58.37,67.33,75.65
71.16,71.16,63.60,68.16,78.46
66.96,66.96,63.60,64.47,79.27
61.26,61.26,62.36,66.30,78.07
59.76,59.76,57.27,67.77,79.16
57.63,57.63,51.79,68.53,78.10
54.81,54.81,42.86,65.88,75.53
56.97,56.97,36.09,64.46,76.42
53.21,53.21,32.45,67.83,76.89
57.04,57.04,43.91,65.13,74.73
51.65,51.65,58.98,63.86,75.26
53.33,53.33,65.77,62.78,70.90
62.43,62.43,75.91,55.98,67.43
62.77,62.77,92.81,42.96,58.30
75.28,75.28,90.30,33.56,57.77
78.05,78.05,92.15,38.95,60.16
78.58,78.58,87.48,42.87,57.94
79.21,79.21,86.09,42.80,58.31
79.78,79.78,81.10,43.29,61.99
78.82,78.82,83.61,49.82,60.70
78.56,78.56,81.15,49.95,61.43
79.02,79.02,81.11,42.96,61.83
78.51,78.51,79.00,51.21,65.98
78.18,78.18,73.70,51.92,68.44
77.65,77.65,70.91,54.17,73.20
78.83,78.83,64.28,56.57,72.70
76.87,76.87,64.04,56.18,75.88
78.60,78.60,59.98,57.07,73.20
80.32,80.32,57.37,59.73,71.85
79.53,79.53,52.91,58.71,68.89
79.18,79.18,54.40,57.66,73.60
80.03,80.03,54.29,63.03,74.39
80.41,80.41,51.98,60.62,77.33
79.66,79.66,51.65,62.86,74.26
78.87,78.87,52.08,62.18,70.79
77.59,77.59,52.89,64.74,70.16
74.12,74.12,54.74,66.56,71.65
71.40,71.40,54.30,65.81,72.69
69.19,69.19,53.69,66.36,74.19
67.43,67.43,52.15,65.86,74.20
65.12,65.12,48.84,66.51,72.65
61.83,61.83,45.97,65.67,76.08
60.87,60.87,48.77,62.91,69.03
58.78,58.78,59.62,63.06,69.11
58.01,58.01,63.20,55.65,64.70
60.43,60.43,82.07,46.26,59.73
68.45,68.45,91.49,38.55,55.58
71.25,71.25,90.72,28.11,53.84
72.70,72.70,90.12,40.72,54.65
73.70,73.70,88.88,45.01,56.50
74.52,74.52,81.98,40.00,56.07
72.39,72.39,83.77,53.53,60.47
73.34,73.34,79.83,55.98,61.51
74.16,74.16,76.52,52.66,61.45
73.95,73.95,75.25,51.27,63.23
75.50,75.50,70.22,52.94,64.40
74.19,74.19,68.13,56.16,66.43
75.70,75.70,59.80,54.60,63.71
75.11,75.11,59.26,58.61,63.79
74.67,74.67,58.03,57.31,62.60
74.36,74.36,61.00,54.32,63.77
76.51,76.51,69.98,51.76,60.52
65.81,65.81,89.25,44.38,57.36
66.49,66.49,88.57,54.27,56.26
75.48,75.48,87.19,63.93,61.23
76.17,76.17,84.51,64.05,66.82
77.63,77.63,84.28,67.55,60.81
77.39,77.39,76.32,71.92,60.80
76.76,76.76,78.47,72.03,66.37
77.46,77.46,76.24,69.96,63.01
77.66,77.66,72.29,71.98,65.23
75.04,75.04,67.87,76.55,64.82
73.28,73.28,58.08,75.15,64.56
72.85,72.85,63.40,75.29,66.05
74.46,74.46,58.95,75.17,65.11
74.92,74.92,60.26,76.20,65.44
74.40,74.40,68.86,75.68,64.42
74.14,74.14,69.25,74.55,60.67
74.55,74.55,88.61,67.84,55.26
69.73,69.73,91.20,58.84,50.56
71.88,71.88,91.16,54.12,53.35
73.95,73.95,91.53,63.52,53.29
73.68,73.68,84.21,70.23,60.47
77.91,77.91,84.49,73.36,63.11
75.44,75.44,82.41,71.92,62.44
76.31,76.31,78.57,66.12,67.50
75.03,75.03,77.41,62.93,67.84
75.33,75.33,71.43,73.75,64.96
73.49,73.49,70.65,75.01,69.86
71.89,71.89,62.85,75.58,69.45
71.22,71.22,57.17,77.89,71.83
69.19,69.19,41.70,79.07,72.19
68.45,68.45,43.23,75.55,69.96
69.26,69.26,42.18,70.50,69.98
70.89,70.89,36.92,72.90,72.20
73.09,73.09,34.46,75.50,70.07
72.10,72.10,31.87,77.09,67.21
74.50,74.50,40.15,77.87,69.14
74.91,74.91,44.68,79.42,66.30
76.59,76.59,47.24,78.90,67.51
74.31,74.31,46.06,74.52,71.37
74.98,74.98,43.07,74.41,69.51
75.81,75.81,41.72,75.06,68.99
74.70,74.70,39.63,76.54,69.91
71.82,71.82,38.37,78.06,68.90
71.19,71.19,37.92,77.52,68.67
70.11,70.11,38.42,77.84,70.71
71.32,71.32,46.54,75.08,72.39
66.34,66.34,60.35,74.76,71.30
64.84,64.84,66.54,73.37,66.83
63.71,63.71,75.61,70.31,63.05
61.69,61.69,91.82,62.47,54.19
66.49,66.49,92.55,50.20,52.50
73.87,73.87,90.64,47.15,55.65
76.44,76.44,87.71,54.06,55.64
76.24,76.24,87.23,53.14,56.19
75.37,75.37,82.85,54.50,51.46
75.95,75.95,81.14,59.40,64.14
76.68,76.68,81.09,61.97,55.07
77.50,77.50,75.91,62.78,64.16
76.79,76.79,75.63,64.89,65.63
76.95,76.95,70.26,68.13,61.42
74.96,74.96,69.41,69.77,67.84
75.27,75.27,64.89,69.76,68.20
75.94,75.94,57.60,69.12,62.09
72.88,72.88,51.99,69.98,70.96
67.90,67.90,47.53,67.95,68.08
65.02,65.02,43.22,70.72,62.79
67.19,67.19,40.96,71.81,66.13
71.05,71.05,39.31,72.57,66.09
72.49,72.49,35.66,71.75,67.37
74.84,74.84,35.06,71.09,68.03
75.98,75.98,30.82,71.26,69.29
76.18,76.18,28.11,71.80,74.09
74.63,74.63,26.35,71.76,71.93
73.68,73.68,23.95,72.78,72.38
70.87,70.87,25.52,72.27,71.86
70.25,70.25,27.88,70.27,70.87
64.55,64.55,29.26,71.70,71.36
58.97,58.97,30.46,70.44,70.74
59.62,59.62,45.66,71.92,70.33
53.74,53.74,57.14,71.71,70.97
53.60,53.60,66.21,69.85,67.78
61.50,61.50,77.05,61.83,63.56
62.64,62.64,91.76,49.40,57.60
72.27,72.27,91.65,37.23,57.94
74.95,74.95,91.14,39.37,59.67
80.86,80.86,88.41,40.00,57.34
79.83,79.83,84.83,47.23,58.97
76.45,76.45,81.67,52.84,61.84
75.73,75.73,83.13,53.44,61.79
76.53,76.53,78.18,50.55,64.87
75.31,75.31,78.17,52.47,67.93
78.36,78.36,73.85,57.25,68.06
76.64,76.64,70.84,61.61,70.84
77.30,77.30,66.94,62.03,71.49
72.82,72.82,60.80,57.52,70.94
71.76,71.76,57.00,57.02,70.71
71.97,71.97,46.42,61.15,71.62
72.34,72.34,42.18,64.69,70.72
73.43,73.43,43.33,67.38,73.76
72.61,72.61,43.30,67.99,69.82
72.87,72.87,41.13,68.08,71.23
73.46,73.46,39.18,68.01,70.89
73.62,73.62,35.81,63.69,69.54
76.62,76.62,29.27,64.01,69.50
73.34,73.34,24.89,65.90,70.39
74.55,74.55,20.06,64.43,69.69
72.01,72.01,20.21,66.11,69.21
71.18,71.18,22.12,64.94,71.30
72.07,72.07,20.88,64.76,72.24
69.98,69.98,20.56,63.84,67.05
66.47,66.47,39.61,64.73,70.53
67.92,67.92,56.49,67.91,67.81
69.24,69.24,64.23,61.16,65.53
68.60,68.60,67.95,45.94,61.51
66.94,66.94,87.03,41.33,55.10
65.92,65.92,91.97,39.51,48.02
70.80,70.80,91.19,34.54,46.54
79.06,79.06,90.00,36.80,51.13
78.85,78.85,87.93,45.92,51.42
78.05,78.05,82.76,42.98,51.29
74.25,74.25,84.00,48.28,54.10
76.62,76.62,80.61,52.16,52.89
77.05,77.05,82.76,55.18,58.19
75.76,75.76,78.76,51.24,60.96
78.02,78.02,76.64,53.01,59.69
75.95,75.95,74.64,47.93,61.70
76.25,76.25,67.52,49.25,67.81
76.55,76.55,67.68,49.52,70.11
76.04,76.04,61.27,51.38,71.19
75.45,75.45,60.15,52.55,70.39
75.38,75.38,48.50,46.92,69.90
75.08,75.08,40.10,39.06,70.74
75.43,75.43,44.81,40.55,74.97
75.43,75.43,56.23,56.11,73.03
74.57,74.57,60.18,71.97,80.34
75.23,75.23,40.96,79.29,84.98
75.95,75.95,40.88,78.15,79.61
77.00,77.00,36.91,70.25,74.21
74.34,74.34,35.69,60.36,72.84
72.08,72.08,35.14,55.62,74.20
70.08,70.08,32.68,66.70,72.78
69.33,69.33,31.92,69.52,71.33
64.00,64.00,28.77,70.45,72.42
61.37,61.37,40.26,70.84,74.99
61.94,61.94,58.54,65.39,73.53
64.85,64.85,69.12,65.72,70.38
66.64,66.64,72.37,60.43,67.40
66.81,66.81,90.84,49.52,56.72
65.94,65.94,91.33,49.98,52.62
66.05,66.05,90.94,50.36,54.72
64.06,64.06,91.19,53.35,59.50
65.27,65.27,84.60,65.29,66.22
64.03,64.03,85.35,65.16,70.54
64.47,64.47,79.94,65.62,69.85
63.62,63.62,79.18,55.59,69.58
60.68,60.68,76.01,65.50,66.53
68.00,68.00,71.35,69.52,69.66
74.03,74.03,70.10,65.52,67.29
74.05,74.05,65.79,70.68,68.49
74.58,74.58,62.91,75.99,69.64
74.07,74.07,49.17,73.90,70.85
73.30,73.30,39.25,74.34,72.68
70.83,70.83,39.82,75.91,72.45
71.83,71.83,32.78,72.93,72.74
71.55,71.55,24.40,73.05,74.19
71.77,71.77,25.02,76.45,73.79
72.91,72.91,26.65,71.91,73.79
75.95,75.95,26.43,72.26,70.57
75.65,75.65,23.26,77.68,73.37
75.80,75.80,22.75,75.49,68.91
76.35,76.35,21.45,75.14,68.42
75.36,75.36,20.70,76.19,72.44
74.06,74.06,24.41,74.29,70.83
73.49,73.49,19.92,73.95,69.43
74.67,74.67,12.86,76.52,67.93
75.10,75.10,26.26,74.82,67.48
75.51,75.51,44.11,74.58,67.96
74.34,74.34,55.60,72.88,69.63
74.82,74.82,68.87,68.44,65.35
74.99,74.99,77.92,63.60,60.51
71.28,71.28,92.23,58.14,53.68
73.55,73.55,92.00,42.81,54.57
81.23,81.23,90.17,39.24,56.98
81.96,81.96,87.54,50.43,57.10
81.93,81.93,86.51,53.86,56.23
81.15,81.15,81.20,53.75,56.15
81.68,81.68,83.64,56.97,59.26
81.77,81.77,82.09,60.79,61.82
82.38,82.38,77.69,61.96,61.71
81.35,81.35,76.97,63.61,64.61
82.40,82.40,70.71,66.15,65.27
82.04,82.04,70.96,65.88,67.38
82.17,82.17,65.29,66.91,70.48
81.91,81.91,61.76,67.06,68.61
81.33,81.33,44.94,68.44,70.76
81.00,81.00,43.73,70.31,72.47
81.96,81.96,42.05,70.86,73.86
80.87,80.87,37.79,69.12,73.66
81.49,81.49,36.63,69.86,74.63
79.91,79.91,39.60,66.39,75.46
80.45,80.45,44.55,65.89,74.33
78.28,78.28,52.14,68.11,78.95
72.39,72.39,58.12,66.65,78.41
73.40,73.40,62.80,65.71,77.23
73.77,73.77,64.08,68.57,78.22
71.40,71.40,64.51,68.45,78.72
69.73,69.73,62.68,67.85,75.39
67.74,67.74,58.64,66.74,76.94
67.91,67.91,54.50,66.67,75.39
69.87,69.87,53.29,63.99,74.71
67.77,67.77,60.80,62.01,73.39
65.45,65.45,66.57,55.71,69.74
62.89,62.89,80.51,53.12,65.63
67.79,67.79,91.90,39.94,59.06
72.72,72.72,91.39,30.92,56.24
80.30,80.30,89.53,34.66,54.99
79.49,79.49,89.53,42.97,56.24
81.18,81.18,82.92,46.42,55.86
82.37,82.37,83.42,42.23,60.91
81.99,81.99,82.44,45.24,61.58
81.96,81.96,78.23,43.48,60.13
81.60,81.60,78.05,40.19,61.38
82.01,82.01,72.24,52.33,67.00
82.71,82.71,71.54,52.00,70.67
81.39,81.39,61.77,55.14,73.40
80.94,80.94,59.40,57.67,74.02
81.61,81.61,57.96,56.50,75.99
81.14,81.14,50.43,56.49,70.12
80.81,80.81,44.01,54.67,74.13
81.72,81.72,36.13,56.27,70.23
81.41,81.41,37.72,57.62,73.10
82.63,82.63,35.65,59.77,75.40
82.77,82.77,35.68,57.56,75.33
82.35,82.35,38.41,60.77,72.27
80.73,80.73,40.85,63.76,70.98
80.34,80.34,45.57,64.66,70.55
78.50,78.50,46.03,66.40,70.59
73.73,73.73,45.73,64.24,71.62
67.60,67.60,41.74,64.86,74.29
66.59,66.59,36.28,63.96,72.53
61.76,61.76,30.29,62.83,72.96
62.17,62.17,37.63,64.16,73.73
61.32,61.32,52.45,62.46,71.13
58.54,58.54,62.46,59.88,71.35
57.41,57.41,63.78,52.76,67.70
57.07,57.07,86.73,45.67,61.11
53.09,53.09,92.72,33.42,57.13
57.77,57.77,92.21,29.18,56.35
60.54,60.54,90.49,39.69,58.62
60.72,60.72,86.07,34.36,61.85
57.82,57.82,84.69,38.84,62.47
56.93,56.93,83.25,40.49,60.84
57.33,57.33,80.26,44.17,63.75
55.98,55.98,81.80,51.25,64.74
56.99,56.99,76.17,52.18,66.19
57.80,57.80,75.35,46.19,64.51
58.18,58.18,71.18,39.36,65.76
60.11,60.11,67.51,46.04,66.95
58.14,58.14,62.87,47.06,70.89
56.11,56.11,54.28,45.42,69.57
53.61,53.61,55.30,48.37,67.14
53.06,53.06,61.03,51.09,67.97
54.16,54.16,81.47,43.88,63.89
53.82,53.82,81.34,47.11,63.76
55.43,55.43,80.60,49.57,63.44
55.03,55.03,81.23,71.75,69.04
52.72,52.72,75.97,77.79,71.31
48.62,48.62,76.30,69.27,73.44
50.12,50.12,73.34,77.20,71.45
44.73,44.73,63.87,79.84,73.90
42.97,42.97,64.52,77.56,70.83
42.55,42.55,65.86,75.69,73.34
40.96,40.96,59.67,77.62,72.59
40.79,40.79,49.49,78.65,73.16
43.87,43.87,49.07,76.97,71.95
44.32,44.32,57.40,74.44,67.98
50.44,50.44,69.00,72.82,67.06
59.33,59.33,74.77,71.30,65.77
65.68,65.68,91.13,58.25,54.80
75.32,75.32,91.75,58.38,51.98
80.82,80.82,88.70,67.54,52.69
82.67,82.67,86.60,65.79,51.50
81.37,81.37,86.83,66.84,54.86
79.68,79.68,89.12,71.61,60.29
79.93,79.93,80.53,73.50,64.50
79.39,79.39,84.54,73.38,66.03
80.48,80.48,79.13,71.87,68.16
79.69,79.69,71.17,72.81,69.05
78.31,78.31,55.03,71.93,66.78
77.72,77.72,65.30,75.27,73.33
75.88,75.88,65.87,83.41,70.84
67.82,67.82,50.85,79.94,67.93
69.02,69.02,45.48,79.49,73.59
76.44,76.44,47.38,76.71,69.19
78.19,78.19,45.36,79.64,69.84
77.97,77.97,45.88,75.73,73.70
76.65,76.65,41.79,79.08,68.79
76.50,76.50,41.28,83.57,68.64
76.10,76.10,38.96,76.56,69.51
72.29,72.29,35.19,81.02,68.35
72.27,72.27,33.83,78.55,70.42
72.68,72.68,34.50,79.24,70.48
75.04,75.04,36.35,79.14,70.81
73.84,73.84,40.31,78.99,70.13
77.52,77.52,48.19,80.46,71.16
77.11,77.11,51.87,79.26,70.15
76.15,76.15,49.40,81.74,70.88
75.89,75.89,49.15,78.31,69.46
75.57,75.57,63.21,81.24,70.48
74.98,74.98,68.91,75.88,66.50
73.17,73.17,76.79,67.30,56.71
65.92,65.92,92.50,68.94,51.58
66.64,66.64,90.93,57.13,47.90
68.14,68.14,92.46,65.38,48.44
70.28,70.28,87.65,64.23,51.69
70.03,70.03,88.77,60.03,54.94
69.07,69.07,83.34,64.47,59.02
68.91,68.91,77.44,58.27,59.28
71.35,71.35,72.07,65.28,59.56
71.89,71.89,76.06,66.76,64.18
71.35,71.35,72.61,73.76,63.05
70.46,70.46,60.97,68.60,64.48
68.52,68.52,65.28,78.71,64.85
70.52,70.52,56.29,76.31,65.50
70.72,70.72,46.41,74.31,69.46
71.04,71.04,44.14,76.63,67.81
69.98,69.98,40.96,71.57,67.41
70.88,70.88,33.87,77.29,66.37
71.40,71.40,29.67,75.95,65.12
68.74,68.74,28.57,73.21,66.09
73.23,73.23,22.26,75.55,67.63
77.14,77.14,28.55,73.98,66.35
77.97,77.97,34.86,78.61,72.29
77.51,77.51,29.34,74.80,71.39
76.51,76.51,28.82,80.54,70.85
76.20,76.20,25.24,70.70,70.97
76.79,76.79,26.59,79.01,69.51
76.39,76.39,25.48,74.30,69.74
74.58,74.58,26.13,73.12,70.56
73.73,73.73,35.80,74.56,70.00
76.38,76.38,54.38,71.67,70.16
76.28,76.28,66.11,69.63,68.97
76.08,76.08,71.80,70.86,64.77
69.49,69.49,83.76,62.30,61.11
61.80,61.80,92.60,43.97,56.44
59.06,59.06,91.74,39.12,55.84
56.68,56.68,89.97,35.90,58.28
56.72,56.72,87.94,47.67,58.12
57.68,57.68,83.21,52.73,57.34
59.69,59.69,85.20,51.90,58.24
63.23,63.23,76.69,49.99,59.87
77.47,77.47,76.60,44.75,59.95
79.63,79.63,79.23,53.65,64.02
77.68,77.68,73.37,58.56,63.05
78.27,78.27,61.97,60.86,67.69
78.87,78.87,67.13,66.98,68.32
79.12,79.12,61.25,67.81,69.37
79.33,79.33,45.00,70.23,69.08
78.98,78.98,38.17,72.07,72.31
79.50,79.50,34.30,64.49,68.49
78.18,78.18,41.26,68.20,71.57
78.58,78.58,48.22,67.85,70.46
79.02,79.02,51.42,68.53,70.60
77.02,77.02,46.99,70.70,72.70
77.99,77.99,43.05,72.98,72.29
77.24,77.24,38.66,68.64,70.94
75.83,75.83,34.76,71.09,71.05
78.54,78.54,35.62,71.56,69.73
78.21,78.21,42.82,68.85,69.26
76.82,76.82,39.35,72.22,71.46
76.98,76.98,38.99,69.20,72.60
76.71,76.71,36.82,70.01,69.41
75.96,75.96,46.53,73.46,70.22
75.84,75.84,54.19,67.77,69.26
76.37,76.37,64.50,64.14,64.28
77.19,77.19,68.68,60.86,55.61
74.34,74.34,87.63,53.66,49.42
70.86,70.86,89.80,44.53,47.50
69.82,69.82,91.24,39.41,48.32
63.82,63.82,91.89,34.60,50.07
64.84,64.84,82.12,37.45,49.95
59.62,59.62,85.78,43.32,51.85
58.05,58.05,84.31,44.51,56.32
57.78,57.78,78.81,48.80,59.43
59.42,59.42,78.06,55.28,58.71
59.74,59.74,76.30,56.10,60.24
58.92,58.92,72.06,52.73,61.88
62.09,62.09,61.17,53.54,64.37
62.93,62.93,71.25,53.89,69.25
60.70,60.70,69.95,54.26,70.95
63.65,63.65,63.39,56.01,70.73
64.53,64.53,65.95,55.41,70.97
64.19,64.19,64.90,56.10,69.16
63.95,63.95,63.20,58.76,70.82
62.61,62.61,58.92,60.47,73.65
63.35,63.35,64.71,71.40,73.16
62.53,62.53,61.44,80.25,78.65
62.89,62.89,51.09,82.61,80.66
61.60,61.60,50.35,79.78,75.66
62.08,62.08,51.74,72.61,71.82
63.00,63.00,47.66,63.77,71.66
64.05,64.05,42.08,59.63,72.45
69.17,69.17,40.02,66.70,72.05
72.65,72.65,43.63,69.83,72.03
72.24,72.24,41.82,70.18,70.46
75.48,75.48,50.88,68.14,73.72
74.07,74.07,61.16,62.49,73.23
74.66,74.66,69.27,60.53,68.56
69.56,69.56,74.45,51.77,62.41
71.55,71.55,92.31,39.54,54.57
76.36,76.36,92.72,42.38,52.29
78.70,78.70,90.45,48.60,55.59
80.38,80.38,87.74,55.50,60.75
80.75,80.75,86.69,46.67,58.68
79.76,79.76,83.41,55.29,60.24
79.66,79.66,80.70,61.88,59.38
78.62,78.62,80.36,59.60,60.44
77.74,77.74,73.63,64.70,61.87
78.49,78.49,73.81,71.50,66.73
75.69,75.69,66.12,69.61,65.76
74.86,74.86,63.84,71.87,69.55
77.14,77.14,62.00,72.87,70.96
72.15,72.15,58.29,70.05,72.21
68.81,68.81,47.28,72.95,71.44
69.62,69.62,42.22,74.54,72.28
70.02,70.02,44.55,71.58,74.48
78.39,78.39,47.02,73.93,72.10
76.64,76.64,41.43,76.15,69.74
76.57,76.57,34.79,75.23,71.63
75.81,75.81,30.72,75.62,69.14
77.01,77.01,30.12,74.21,71.43
73.97,73.97,32.33,72.93,69.94
71.38,71.38,34.84,75.64,72.05
72.12,72.12,43.42,74.57,70.83
73.58,73.58,44.15,74.96,69.60
78.98,78.98,43.86,72.96,69.35
78.17,78.17,43.49,73.17,70.43
77.18,77.18,41.26,72.88,67.10
77.95,77.95,51.66,73.40,70.72
78.73,78.73,63.71,73.37,69.67
78.95,78.95,69.19,69.94,69.25
78.97,78.97,79.55,63.16,62.48
76.87,76.87,91.44,56.92,52.74
76.24,76.24,91.72,44.20,49.22
74.37,74.37,91.44,40.99,50.99
72.50,72.50,88.77,50.37,54.10
66.02,66.02,84.78,51.21,54.31
65.87,65.87,81.34,51.07,56.23
67.75,67.75,83.55,56.05,60.54
72.13,72.13,78.49,58.28,63.96
75.51,75.51,77.27,60.51,64.00
74.55,74.55,73.52,64.89,67.42
72.71,72.71,69.63,64.88,67.96
67.70,67.70,67.66,65.74,68.72
65.82,65.82,61.10,67.19,70.76
60.75,60.75,50.89,65.74,71.99
65.16,65.16,37.75,68.14,70.86
70.41,70.41,39.75,70.74,71.06
69.88,69.88,41.29,69.72,72.46
70.37,70.37,43.90,69.50,71.21
70.92,70.92,43.34,68.36,72.47
70.69,70.69,32.35,66.67,74.26
76.44,76.44,30.94,66.33,74.06
81.02,81.02,30.98,66.60,78.26
79.70,79.70,31.06,63.41,75.97
80.20,80.20,27.72,66.77,77.27
80.06,80.06,27.31,67.99,78.47
78.00,78.00,30.52,65.57,74.61
79.00,79.00,31.88,66.70,74.98
79.27,79.27,32.85,66.83,75.83
77.08,77.08,33.93,68.16,73.30
77.97,77.97,46.93,65.28,72.66
78.17,78.17,63.39,60.61,72.74
77.59,77.59,67.41,55.15,68.30
76.93,76.93,84.79,49.96,65.35
75.45,75.45,92.19,38.37,57.52
75.98,75.98,91.62,29.34,57.96
76.67,76.67,89.82,33.45,57.07
76.36,76.36,87.70,41.84,55.38
74.24,74.24,82.84,38.48,56.93
74.08,74.08,83.69,40.61,61.14
74.12,74.12,80.34,48.05,60.86
73.65,73.65,82.97,47.30,61.33
70.90,70.90,79.83,39.01,62.84
71.88,71.88,76.76,51.39,66.77
69.86,69.86,74.47,50.24,68.42
69.52,69.52,66.71,52.83,71.68
69.54,69.54,65.80,56.64,72.61
69.10,69.10,61.31,58.09,74.51
69.83,69.83,62.26,60.57,72.13
67.85,67.85,51.53,59.95,73.71
66.83,66.83,36.45,58.02,70.36
78.60,78.60,37.33,58.10,74.58
76.26,76.26,26.11,61.37,74.63
77.06,77.06,27.59,62.12,75.41
74.93,74.93,22.57,60.59,73.42
71.65,71.65,23.05,63.05,71.45
74.72,74.72,21.42,64.56,71.56
74.93,74.93,20.26,64.86,70.02
74.45,74.45,19.12,65.85,72.08
72.55,72.55,15.79,67.28,73.27
73.78,73.78,11.43,64.68,74.02
74.72,74.72,15.46,64.18,73.25
75.22,75.22,41.14,65.47,73.68
73.58,73.58,52.71,60.29,70.75
75.89,75.89,61.74,55.96,70.59
75.52,75.52,66.44,49.40,67.58
73.50,73.50,90.68,47.45,61.73
72.04,72.04,89.35,43.49,53.77
73.26,73.26,91.47,33.90,52.90
80.20,80.20,91.05,37.17,56.51
78.11,78.11,84.24,41.75,61.65
78.88,78.88,85.03,37.89,64.74
79.21,79.21,79.94,40.15,64.64
76.86,76.86,79.97,42.19,67.25
77.13,77.13,77.40,51.40,67.04
76.30,76.30,71.83,55.63,70.89
76.17,76.17,71.74,58.36,71.11
72.92,72.92,69.79,58.38,71.75
74.71,74.71,79.19,69.29,72.23
78.77,78.77,81.39,73.77,72.42
77.98,77.98,79.34,72.91,72.93
78.93,78.93,72.80,66.25,71.07
79.36,79.36,75.66,51.95,68.56
79.11,79.11,84.42,48.77,62.61
79.30,79.30,83.74,40.87,60.73
78.75,78.75,81.83,49.38,59.97
77.31,77.31,81.20,53.27,61.04
74.22,74.22,74.39,51.28,60.93
75.71,75.71,75.72,46.25,61.41
76.95,76.95,71.11,47.39,63.76
76.71,76.71,71.41,48.54,65.89
75.43,75.43,65.53,50.97,65.95
74.71,74.71,64.69,47.37,66.46
75.49,75.49,61.35,49.66,66.12
77.08,77.08,54.02,47.96,64.08
73.12,73.12,48.86,46.28,61.14
73.51,73.51,51.75,46.54,61.66
72.13,72.13,57.02,46.99,55.40
73.66,73.66,70.06,44.36,51.16
72.30,72.30,92.59,46.94,48.70
71.68,71.68,91.99,44.44,48.41
73.25,73.25,91.18,45.30,50.95
74.36,74.36,87.96,40.45,52.74
74.96,74.96,86.47,63.91,54.49
75.68,75.68,81.34,73.79,57.96
75.45,75.45,81.20,75.44,61.63
76.20,76.20,80.21,74.14,63.21
74.54,74.54,75.23,65.52,67.27
74.08,74.08,71.37,68.18,68.11
73.62,73.62,65.41,75.20,70.38
73.91,73.91,63.03,76.15,71.69
76.21,76.21,50.70,77.46,70.86
76.66,76.66,54.79,78.68,72.26
75.23,75.23,52.50,78.41,74.41
76.48,76.48,53.03,74.38,71.61
75.76,75.76,57.95,71.59,74.17
75.18,75.18,62.87,73.07,73.89
72.84,72.84,62.00,73.54,71.36
73.12,73.12,55.98,77.75,69.96
71.35,71.35,48.12,78.20,70.75
67.79,67.79,39.56,78.98,68.93
66.04,66.04,42.65,77.24,70.45
66.86,66.86,41.42,74.79,69.94
65.30,65.30,39.85,74.84,72.47
66.06,66.06,35.40,73.77,71.09
65.71,65.71,34.37,76.56,71.02
69.51,69.51,32.26,77.79,72.43
70.17,70.17,34.22,77.17,70.16
67.93,67.93,47.82,75.26,71.79
66.77,66.77,60.76,75.30,71.49
66.43,66.43,68.50,72.51,69.01
65.01,65.01,80.76,69.32,62.82
64.42,64.42,91.46,62.68,53.51
71.47,71.47,91.91,53.27,48.87
74.37,74.37,89.88,39.30,50.86
76.31,76.31,89.45,50.47,52.07
76.09,76.09,83.18,54.17,54.35
75.48,75.48,83.18,55.51,57.77
75.40,75.40,82.80,58.98,60.51
72.65,72.65,78.34,59.74,58.57
72.82,72.82,78.02,61.57,63.74
73.23,73.23,72.17,63.56,64.73
74.43,74.43,70.63,67.69,63.41
73.47,73.47,61.57,69.50,67.02
75.95,75.95,58.42,70.91,66.95
74.84,74.84,47.48,69.97,68.81
75.92,75.92,40.56,67.42,70.67
77.33,77.33,40.20,68.57,70.49
78.40,78.40,37.91,69.87,69.12
78.20,78.20,37.02,71.50,69.11
78.49,78.49,37.27,71.86,68.35
76.29,76.29,35.83,72.73,70.31
75.39,75.39,32.54,71.53,68.56
77.80,77.80,33.00,69.86,71.80
78.84,78.84,36.81,71.89,74.75
76.61,76.61,31.16,71.39,74.44
76.15,76.15,25.42,72.66,73.87
79.45,79.45,25.46,70.94,73.23
79.88,79.88,30.46,70.52,73.82
78.51,78.51,33.33,70.93,73.73
78.72,78.72,37.29,70.35,72.74
79.36,79.36,47.86,70.82,72.82
77.36,77.36,62.74,70.43,73.24
76.50,76.50,68.97,64.89,70.85
76.75,76.75,86.59,58.88,64.45
74.50,74.50,92.46,48.41,59.39
77.05,77.05,91.57,37.32,57.20
78.93,78.93,90.24,36.33,58.67
79.62,79.62,85.29,47.94,62.20
78.38,78.38,84.75,49.37,61.90
78.67,78.67,83.14,50.34,62.56
80.78,80.78,80.41,49.15,63.32
80.92,80.92,80.11,46.91,64.03
78.19,78.19,73.85,50.07,65.96
78.08,78.08,72.87,56.56,66.26
74.39,74.39,69.31,56.48,69.21
71.44,71.44,62.38,55.18,69.83
72.43,72.43,58.89,57.76,71.89
72.04,72.04,50.85,55.26,71.54
72.24,72.24,48.13,60.65,71.90
73.80,73.80,43.49,64.36,72.04
71.30,71.30,44.02,66.64,71.68
69.99,69.99,36.52,68.20,72.44
69.64,69.64,32.13,68.21,72.33
70.52,70.52,32.73,67.90,74.74
69.62,69.62,30.55,63.77,73.44
68.93,68.93,31.32,63.57,72.82
69.13,69.13,31.22,64.22,72.63
69.06,69.06,29.18,63.54,72.92
70.88,70.88,31.08,66.95,71.52
71.17,71.17,31.91,65.90,73.04
73.55,73.55,30.64,63.86,73.67
71.47,71.47,29.05,62.74,71.74
71.96,71.96,43.92,64.33,72.20
70.71,70.71,56.57,66.34,71.11
68.34,68.34,64.39,61.37,67.98
68.75,68.75,75.83,50.75,63.05
69.26,69.26,90.34,45.88,56.52
71.75,71.75,91.15,37.89,55.29
73.37,73.37,90.80,30.83,57.32
74.31,74.31,89.62,34.00,59.34
74.16,74.16,85.55,41.97,58.42
74.93,74.93,84.39,37.77,60.43
74.03,74.03,80.74,41.56,61.72
73.52,73.52,82.98,41.08,64.53
73.54,73.54,80.54,45.75,64.14
74.23,74.23,79.69,47.76,66.12
73.84,73.84,75.07,48.42,65.65
73.87,73.87,71.51,52.45,68.41
76.71,76.71,69.17,52.05,70.77
76.72,76.72,63.02,54.44,72.51
77.65,77.65,62.08,52.14,71.98
77.33,77.33,51.58,51.72,72.71
79.06,79.06,42.32,51.86,73.67
76.25,76.25,37.12,49.08,73.45
76.71,76.71,34.15,48.92,74.61
76.61,76.61,36.34,49.42,74.36
76.55,76.55,34.44,53.50,73.97
78.41,78.41,34.29,53.37,72.99
78.71,78.71,35.05,54.42,72.71
79.54,79.54,34.41,54.50,73.68
77.02,77.02,31.21,56.14,72.80
76.42,76.42,28.20,56.15,73.92
79.94,79.94,37.30,57.08,73.89
79.74,79.74,35.23,54.80,72.14
79.88,79.88,31.70,54.54,72.74
80.19,80.19,40.62,52.10,72.93
80.79,80.79,58.61,52.97,71.04
78.58,78.58,68.70,57.61,68.45
78.93,78.93,72.88,54.62,66.64
77.38,77.38,92.77,52.90,58.70
77.95,77.95,89.83,69.46,57.56
78.88,78.88,91.06,71.65,57.59
80.52,80.52,86.79,71.44,57.37
80.57,80.57,83.00,75.69,58.83
79.36,79.36,81.73,76.06,60.67
81.72,81.72,82.76,81.35,58.00
81.53,81.53,76.61,82.28,55.47
80.50,80.50,71.73,83.64,54.50
80.01,80.01,53.99,84.80,56.08
74.13,74.13,53.74,84.42,55.17
72.30,72.30,53.16,84.48,52.52
73.12,73.12,53.00,83.09,52.29
73.88,73.88,46.38,68.03,55.14
72.38,72.38,42.29,62.77,54.24
73.13,73.13,45.06,59.89,53.44
73.31,73.31,40.71,57.47,53.58
75.04,75.04,40.43,53.22,54.35
76.81,76.81,41.26,46.49,53.17
79.04,79.04,44.15,42.60,53.02
78.82,78.82,40.35,40.48,53.79
78.21,78.21,41.47,38.83,53.64
79.93,79.93,42.12,43.80,55.43
78.09,78.09,44.49,46.30,55.16
77.34,77.34,45.57,46.22,53.50
77.89,77.89,45.08,46.50,54.86
79.04,79.04,43.64,45.36,57.10
78.89,78.89,44.07,43.46,56.15
78.40,78.40,41.47,41.52,51.43
77.35,77.35,44.65,38.02,54.79
73.12,73.12,54.45,32.29,51.93
72.97,72.97,60.98,24.19,51.45
71.71,71.71,79.33,12.18,48.16
70.65,70.65,92.70,0.64,46.97
76.06,76.06,91.65,8.72,50.54
78.11,78.11,89.63,14.23,52.66
79.36,79.36,89.09,22.52,53.88
79.66,79.66,82.60,27.27,52.17
79.28,79.28,84.07,26.21,53.15
79.06,79.06,82.30,26.42,53.53
78.71,78.71,80.98,20.31,52.67
78.15,78.15,79.16,23.24,53.07
77.26,77.26,74.29,32.25,56.50
76.97,76.97,73.25,38.80,58.51
78.06,78.06,67.20,43.30,59.19
78.19,78.19,65.25,46.16,59.75
81.41,81.41,58.81,47.42,59.98
82.71,82.71,52.04,46.67,58.58
80.64,80.64,48.00,43.25,60.22
81.15,81.15,50.16,36.42,62.95
80.49,80.49,51.30,30.36,59.89
78.46,78.46,50.20,30.99,59.20
80.62,80.62,50.93,32.91,62.34
79.44,79.44,49.69,37.86,61.17
81.18,81.18,46.93,40.42,61.15
79.66,79.66,45.55,42.33,58.26
79.36,79.36,49.29,42.95,57.56
79.50,79.50,52.34,42.75,59.82
80.46,80.46,50.83,40.72,58.81
81.81,81.81,45.10,37.69,58.09
81.13,81.13,40.04,34.78,58.11
79.75,79.75,42.17,32.15,59.90
79.00,79.00,48.27,28.66,59.93
78.77,78.77,58.76,32.49,60.50
79.53,79.53,62.93,42.46,57.68
76.82,76.82,88.16,55.88,55.57
76.81,76.81,90.92,61.16,58.27
76.86,76.86,90.06,70.70,60.97
78.50,78.50,90.13,77.07,61.69
81.70,81.70,81.91,73.73,63.98
82.52,82.52,82.19,74.90,62.77
82.45,82.45,70.09,71.60,62.05
83.43,83.43,71.04,71.36,63.03
82.14,82.14,62.12,77.62,62.63
81.51,81.51,70.09,80.56,60.79
81.41,81.41,65.17,82.94,60.97
81.23,81.23,69.05,85.74,60.82
83.01,83.01,63.44,73.90,60.41
81.11,81.11,51.48,58.74,62.91
80.07,80.07,47.21,59.46,64.09
80.65,80.65,41.86,54.47,63.56
79.25,79.25,40.84,53.74,63.66
78.97,78.97,44.56,48.98,64.61
79.18,79.18,50.11,44.95,66.47
76.49,76.49,53.26,70.41,70.99
77.90,77.90,49.25,86.23,70.01
80.50,80.50,45.82,84.74,69.91
80.49,80.49,44.91,84.93,69.46
78.53,78.53,44.41,85.12,70.59
79.51,79.51,40.72,85.42,69.34
78.67,78.67,41.35,86.71,70.83
80.08,80.08,40.81,85.61,70.38
78.16,78.16,43.13,84.73,70.54
80.47,80.47,47.83,76.34,70.48
80.09,80.09,55.45,55.64,68.14
81.36,81.36,62.78,44.05,64.37
80.21,80.21,68.08,37.42,62.73
77.74,77.74,73.51,44.43,59.60
75.35,75.35,88.22,51.94,57.08
76.63,76.63,90.83,59.58,57.62
80.83,80.83,88.54,65.64,60.27
82.31,82.31,86.13,68.43,59.40
81.46,81.46,86.42,63.64,58.08
82.66,82.66,81.31,75.88,58.11
81.67,81.67,81.04,80.51,59.68
81.20,81.20,79.01,78.43,60.99
82.52,82.52,71.13,77.92,60.08
83.16,83.16,68.31,82.09,61.36
82.43,82.43,66.35,85.57,56.54
81.75,81.75,60.34,85.00,58.48
81.55,81.55,57.07,84.64,58.52
81.63,81.63,49.40,85.25,62.66
80.57,80.57,53.30,81.66,61.81
80.78,80.78,58.96,47.27,57.91
80.66,80.66,63.43,54.13,58.05
80.62,80.62,89.07,54.36,57.19
80.28,80.28,89.34,50.21,54.52
80.52,80.52,88.78,53.61,59.53
80.16,80.16,88.80,62.37,59.51
80.45,80.45,79.94,74.85,60.37
80.40,80.40,83.18,78.97,60.81
81.10,81.10,77.79,81.20,61.84
81.76,81.76,77.30,84.65,61.17
82.23,82.23,72.35,84.19,63.01
81.58,81.58,64.99,86.58,64.31
82.19,82.19,64.89,85.22,64.70
80.17,80.17,57.72,84.46,63.07
81.17,81.17,57.90,87.04,62.79
80.54,80.54,63.50,84.45,61.62
80.71,80.71,64.31,71.67,64.94
79.00,79.00,74.18,59.53,63.83
72.99,72.99,91.66,64.38,60.60
75.30,75.30,90.51,67.69,60.94
81.14,81.14,87.94,72.37,62.01
77.95,77.95,87.03,66.20,64.22
76.46,76.46,88.74,79.16,62.68
79.44,79.44,83.44,82.16,65.64
80.56,80.56,80.43,81.48,65.87
78.50,78.50,77.73,87.13,66.34
79.89,79.89,73.75,82.03,68.46
80.75,80.75,65.52,87.46,69.26
80.04,80.04,64.11,81.71,71.20
82.53,82.53,63.88,85.75,72.44
82.06,82.06,63.55,87.79,70.71
80.19,80.19,63.56,79.53,72.28
81.41,81.41,62.17,84.25,72.99
82.36,82.36,63.11,83.46,71.61
82.58,82.58,64.69,81.03,73.21
82.43,82.43,68.09,83.31,72.21
79.97,79.97,66.86,82.12,71.00
78.48,78.48,64.55,79.31,71.99
79.46,79.46,60.95,84.69,71.29
79.61,79.61,58.71,85.95,70.38
80.58,80.58,57.89,84.92,71.55
82.93,82.93,56.02,82.46,71.70
82.62,82.62,55.06,78.88,72.11
81.11,81.11,54.97,80.76,72.73
80.06,80.06,55.15,79.06,71.74
79.43,79.43,54.17,80.11,73.57
78.40,78.40,55.64,81.78,71.88
79.99,79.99,56.43,74.96,71.36
79.07,79.07,63.04,80.38,70.90
78.61,78.61,66.92,73.53,67.98
77.87,77.87,85.99,68.59,64.87
77.07,77.07,92.03,64.94,62.68
78.38,78.38,91.48,60.40,65.71
82.33,82.33,89.21,61.12,64.97
81.56,81.56,88.09,53.55,63.37
80.49,80.49,86.13,57.31,62.43
78.62,78.62,84.28,52.22,60.60
78.47,78.47,75.96,58.09,63.53
76.06,76.06,76.31,54.23,63.89
72.40,72.40,77.47,62.14,67.13
73.46,73.46,68.82,73.21,66.84
74.18,74.18,63.55,70.61,66.79
75.01,75.01,64.43,79.34,67.09
70.48,70.48,54.96,70.64,70.02
70.23,70.23,47.36,79.44,67.69
70.71,70.71,48.53,72.82,69.25
72.65,72.65,51.63,76.19,69.48
78.63,78.63,64.41,76.45,66.31
77.10,77.10,63.90,69.04,66.16
75.78,75.78,61.15,74.92,66.59
78.17,78.17,55.13,76.05,69.03
80.21,80.21,46.26,73.99,69.02
78.89,78.89,42.14,74.73,71.40
78.33,78.33,37.59,75.90,73.12
75.54,75.54,34.88,77.64,71.57
75.52,75.52,33.63,72.35,71.97
76.97,76.97,35.52,78.70,71.72
77.41,77.41,39.50,70.72,72.11
76.80,76.80,42.73,73.74,70.96
77.32,77.32,44.22,74.55,71.68
77.19,77.19,53.47,69.73,72.17
78.11,78.11,64.65,73.51,71.01
77.07,77.07,70.85,62.70,70.52
76.63,76.63,90.26,73.11,60.42
76.96,76.96,90.78,70.97,59.72
77.49,77.49,89.84,73.77,61.30
78.45,78.45,88.89,75.22,59.85
78.24,78.24,82.04,69.47,57.57
75.85,75.85,83.77,76.49,59.67
77.38,77.38,76.52,75.50,60.31
75.63,75.63,67.38,78.05,61.25
77.66,77.66,66.85,76.70,61.72
77.40,77.40,69.53,85.77,66.22
76.53,76.53,60.10,83.99,65.80
78.30,78.30,51.45,83.80,70.10
77.12,77.12,37.93,88.35,70.36
76.50,76.50,33.36,81.86,71.82
77.01,77.01,31.50,67.87,72.07
77.29,77.29,36.83,67.98,72.52
77.04,77.04,45.22,68.87,72.61
76.71,76.71,53.69,72.20,72.16
76.98,76.98,67.26,68.44,72.50
76.63,76.63,64.79,66.10,72.77
75.29,75.29,60.46,66.47,73.37
74.74,74.74,51.82,66.78,72.01
76.52,76.52,41.64,63.40,73.36
75.08,75.08,34.56,65.56,74.00
73.91,73.91,30.97,65.23,74.30
75.24,75.24,31.98,62.10,72.07
75.19,75.19,35.09,61.78,74.10
77.15,77.15,40.17,59.16,73.65
77.53,77.53,40.98,59.98,71.66
75.98,75.98,47.73,64.33,72.27
76.78,76.78,60.13,63.94,72.11
75.63,75.63,67.37,65.22,66.64
76.78,76.78,72.92,63.00,60.40
76.36,76.36,92.04,63.01,57.11
74.79,74.79,91.61,67.24,56.38
72.59,72.59,89.42,66.70,57.54
74.71,74.71,87.54,72.41,56.70
76.70,76.70,85.25,70.86,59.39
75.51,75.51,84.13,65.37,60.10
75.97,75.97,79.85,74.55,62.93
74.19,74.19,77.39,80.17,63.74
73.08,73.08,70.64,79.33,61.87
74.36,74.36,73.84,82.25,63.59
75.56,75.56,72.37,84.96,66.17
71.04,71.04,59.07,82.72,67.81
70.34,70.34,60.73,79.95,68.89
67.74,67.74,61.48,63.10,70.67
68.15,68.15,55.49,55.01,72.43
71.58,71.58,49.57,57.25,73.22
68.57,68.57,49.54,50.64,72.43
69.19,69.19,57.53,42.60,73.29
72.92,72.92,65.73,52.24,73.56
74.84,74.84,69.19,59.56,76.83
78.37,78.37,67.23,68.60,85.86
74.55,74.55,58.60,67.55,84.24
73.43,73.43,45.21,65.30,80.75
74.61,74.61,43.55,53.81,73.54
72.76,72.76,47.65,53.46,72.76
74.49,74.49,46.54,56.33,75.75
76.95,76.95,48.21,56.56,74.34
77.65,77.65,49.15,53.56,74.79
77.26,77.26,49.04,51.26,76.30
78.12,78.12,49.22,57.87,75.86
77.06,77.06,65.71,52.20,73.36
75.72,75.72,67.32,54.96,68.08
75.86,75.86,81.13,61.72,63.99
75.53,75.53,91.49,57.95,57.08
76.08,76.08,91.10,72.01,58.10
72.40,72.40,87.63,72.95,59.25
70.37,70.37,88.83,74.66,62.17
72.22,72.22,82.99,78.13,67.57
72.27,72.27,80.36,82.58,67.17
74.05,74.05,76.80,81.80,66.82
72.65,72.65,70.81,79.74,67.00
73.57,73.57,69.24,84.41,67.89
75.26,75.26,67.61,85.00,69.65
77.12,77.12,66.07,87.82,68.74
78.10,78.10,64.89,85.81,70.11
77.95,77.95,63.29,81.93,72.21
75.62,75.62,62.14,82.83,72.11
75.12,75.12,60.95,81.23,73.46
77.41,77.41,60.39,84.21,72.64
75.87,75.87,64.00,84.99,73.31
74.68,74.68,65.04,82.98,73.42
78.84,78.84,65.53,84.17,73.01
78.76,78.76,63.92,77.29,72.99
77.99,77.99,62.58,76.70,71.18
76.70,76.70,58.56,76.15,72.35
79.09,79.09,56.38,72.34,72.58
78.63,78.63,55.53,72.08,72.42
77.84,77.84,56.99,71.80,75.86
76.95,76.95,59.31,69.07,74.92
78.14,78.14,59.07,72.39,74.69
76.39,76.39,58.25,71.16,73.04
76.45,76.45,54.86,70.28,72.14
76.81,76.81,58.37,69.84,71.41
76.22,76.22,66.74,67.07,72.53
75.61,75.61,71.25,58.25,71.19
76.50,76.50,85.60,55.32,64.13
76.63,76.63,92.07,46.02,59.67
80.18,80.18,91.43,22.18,61.51
78.74,78.74,90.10,23.41,61.20
77.29,77.29,85.50,25.90,59.46
76.86,76.86,84.44,25.75,62.74
76.24,76.24,83.28,17.51,64.67
73.94,73.94,80.31,16.40,65.56
73.43,73.43,80.16,25.14,65.87
70.61,70.61,73.13,30.42,65.54
65.09,65.09,74.28,37.56,68.82
65.67,65.67,71.63,43.88,70.47
67.59,67.59,67.43,48.00,72.54
66.84,66.84,59.82,49.34,71.89
64.95,64.95,54.80,46.87,72.76
65.08,65.08,47.16,37.20,74.00
65.47,65.47,46.03,45.33,74.76
68.37,68.37,51.44,51.92,74.94
74.82,74.82,59.32,54.94,73.59
77.97,77.97,66.79,55.69,76.26
78.33,78.33,70.91,54.46,76.19
75.26,75.26,70.85,51.52,76.44
76.89,76.89,72.37,47.02,77.42
74.98,74.98,72.00,37.66,78.32
75.08,75.08,71.77,29.36,77.98
71.91,71.91,68.35,29.08,77.74
69.26,69.26,66.55,30.26,77.52
69.17,69.17,67.42,31.61,77.15
68.52,68.52,65.69,33.44,77.02
70.24,70.24,66.85,32.72,77.05
67.84,67.84,65.97,42.47,74.26
66.74,66.74,68.58,51.70,72.94
66.26,66.26,72.39,52.12,73.14
62.49,62.49,91.63,59.21,62.77
62.44,62.44,91.40,69.80,58.95
69.37,69.37,89.76,71.20,60.46
79.02,79.02,87.60,65.33,60.65
78.02,78.02,85.25,70.16,59.29
78.50,78.50,85.14,80.91,62.63
77.69,77.69,79.35,81.34,64.11
76.42,76.42,78.11,80.66,66.06
76.95,76.95,74.16,78.52,63.84
74.25,74.25,70.33,82.38,65.64
74.72,74.72,70.45,87.13,66.96
75.90,75.90,62.94,84.62,72.23
76.79,76.79,57.14,72.19,74.30
77.32,77.32,50.45,61.32,73.94
78.00,78.00,50.23,62.10,72.64
78.40,78.40,47.96,61.48,73.68
76.19,76.19,45.47,58.12,71.97
72.36,72.36,53.60,62.19,71.05
74.52,74.52,64.56,75.75,72.47
77.95,77.95,68.85,85.68,72.49
80.84,80.84,71.93,86.17,75.37
78.33,78.33,71.27,85.27,74.01
76.16,76.16,71.09,86.89,73.55
76.48,76.48,70.29,86.11,73.62
74.60,74.60,70.23,84.14,72.67
73.75,73.75,68.47,87.32,73.52
74.84,74.84,67.11,86.18,74.70
73.90,73.90,67.44,87.37,73.30
67.04,67.04,65.55,79.49,74.11
69.62,69.62,64.84,61.98,73.71
62.87,62.87,64.59,57.14,72.27
62.76,62.76,67.55,45.57,70.57
61.82,61.82,76.47,41.56,67.65
69.04,69.04,91.95,54.12,62.38
70.97,70.97,92.06,65.30,59.76
76.06,76.06,88.40,69.19,61.23
82.13,82.13,86.44,62.87,62.67
77.50,77.50,86.98,71.22,62.59
77.29,77.29,81.57,78.25,64.81
76.27,76.27,80.39,81.50,65.40
77.43,77.43,71.41,82.38,66.21
78.01,78.01,65.67,81.15,68.73
77.61,77.61,64.59,83.31,68.75
76.82,76.82,62.89,85.04,69.09
76.84,76.84,62.62,77.36,69.34
75.93,75.93,53.67,67.01,71.15
77.44,77.44,52.79,58.55,68.11
77.59,77.59,59.91,54.59,70.26
77.26,77.26,64.13,50.57,68.06
77.67,77.67,87.08,56.37,63.34
69.44,69.44,87.32,70.14,62.37
71.26,71.26,82.74,68.21,62.76
74.94,74.94,88.42,77.45,65.52
78.70,78.70,82.25,81.41,66.01
79.75,79.75,81.71,82.67,66.54
76.58,76.58,74.49,81.88,68.12
76.31,76.31,73.64,87.03,69.50
76.41,76.41,74.36,86.10,70.88
74.60,74.60,67.84,87.88,74.07
72.12,72.12,58.03,85.70,73.41
74.29,74.29,57.79,85.14,74.20
74.64,74.64,53.82,75.85,73.05
72.95,72.95,55.48,73.52,71.90
65.42,65.42,67.21,68.63,70.43
60.81,60.81,68.22,63.63,68.73
62.40,62.40,84.49,61.99,64.97
61.14,61.14,92.46,59.29,58.19
62.03,62.03,90.68,71.95,60.38
74.43,74.43,87.28,70.95,66.74
78.29,78.29,84.57,72.20,69.96
80.08,80.08,76.26,75.88,70.84
82.94,82.94,76.53,74.23,72.30
80.72,80.72,75.31,73.17,71.18
82.34,82.34,72.74,79.51,72.16
82.03,82.03,71.96,81.64,70.51
80.61,80.61,68.50,84.16,72.41
78.04,78.04,65.58,87.79,72.55
78.60,78.60,65.65,82.70,70.82
78.43,78.43,65.66,79.81,73.93
78.91,78.91,66.05,73.27,73.61
77.74,77.74,65.91,68.49,73.50
78.12,78.12,65.43,56.49,76.27
75.05,75.05,65.23,58.54,74.79
76.73,76.73,64.25,57.90,77.39
75.84,75.84,63.88,50.92,78.50
73.31,73.31,66.24,47.31,80.63
73.49,73.49,62.71,49.66,79.24
73.58,73.58,61.62,44.64,77.04
73.81,73.81,60.10,33.93,73.43
70.76,70.76,59.18,39.59,75.34
69.95,69.95,57.90,38.03,76.23
66.18,66.18,57.45,42.71,77.02
66.41,66.41,58.17,38.29,78.68
68.04,68.04,58.10,46.26,75.58
69.28,69.28,56.21,51.15,76.40
65.99,65.99,58.65,51.48,75.40
63.65,63.65,67.03,47.78,70.04
63.44,63.44,73.89,40.49,69.07
58.09,58.09,89.72,32.65,57.91
58.74,58.74,91.79,22.42,55.18
61.68,61.68,91.20,6.45,54.57
66.92,66.92,91.92,13.01,56.42
71.71,71.71,84.82,8.54,57.19
72.91,72.91,85.24,0.11,59.17
72.38,72.38,82.60,-0.00,61.44
71.56,71.56,80.18,-0.00,61.48
72.53,72.53,79.35,-0.00,64.42
72.73,72.73,73.38,1.73,64.66
72.29,72.29,73.45,12.11,65.17
72.24,72.24,66.04,20.48,68.00
72.03,72.03,65.91,24.96,72.24
70.68,70.68,61.70,25.41,70.73
71.40,71.40,61.33,22.50,70.73
72.21,72.21,49.60,15.71,72.08
70.47,70.47,47.45,13.93,69.10
70.17,70.17,53.14,12.03,71.39
70.66,70.66,60.45,10.50,72.72
74.57,74.57,68.35,10.47,73.98
76.97,76.97,63.57,10.95,72.18
80.25,80.25,57.53,12.12,73.00
77.73,77.73,49.79,8.90,75.17
76.45,76.45,44.32,5.86,75.07
76.29,76.29,39.45,7.90,75.30
75.96,75.96,36.85,8.58,73.38
77.17,77.17,39.72,8.34,71.94
78.68,78.68,46.18,16.13,74.14
77.71,77.71,47.34,19.23,73.28
78.44,78.44,44.51,19.57,74.38
77.69,77.69,54.64,41.20,74.70
78.40,78.40,65.80,45.09,73.05
77.36,77.36,70.92,54.50,68.43
75.92,75.92,92.00,66.58,60.44
74.42,74.42,91.94,70.46,58.59
75.33,75.33,89.75,73.22,56.94
73.66,73.66,86.67,69.79,58.25
76.42,76.42,86.86,67.60,58.38
76.89,76.89,84.77,78.68,58.53
77.68,77.68,81.58,79.88,59.72
77.04,77.04,80.48,84.79,63.00
78.88,78.88,73.83,82.86,65.19
76.84,76.84,72.35,85.24,67.35
77.78,77.78,61.25,86.51,68.68
80.99,80.99,51.93,83.34,69.30
79.70,79.70,51.68,85.98,71.32
80.72,80.72,41.19,77.18,72.32
79.47,79.47,37.31,61.92,71.83
77.74,77.74,41.93,53.44,73.49
78.44,78.44,47.02,51.71,72.20
80.40,80.40,54.89,45.65,73.72
77.27,77.27,66.51,43.47,72.87
75.98,75.98,65.02,41.36,76.74
74.87,74.87,60.65,33.65,75.76
76.21,76.21,52.87,29.61,71.89
74.64,74.64,44.56,28.95,72.21
74.67,74.67,38.81,26.62,74.25
77.08,77.08,35.29,23.13,75.14
76.27,76.27,33.84,16.83,75.43
74.15,74.15,35.01,12.70,73.87
76.86,76.86,40.97,11.78,72.67
75.85,75.85,47.96,11.14,73.79
75.72,75.72,55.61,8.82,72.07
74.76,74.76,67.02,2.91,69.02
74.64,74.64,75.07,0.00,63.26
76.40,76.40,91.80,-0.00,59.65
70.16,70.16,90.79,0.00,56.98
73.17,73.17,91.30,0.01,56.25
71.92,71.92,90.71,2.75,53.35
72.77,72.77,88.79,14.94,54.14
75.22,75.22,85.17,21.28,55.56
76.46,76.46,81.65,22.68,57.48
74.17,74.17,83.49,17.79,60.59
74.49,74.49,81.17,14.52,62.68
74.26,74.26,81.55,7.11,66.62
72.60,72.60,77.04,3.63,67.34
69.41,69.41,74.86,14.32,66.05
69.29,69.29,71.33,21.82,69.60
69.08,69.08,65.95,26.43,72.22
68.28,68.28,65.24,29.20,71.56
67.18,67.18,57.40,29.34,73.07
66.60,66.60,55.29,26.51,73.51
67.31,67.31,54.12,16.40,72.14
71.30,71.30,67.63,13.15,73.81
75.18,75.18,63.20,25.44,75.19
79.03,79.03,59.94,36.28,78.91
78.45,78.45,50.03,41.93,86.83
77.85,77.85,41.01,40.69,85.81
77.07,77.07,38.12,33.89,80.69
75.11,75.11,39.08,26.02,73.88
75.00,75.00,38.52,20.87,72.95
75.70,75.70,39.70,20.08,74.62
75.15,75.15,42.75,20.99,78.31
74.72,74.72,49.42,15.12,77.02
74.46,74.46,51.60,21.09,76.77
74.58,74.58,54.30,41.19,75.18
74.95,74.95,67.80,51.02,73.18
74.31,74.31,68.98,54.04,71.29
73.59,73.59,85.33,60.47,69.17
74.75,74.75,92.06,68.61,59.78
76.12,76.12,90.42,75.10,60.13
74.12,74.12,86.89,76.11,59.05
73.49,73.49,84.97,79.15,65.52
75.96,75.96,80.99,80.86,68.25
76.44,76.44,77.33,77.87,68.91
75.26,75.26,77.66,77.09,68.21
77.37,77.37,76.09,81.52,68.38
77.53,77.53,74.11,84.53,68.05
75.21,75.21,69.04,86.85,68.87
76.72,76.72,65.65,85.78,70.74
74.98,74.98,62.17,85.29,71.64
73.62,73.62,62.05,84.37,72.90
74.45,74.45,62.37,85.50,73.35
74.49,74.49,60.03,78.66,73.68
75.12,75.12,61.04,64.39,74.17
76.11,76.11,65.54,63.86,72.65
80.43,80.43,65.14,62.65,77.00
79.04,79.04,62.20,62.39,75.67
78.78,78.78,58.69,59.55,73.71
77.58,77.58,54.30,58.10,76.55
77.67,77.67,51.32,61.08,76.65
76.89,76.89,49.81,60.53,75.13
78.69,78.69,48.67,56.58,75.88
77.97,77.97,46.92,59.83,74.36
78.22,78.22,46.91,60.30,72.88
77.23,77.23,47.98,63.19,75.52
74.04,74.04,47.65,64.49,73.33
73.42,73.42,49.67,66.46,72.81
71.98,71.98,63.89,62.85,72.33
72.13,72.13,69.58,51.12,71.68
71.40,71.40,73.67,44.85,69.47
69.54,69.54,90.49,40.46,63.52
71.27,71.27,91.48,32.47,61.27
77.69,77.69,90.65,5.35,61.30
79.30,79.30,91.02,-0.00,60.16
81.67,81.67,84.46,-0.00,62.82
77.79,77.79,84.81,-0.00,64.86
78.99,78.99,81.07,-0.00,64.62
78.94,78.94,83.36,-0.00,66.36
79.26,79.26,80.22,-0.00,68.73
75.72,75.72,75.61,0.01,68.47
75.42,75.42,74.97,6.92,68.94
76.22,76.22,70.02,15.90,71.59
73.07,73.07,70.90,18.64,74.51
72.55,72.55,60.95,15.42,71.95
72.95,72.95,51.53,3.16,70.89
74.05,74.05,52.42,7.30,74.63
75.94,75.94,50.79,8.80,73.60
75.91,75.91,59.47,3.40,73.77
80.79,80.79,66.36,0.18,74.58
82.01,82.01,70.24,3.63,76.49
79.62,79.62,71.59,8.10,75.57
80.73,80.73,71.40,7.00,78.53
80.46,80.46,70.89,1.86,78.71
79.58,79.58,69.68,1.46,78.32
77.38,77.38,67.79,6.72,78.39
76.21,76.21,65.43,8.31,78.53
72.32,72.32,65.14,12.94,77.72
71.94,71.94,64.65,10.57,77.86
70.84,70.84,61.58,33.85,76.58
69.84,69.84,61.03,42.72,75.99
69.30,69.30,62.58,45.67,75.06
68.68,68.68,64.71,52.63,74.11
65.06,65.06,74.33,53.25,71.21
63.24,63.24,92.46,67.42,61.45
73.48,73.48,90.59,74.87,61.46
79.24,79.24,88.75,75.93,63.69
78.64,78.64,85.79,77.38,62.22
80.74,80.74,85.14,80.48,63.44
83.57,83.57,78.13,79.16,63.58
81.58,81.58,78.26,76.98,64.86
80.13,80.13,75.70,79.62,66.50
83.16,83.16,73.74,82.85,67.38
82.48,82.48,75.63,87.22,69.05
78.79,78.79,68.20,86.32,69.72
80.12,80.12,62.46,84.22,70.55
80.44,80.44,60.48,66.41,70.56
80.58,80.58,54.71,55.14,70.40
81.49,81.49,49.14,56.88,69.72
81.10,81.10,45.17,52.76,71.55
83.89,83.89,48.11,51.23,70.11
77.82,77.82,53.82,51.04,70.56
74.66,74.66,62.44,52.35,69.53
77.76,77.76,69.47,60.93,71.34
76.14,76.14,70.58,79.61,73.27
72.51,72.51,71.38,86.86,72.91
77.19,77.19,69.78,85.90,71.89
76.51,76.51,68.11,87.14,72.77
76.58,76.58,66.39,84.69,71.54
76.14,76.14,65.95,87.49,70.90
77.69,77.69,64.97,87.42,69.69
76.42,76.42,64.29,86.62,70.45
74.73,74.73,63.26,87.60,70.29
72.80,72.80,62.94,85.53,70.44
67.46,67.46,63.07,75.18,69.84
66.83,66.83,67.71,51.00,67.31
71.52,71.52,78.64,57.62,65.31
71.39,71.39,90.24,65.42,60.74
74.60,74.60,88.96,70.26,64.95
76.13,76.13,87.16,70.91,64.17
82.00,82.00,87.00,65.00,61.55
80.18,80.18,84.94,70.74,61.61
79.98,79.98,83.68,77.06,61.67
80.38,80.38,81.69,79.58,63.52
77.71,77.71,75.28,82.03,62.96
77.81,77.81,69.24,80.80,66.05
79.51,79.51,67.06,82.79,68.45
77.35,77.35,64.90,84.74,67.38
77.92,77.92,63.41,85.72,69.92
78.47,78.47,53.92,82.35,68.70
78.69,78.69,49.67,69.80,69.57
78.70,78.70,49.74,52.69,69.38
74.00,74.00,59.68,41.55,68.49
73.49,73.49,73.56,48.28,70.29
71.01,71.01,75.95,71.11,68.82
72.41,72.41,67.90,81.56,73.13
78.11,78.11,59.35,79.82,70.93
76.29,76.29,55.23,76.81,70.45
76.38,76.38,52.54,77.46,69.92
76.14,76.14,49.44,85.07,69.49
74.71,74.71,47.72,86.17,72.19
74.04,74.04,49.81,84.56,72.32
75.04,75.04,51.18,86.72,73.22
73.31,73.31,51.21,87.31,73.10
74.13,74.13,49.46,85.21,71.79
73.51,73.51,48.09,84.90,72.05
73.12,73.12,54.70,82.61,71.51
72.43,72.43,66.98,86.95,71.54
73.57,73.57,70.16,85.18,69.39
74.15,74.15,87.90,78.25,65.72
74.14,74.14,92.55,69.91,64.18
81.16,81.16,89.40,72.49,65.73
80.94,80.94,86.15,70.67,68.03
78.47,78.47,87.55,75.72,67.49
78.20,78.20,87.46,78.39,69.47
79.13,79.13,85.17,78.92,70.88
79.11,79.11,81.81,82.60,70.35
82.46,82.46,80.83,82.29,70.33
84.55,84.55,74.62,80.34,71.62
80.97,80.97,68.75,86.93,68.39
80.78,80.78,67.01,80.48,73.00
80.61,80.61,67.17,87.70,71.59
80.06,80.06,65.66,84.40,69.29
81.12,81.12,67.28,83.55,74.85
79.01,79.01,66.43,85.33,71.36
74.81,74.81,63.91,83.58,72.30
72.70,72.70,64.64,75.27,74.34
73.48,73.48,68.43,83.58,70.28
75.87,75.87,67.35,86.50,70.60
78.30,78.30,65.13,86.41,72.34
76.96,76.96,63.60,82.06,70.87
77.43,77.43,62.33,87.04,73.08
76.14,76.14,61.45,86.72,72.00
75.90,75.90,60.53,86.91,70.59
75.06,75.06,59.31,77.34,73.53
72.16,72.16,57.47,82.52,72.83
73.22,73.22,57.56,77.08,72.86
73.05,73.05,57.48,83.00,73.64
69.15,69.15,57.91,76.90,71.49
66.82,66.82,60.29,77.38,73.14
62.36,62.36,65.71,81.14,70.41
63.13,63.13,71.78,66.80,66.34
66.28,66.28,90.91,73.61,60.35
70.27,70.27,92.01,67.25,58.81
76.28,76.28,90.58,70.44,58.88
82.67,82.67,89.07,64.90,59.13
83.42,83.42,86.86,65.80,58.42
80.45,80.45,87.13,67.75,61.94
81.38,81.38,78.91,55.35,61.99
80.85,80.85,76.54,65.12,62.09
81.46,81.46,74.85,65.00,63.97
82.99,82.99,72.54,70.39,62.82
82.62,82.62,61.64,70.01,67.40
83.37,83.37,60.13,75.35,68.21
82.63,82.63,60.40,78.78,67.10
84.25,84.25,53.07,71.75,72.34
85.94,85.94,51.62,78.95,68.75
85.83,85.83,51.32,72.17,70.13
86.24,86.24,53.84,77.66,71.72
83.44,83.44,59.77,69.78,69.53
82.44,82.44,66.83,74.61,72.22
80.35,80.35,65.16,76.52,71.76
80.45,80.45,60.24,66.70,71.19
82.24,82.24,55.24,78.35,71.91
83.28,83.28,51.50,70.08,74.45
83.99,83.99,47.87,75.95,74.87
82.83,82.83,46.04,72.23,75.33
83.79,83.79,44.35,72.90,74.82
84.59,84.59,43.85,75.10,74.35
84.37,84.37,45.80,69.62,73.64
85.43,85.43,45.80,73.76,73.26
85.24,85.24,51.84,71.86,73.34
82.95,82.95,58.06,73.28,73.32
80.66,80.66,67.46,69.14,70.70
80.33,80.33,76.37,62.21,67.29
78.95,78.95,92.87,55.34,63.28
80.38,80.38,90.13,33.83,62.83
79.81,79.81,92.16,28.74,64.42
79.52,79.52,86.86,17.79,61.33
84.19,84.19,85.34,10.22,60.22
82.80,82.80,83.16,12.20,61.61
81.23,81.23,80.98,22.23,63.25
82.32,82.32,72.94,24.70,62.61
82.59,82.59,79.70,17.66,63.95
82.01,82.01,76.19,20.85,68.21
81.55,81.55,70.34,21.90,68.90
81.99,81.99,70.16,23.76,68.85
82.06,82.06,67.24,28.89,72.79
83.25,83.25,58.95,31.80,71.45
83.34,83.34,52.25,29.00,74.76
84.89,84.89,53.39,32.72,74.62
84.07,84.07,55.99,45.83,74.39
80.68,80.68,59.45,47.35,74.97
81.79,81.79,67.48,46.56,74.15
83.08,83.08,64.60,47.73,74.77
82.06,82.06,61.80,53.15,75.30
82.79,82.79,59.06,57.11,72.88
82.25,82.25,54.23,54.48,72.57
81.31,81.31,51.25,65.52,73.24
82.79,82.79,49.55,66.46,72.27
80.83,80.83,49.97,71.03,74.90
80.34,80.34,50.88,70.89,73.72
83.29,83.29,49.23,68.91,73.34
80.84,80.84,46.88,70.13,72.72
79.75,79.75,53.94,68.13,71.83
78.76,78.76,63.13,66.99,69.70
76.35,76.35,66.72,61.18,63.17
75.78,75.78,82.51,49.78,60.19
76.41,76.41,92.35,31.62,58.99
75.02,75.02,91.76,13.44,60.09
72.21,72.21,88.81,0.10,61.83
76.36,76.36,87.91,4.62,59.28
77.85,77.85,82.24,8.65,60.16
75.98,75.98,85.40,8.15,62.60
78.23,78.23,81.70,16.63,63.80
77.41,77.41,77.25,17.89,64.44
73.73,73.73,78.46,14.27,66.11
76.53,76.53,76.68,7.92,67.13
76.18,76.18,57.52,2.38,68.70
72.87,72.87,68.34,12.91,71.48
74.63,74.63,70.36,22.33,71.08
73.79,73.79,63.59,26.24,73.40
75.03,75.03,61.70,54.18,72.50
75.63,75.63,54.28,59.46,69.71
74.94,74.94,60.30,65.44,69.97
73.86,73.86,70.55,77.71,70.55
73.89,73.89,67.63,87.09,71.87
75.83,75.83,70.13,83.15,74.83
77.29,77.29,63.64,87.68,79.31
74.09,74.09,60.29,87.22,78.67
73.64,73.64,53.77,83.86,75.89
73.91,73.91,45.70,87.32,73.76
76.77,76.77,41.97,86.09,73.94
75.96,75.96,41.59,84.58,73.07
76.52,76.52,45.20,88.63,70.94
76.51,76.51,48.46,85.18,73.07
76.19,76.19,47.14,85.50,73.99
73.71,73.71,55.62,77.18,73.15
73.74,73.74,66.77,59.99,71.25
75.07,75.07,70.86,61.27,68.92
74.89,74.89,88.58,60.99,63.06
75.93,75.93,91.14,70.24,59.93
74.14,74.14,89.69,74.74,60.45
75.73,75.73,90.13,73.73,63.19
75.80,75.80,84.34,62.87,67.03
74.24,74.24,85.37,76.58,69.23
72.08,72.08,81.43,80.06,70.08
74.17,74.17,76.18,83.09,67.21
75.08,75.08,69.77,82.62,68.72
75.32,75.32,66.41,82.99,69.52
75.23,75.23,66.81,85.85,68.01
76.97,76.97,66.06,86.79,69.13
74.64,74.64,63.79,88.13,70.24
75.91,75.91,62.56,87.41,71.30
75.30,75.30,61.68,84.18,73.48
75.31,75.31,59.89,72.21,73.15
73.99,73.99,59.24,64.29,74.59
74.93,74.93,61.82,62.58,74.07
70.71,70.71,64.75,61.78,78.56
75.75,75.75,67.37,64.05,76.22
81.93,81.93,67.61,61.78,74.63
80.23,80.23,63.83,59.01,78.33
78.83,78.83,59.22,59.78,76.87
79.17,79.17,55.17,58.21,75.87
79.67,79.67,54.73,59.07,77.24
79.65,79.65,53.91,61.09,76.34
80.09,80.09,54.14,59.67,76.42
78.93,78.93,53.91,59.68,76.34
79.00,79.00,52.64,60.94,75.71
78.91,78.91,51.50,59.60,74.55
79.27,79.27,64.71,58.62,73.14
77.79,77.79,71.13,50.12,73.38
68.50,68.50,74.14,43.77,70.07
68.63,68.63,92.07,33.99,59.28
69.84,69.84,92.51,17.56,58.55
80.47,80.47,90.32,1.61,63.01
82.38,82.38,87.87,-0.00,61.04
80.99,80.99,86.69,0.00,63.59
81.08,81.08,83.38,0.84,65.86
79.26,79.26,81.91,1.99,66.39
80.42,80.42,81.55,3.97,67.38
81.33,81.33,75.36,18.57,70.00
81.22,81.22,75.17,27.64,69.27
80.52,80.52,69.89,32.10,72.87
81.00,81.00,70.03,33.67,73.13
81.22,81.22,64.61,33.43,73.06
78.45,78.45,59.02,31.44,72.87
76.79,76.79,52.67,27.66,73.72
78.48,78.48,54.16,21.50,74.02
77.90,77.90,53.05,21.84,75.55
79.06,79.06,57.69,35.78,75.75
78.55,78.55,63.30,40.67,75.25
80.55,80.55,70.69,42.81,75.81
81.06,81.06,72.57,35.89,75.15
80.00,80.00,72.73,32.81,77.58
77.20,77.20,72.87,32.76,78.58
77.52,77.52,71.65,30.02,77.17
79.15,79.15,70.66,28.32,78.71
78.42,78.42,68.08,24.06,77.81
77.13,77.13,66.64,20.80,75.85
77.89,77.89,65.32,22.83,77.91
79.49,79.49,64.49,35.44,76.00
81.22,81.22,63.02,40.74,76.04
81.10,81.10,64.22,48.70,75.13
76.09,76.09,67.51,51.28,73.78
73.08,73.08,78.83,55.50,71.20
72.62,72.62,91.49,64.64,60.70
76.20,76.20,89.84,76.98,62.15
80.89,80.89,88.73,78.62,62.11
77.39,77.39,85.77,75.75,62.81
74.62,74.62,83.58,74.60,64.46
75.61,75.61,81.43,78.62,65.12
76.33,76.33,82.65,84.56,63.54
77.22,77.22,77.32,83.19,63.75
78.12,78.12,73.61,81.67,67.93
77.89,77.89,67.69,80.94,67.71
76.59,76.59,61.78,84.36,71.16
62.88,62.88,62.15,83.54,73.18
66.36,66.36,55.51,69.94,76.61
63.64,63.64,40.13,63.44,76.15
63.33,63.33,45.42,61.01,74.97
65.01,65.01,45.66,56.74,73.98
69.00,69.00,51.33,54.30,73.66
70.99,70.99,55.59,56.03,73.43
72.25,72.25,61.41,60.56,74.89
71.57,71.57,66.70,60.40,75.88
73.27,73.27,69.90,85.07,75.66
83.33,83.33,69.42,87.14,71.49
81.04,81.04,69.02,87.08,72.42
79.40,79.40,68.42,86.17,73.40
79.13,79.13,67.73,87.72,71.81
77.78,77.78,68.18,85.28,74.87
80.20,80.20,68.60,87.24,73.85
79.51,79.51,67.35,86.52,73.30
79.11,79.11,65.68,87.45,74.28
79.22,79.22,65.91,85.15,72.63
80.08,80.08,65.28,61.64,72.07
79.84,79.84,67.22,52.87,69.95
77.54,77.54,84.88,63.04,68.27
76.65,76.65,91.15,65.09,66.37
76.87,76.87,91.94,68.28,65.40
74.22,74.22,88.79,70.26,65.24
77.15,77.15,86.26,73.23,62.60
79.39,79.39,79.72,75.48,62.58
80.78,80.78,78.95,75.56,62.73
80.57,80.57,78.73,77.96,64.07
81.24,81.24,78.40,81.20,66.61
80.54,80.54,74.56,83.06,66.29
81.46,81.46,68.75,85.07,67.96
81.85,81.85,53.60,86.45,70.44
82.53,82.53,53.06,85.47,71.18
82.60,82.60,53.47,76.22,71.48
83.00,83.00,51.98,59.58,71.38
82.39,82.39,59.16,50.13,73.65
80.75,80.75,66.83,44.57,69.13
72.23,72.23,84.76,37.73,63.72
74.09,74.09,82.43,49.41,67.41
77.74,77.74,83.33,60.15,72.72
82.00,82.00,79.00,67.33,70.94
79.81,79.81,72.16,70.94,69.92
80.43,80.43,61.70,80.83,69.34
78.44,78.44,53.01,83.70,72.69
78.59,78.59,52.10,83.17,73.02
79.31,79.31,51.00,84.88,71.77
79.84,79.84,49.93,85.94,72.03
80.62,80.62,49.89,80.82,71.30
81.60,81.60,46.64,84.41,70.34
82.43,82.43,44.25,86.44,72.23
82.32,82.32,54.67,87.31,70.96
81.60,81.60,65.23,84.08,67.72
80.79,80.79,71.00,81.63,65.15
79.03,79.03,90.14,69.35,62.14
79.64,79.64,90.69,64.02,60.75
80.92,80.92,89.41,62.70,63.28
82.53,82.53,88.82,58.75,65.93
82.33,82.33,80.85,56.53,69.11
82.59,82.59,78.19,65.18,72.16
81.03,81.03,76.81,71.18,72.75
80.82,80.82,77.17,70.24,71.56
81.06,81.06,78.60,82.20,71.29
79.92,79.92,70.00,82.79,71.76
79.13,79.13,67.35,88.41,70.64
80.56,80.56,62.93,86.29,71.83
81.25,81.25,63.98,87.26,72.37
81.03,81.03,63.22,88.03,71.01
81.39,81.39,64.20,85.04,73.41
83.57,83.57,63.66,87.58,69.73
79.85,79.85,62.95,84.31,70.59
74.65,74.65,63.53,84.55,72.27
73.14,73.14,65.67,87.56,69.22
78.16,78.16,67.92,84.08,70.60
78.13,78.13,66.30,85.30,72.03
79.97,79.97,62.53,85.45,70.65
80.84,80.84,62.53,85.82,71.73
79.15,79.15,61.25,85.90,71.33
77.36,77.36,61.03,84.88,71.00
74.02,74.02,59.34,70.85,72.71
76.54,76.54,58.11,67.85,75.30
73.84,73.84,57.10,60.65,75.50
63.92,63.92,56.59,54.52,78.74
65.24,65.24,55.96,57.45,77.14
61.13,61.13,62.64,54.81,76.38
57.49,57.49,67.58,47.53,72.02
59.01,59.01,75.89,30.25,67.23
61.29,61.29,92.81,17.97,61.40
62.50,62.50,92.15,4.10,58.49
69.31,69.31,90.94,-0.00,59.85
82.16,82.16,87.43,0.00,60.57
81.64,81.64,86.84,2.33,60.24
83.61,83.61,81.33,9.61,62.09
85.78,85.78,83.82,12.94,62.93
85.72,85.72,80.68,16.03,63.70
84.00,84.00,76.79,21.27,65.10
82.19,82.19,75.28,26.52,66.31
83.51,83.51,70.00,30.79,68.07
81.08,81.08,66.22,33.89,68.18
78.65,78.65,61.24,35.75,70.83
78.95,78.95,55.62,35.73,71.23
79.63,79.63,52.05,33.66,71.08
79.95,79.95,54.81,29.69,69.95
78.83,78.83,53.97,23.57,71.39
77.72,77.72,54.21,16.16,70.70
76.29,76.29,55.54,12.31,72.81
79.91,79.91,63.17,11.98,73.90
82.81,82.81,64.91,14.64,72.86
84.15,84.15,58.78,15.64,74.20
83.70,83.70,53.80,15.10,76.22
83.47,83.47,47.61,15.14,75.57
82.64,82.64,46.29,16.27,76.03
82.82,82.82,44.07,17.16,74.68
82.77,82.77,44.15,16.57,73.18
82.69,82.69,45.97,15.61,75.60
84.01,84.01,43.49,15.48,72.22
83.33,83.33,54.28,15.46,73.38
81.95,81.95,60.96,12.67,73.76
82.81,82.81,66.82,7.55,69.68
83.06,83.06,81.11,5.11,66.32
81.88,81.88,91.16,0.77,65.52
82.64,82.64,91.34,-0.00,63.78
82.39,82.39,89.60,-0.00,63.67
82.80,82.80,89.55,-0.00,64.15
81.33,81.33,82.70,-0.00,64.97
80.88,80.88,83.37,0.08,66.11
81.81,81.81,82.77,0.61,68.72
83.79,83.79,78.30,4.86,67.85
84.34,84.34,77.25,18.54,67.13
82.63,82.63,71.45,26.03,67.72
84.59,84.59,71.19,29.41,69.32
84.79,84.79,64.27,30.07,71.30
85.52,85.52,61.65,28.76,71.52
84.66,84.66,58.98,25.86,72.18
82.57,82.57,47.41,21.25,73.44
81.68,81.68,50.32,13.88,73.27
78.74,78.74,50.85,8.93,72.56
78.24,78.24,55.67,8.72,75.07
77.98,77.98,58.71,8.80,74.21
76.72,76.72,67.00,9.23,74.28
78.91,78.91,63.02,6.97,74.94
78.56,78.56,58.66,8.43,71.34
80.09,80.09,49.99,8.65,73.72
81.51,81.51,45.82,6.51,74.14
80.62,80.62,41.91,4.09,73.36
78.15,78.15,41.33,2.98,75.99
76.86,76.86,44.75,1.94,75.81
76.15,76.15,45.56,2.31,73.08
78.42,78.42,51.84,20.70,72.99
77.08,77.08,60.39,42.56,69.66
74.38,74.38,68.24,52.53,68.14
75.40,75.40,81.48,50.29,63.98
70.35,70.35,91.78,60.84,61.01
71.97,71.97,90.70,69.34,60.35
73.91,73.91,89.94,77.30,62.23
75.41,75.41,88.39,76.68,57.90
72.38,72.38,85.67,74.00,62.09
73.93,73.93,84.47,75.25,62.57
74.83,74.83,84.54,80.70,64.65
75.36,75.36,80.28,82.43,67.24
75.66,75.66,79.91,83.95,69.28
74.21,74.21,71.22,84.55,71.38
69.97,69.97,63.69,82.62,70.68
74.01,74.01,61.76,84.31,70.03
71.66,71.66,54.82,85.38,70.37
69.22,69.22,54.82,85.79,72.03
71.86,71.86,44.76,86.93,72.63
72.37,72.37,39.78,85.51,72.61
72.71,72.71,45.95,83.62,73.06
68.48,68.48,50.20,67.39,73.70
67.23,67.23,66.72,57.76,74.00
66.67,66.67,65.51,56.04,74.00
66.58,66.58,60.96,54.68,73.89
62.64,62.64,54.94,51.90,74.92
66.06,66.06,47.77,47.79,74.67
69.04,69.04,40.45,39.45,74.61
64.77,64.77,37.06,23.06,74.32
68.87,68.87,34.77,17.02,74.19
64.47,64.47,38.38,3.66,75.10
65.33,65.33,43.92,0.20,74.33
64.47,64.47,47.57,4.84,73.50
61.46,61.46,46.40,27.50,73.22
61.57,61.57,56.86,42.80,73.89
59.51,59.51,65.08,48.31,72.40
61.71,61.71,69.02,59.78,71.52
56.88,56.88,91.72,64.25,60.42
56.97,56.97,91.44,70.32,58.30
56.83,56.83,89.54,73.25,59.53
62.34,62.34,87.55,75.71,60.57
63.98,63.98,82.56,77.44,62.71
65.87,65.87,82.78,70.98,63.87
66.30,66.30,80.34,81.21,65.44
59.97,59.97,79.75,82.63,66.34
59.86,59.86,72.83,83.79,68.73
60.77,60.77,69.28,84.79,68.33
59.80,59.80,66.19,84.95,70.44
60.95,60.95,66.86,86.01,72.23
56.39,56.39,65.09,86.90,73.01
56.54,56.54,62.93,72.71,73.51
54.84,54.84,61.61,47.64,74.17
57.61,57.61,60.34,54.01,74.20
56.11,56.11,61.26,52.49,76.09
57.53,57.53,61.52,49.76,75.69
60.88,60.88,66.00,48.59,76.60
57.36,57.36,68.36,46.95,75.19
59.54,59.54,64.37,45.48,74.33
55.68,55.68,59.83,42.75,75.51
55.93,55.93,53.25,37.65,74.02
62.99,62.99,45.30,30.11,74.18
59.69,59.69,39.38,21.12,73.50
52.98,52.98,37.54,8.53,73.35
54.05,54.05,39.09,1.38,72.16
50.50,50.50,45.42,0.04,74.47
50.88,50.88,44.56,-0.00,74.10
54.39,54.39,45.11,0.56,74.36
55.71,55.71,59.54,0.44,72.72
48.58,48.58,66.51,-0.00,70.72
43.48,43.48,77.07,-0.00,67.79
40.97,40.97,93.19,-0.00,59.85
48.60,48.60,90.78,-0.00,56.99
52.10,52.10,92.13,-0.00,55.89
55.57,55.57,87.96,-0.00,60.29
56.21,56.21,85.80,-0.00,62.55
55.80,55.80,81.29,-0.00,63.46
55.95,55.95,83.92,0.05,65.06
51.82,51.82,80.62,0.41,66.28
51.38,51.38,79.05,0.12,66.99
53.41,53.41,76.65,-0.00,67.43
44.35,44.35,72.65,-0.00,67.53
41.62,41.62,70.82,-0.00,70.77
35.26,35.26,62.62,-0.00,71.57
40.80,40.80,61.68,-0.00,71.44
30.78,30.78,57.72,-0.00,70.88
30.94,30.94,50.75,-0.00,73.01
27.86,27.86,46.69,0.02,72.64
21.53,21.53,58.73,1.61,72.45
24.11,24.11,69.55,4.77,73.44
24.51,24.51,66.49,8.05,72.77
28.19,28.19,62.28,5.73,72.37
34.79,34.79,55.06,7.60,74.04
35.32,35.32,46.06,7.78,73.86
32.10,32.10,35.71,7.95,72.09
31.62,31.62,31.35,13.69,72.65
28.13,28.13,30.95,18.66,74.10
23.32,23.32,32.21,13.90,73.18
22.50,22.50,44.40,8.54,72.66
26.45,26.45,40.30,18.18,70.86
23.88,23.88,44.96,33.79,72.67
17.89,17.89,53.66,44.17,71.19
15.84,15.84,62.24,52.22,70.45
10.29,10.29,80.21,58.67,64.47
18.74,18.74,92.23,65.88,55.77
33.98,33.98,91.13,73.70,55.52
31.18,31.18,88.96,73.64,56.83
32.00,32.00,87.75,79.90,58.58
35.62,35.62,78.66,77.04,61.84
32.52,32.52,76.73,77.11,65.28
26.57,26.57,66.90,76.57,65.74
25.14,25.14,63.64,77.87,64.03
21.62,21.62,63.71,80.71,66.73
19.51,19.51,64.24,84.26,68.43
18.17,18.17,58.76,83.35,71.10
22.21,22.21,52.41,80.34,71.49
24.58,24.58,46.16,57.59,70.51
26.87,26.87,36.49,59.15,70.66
27.50,27.50,36.94,53.37,72.30
24.86,24.86,45.51,48.98,72.33
24.53,24.53,62.16,51.19,72.16
25.04,25.04,67.42,56.16,74.73
32.60,32.60,69.29,62.40,74.34
40.75,40.75,67.56,85.61,74.75
43.96,43.96,68.01,85.49,74.59
43.96,43.96,67.59,86.73,73.52
41.35,41.35,66.29,86.12,73.34
39.25,39.25,61.06,85.70,75.20
30.00,30.00,43.04,85.43,73.57
27.95,27.95,32.10,86.01,72.78
19.15,19.15,26.00,86.33,70.04
21.63,21.63,25.53,82.54,68.36
25.94,25.94,30.67,60.59,67.20
33.35,33.35,47.82,53.26,67.79
37.62,37.62,57.69,43.91,69.17
45.43,45.43,63.29,37.11,71.32
57.68,57.68,88.19,31.83,64.18
65.19,65.19,91.87,3.55,57.90
68.95,68.95,91.07,12.21,57.79
76.89,76.89,91.69,9.57,60.31
79.89,79.89,84.44,14.12,60.35
81.96,81.96,85.39,33.77,56.85
79.69,79.69,82.58,33.95,59.40
80.46,80.46,81.37,26.46,61.56
79.03,79.03,81.51,20.46,66.14
78.34,78.34,76.11,34.77,69.58
71.76,71.76,75.51,40.31,70.77
74.34,74.34,69.72,46.82,66.08
74.27,74.27,68.57,51.42,65.21
75.45,75.45,62.95,48.02,67.25
76.88,76.88,58.52,37.06,69.51
77.16,77.16,55.52,22.62,69.84
73.96,73.96,61.43,0.44,71.48
69.41,69.41,83.28,-0.00,66.24
75.12,75.12,90.09,0.02,63.96
78.09,78.09,89.94,11.30,61.05
78.47,78.47,88.07,9.89,62.10
76.57,76.57,85.80,16.62,60.78
79.25,79.25,81.22,29.87,61.02
79.40,79.40,81.69,29.19,64.54
82.01,82.01,76.27,23.90,61.43
79.26,79.26,76.92,18.89,63.49
75.41,75.41,72.17,13.25,65.20
73.96,73.96,69.15,15.88,70.40
69.11,69.11,66.63,28.97,73.09
70.23,70.23,59.93,34.78,70.62
68.45,68.45,56.77,37.41,67.83
68.59,68.59,58.69,47.63,69.20
67.41,67.41,66.79,58.31,71.57
65.12,65.12,91.63,61.71,61.44
63.46,63.46,92.14,70.56,58.45
64.39,64.39,87.93,75.08,62.82
76.08,76.08,85.80,65.53,67.10
76.75,76.75,87.57,79.12,68.33
71.58,71.58,85.00,85.17,69.68
75.58,75.58,78.53,84.36,72.29
72.50,72.50,76.11,86.51,70.30
74.08,74.08,71.82,85.94,71.02
73.30,73.30,69.30,86.38,71.20
75.04,75.04,67.86,86.36,70.49
77.61,77.61,66.29,83.52,73.12
79.24,79.24,64.60,86.76,73.39
78.97,78.97,64.27,83.36,74.20
79.16,79.16,65.30,84.61,74.73
78.28,78.28,66.26,84.05,72.55
78.51,78.51,66.07,81.67,74.12
77.58,77.58,68.01,79.82,74.65
76.27,76.27,68.33,83.64,73.27
78.48,78.48,66.85,78.46,71.47
78.38,78.38,65.10,84.83,72.37
78.22,78.22,63.26,88.75,73.45
78.94,78.94,64.10,83.00,73.89
77.28,77.28,64.10,83.25,73.03
79.52,79.52,65.50,77.77,72.44
74.79,74.79,66.53,75.22,73.57
68.87,68.87,66.12,82.13,73.57
66.51,66.51,62.67,76.07,74.06
62.76,62.76,59.64,82.28,74.25
59.04,59.04,57.94,72.98,74.80
58.74,58.74,62.71,81.67,73.08
60.65,60.65,70.78,75.07,70.65
57.24,57.24,79.32,71.04,67.02
57.67,57.67,91.59,73.47,61.81
62.00,62.00,92.34,61.98,64.77
64.81,64.81,92.16,66.78,65.98
71.60,71.60,88.52,65.63,63.69
72.87,72.87,88.32,58.11,65.24
73.97,73.97,83.56,59.59,66.04
73.73,73.73,77.76,57.97,65.53
72.59,72.59,74.73,61.78,66.95
71.95,71.95,76.68,61.78,67.67
70.09,70.09,75.65,71.83,67.56
71.70,71.70,65.19,70.94,67.71
71.17,71.17,65.05,77.64,67.96
72.37,72.37,55.00,74.76,70.71
71.61,71.61,51.60,75.44,71.01
70.59,70.59,54.63,76.09,71.69
68.64,68.64,58.50,72.18,70.67
68.85,68.85,64.96,78.50,71.33
67.73,67.73,67.30,72.59,70.89
66.11,66.11,62.92,74.42,72.13
70.21,70.21,57.48,71.67,73.01
70.56,70.56,51.59,75.48,74.22
69.53,69.53,48.24,76.87,73.31
69.13,69.13,45.00,68.20,75.49
68.65,68.65,42.85,78.16,74.63
65.91,65.91,40.19,71.98,75.96
62.84,62.84,39.50,74.64,75.82
57.71,57.71,38.67,73.86,74.97
54.26,54.26,44.61,71.89,74.28
51.17,51.17,41.70,73.59,72.62
51.06,51.06,57.10,69.89,73.22
49.06,49.06,62.94,72.87,73.29
49.77,49.77,71.17,71.21,71.20
49.58,49.58,82.73,72.73,66.81
46.10,46.10,92.07,71.44,63.10
50.89,50.89,90.63,76.27,64.33
54.69,54.69,88.23,76.39,64.70
66.10,66.10,82.71,75.48,67.44
63.80,63.80,80.36,77.03,65.81
68.42,68.42,76.57,76.89,67.60
65.04,65.04,73.03,74.05,67.74
61.04,61.04,61.83,79.43,67.46
56.83,56.83,62.01,84.30,68.91
59.23,59.23,54.69,84.98,70.77
57.13,57.13,46.01,85.64,72.41
56.18,56.18,39.31,84.67,72.28
55.91,55.91,36.33,86.26,73.59
56.26,56.26,37.75,70.58,74.60
57.26,57.26,43.37,67.60,73.89
56.09,56.09,49.64,67.47,73.95
54.39,54.39,54.88,63.10,73.94
56.38,56.38,66.51,61.93,76.58
56.80,56.80,65.58,60.22,74.64
61.15,61.15,61.93,46.49,76.18
59.52,59.52,53.26,45.53,75.20
60.48,60.48,46.32,42.07,76.00
58.54,58.54,39.07,32.14,76.80
58.20,58.20,34.89,27.76,76.81
53.55,53.55,35.11,17.54,77.05
48.76,48.76,35.25,4.71,77.12
55.15,55.15,37.09,0.88,75.27
51.06,51.06,43.95,5.67,73.01
51.01,51.01,43.19,11.97,75.45
46.89,46.89,60.09,15.75,74.88
44.21,44.21,68.30,11.29,70.25
52.34,52.34,71.04,9.05,63.66
68.36,68.36,88.79,3.01,63.44
72.62,72.62,90.73,-0.00,59.20
74.78,74.78,89.07,0.13,59.43
76.62,76.62,90.04,2.13,58.04
77.77,77.77,85.03,4.27,54.48
77.26,77.26,84.82,2.31,57.62
76.66,76.66,81.05,2.03,59.27
76.05,76.05,82.28,3.90,58.85
76.38,76.38,79.29,5.47,57.03
75.92,75.92,74.48,5.98,63.37
73.48,73.48,72.30,12.88,64.88
73.89,73.89,68.48,21.36,69.00
71.72,71.72,65.35,34.17,69.68
72.69,72.69,56.21,40.80,66.33
72.72,72.72,52.10,43.59,70.49
69.56,69.56,47.37,42.86,66.36
71.41,71.41,49.45,38.16,66.08
71.13,71.13,53.48,28.61,64.63
68.88,68.88,66.67,24.24,60.88
76.68,76.68,68.43,28.84,62.23
81.37,81.37,66.44,30.85,66.81
83.93,83.93,61.15,32.31,67.86
83.12,83.12,56.68,36.35,65.79
83.53,83.53,52.57,34.71,65.03
83.10,83.10,47.29,36.42,66.50
83.54,83.54,43.99,35.20,68.29
83.72,83.72,43.14,33.28,67.62
83.02,83.02,44.72,33.91,66.80
83.32,83.32,45.04,31.10,64.71
81.60,81.60,42.85,32.86,65.61
84.38,84.38,51.11,36.03,66.81
83.49,83.49,62.02,56.97,63.88
82.89,82.89,70.91,63.00,64.18
81.29,81.29,91.68,64.13,63.42
81.91,81.91,90.19,74.35,62.36
82.56,82.56,88.64,74.29,64.17
83.44,83.44,85.71,75.56,67.73
81.32,81.32,86.53,75.67,68.92
80.08,80.08,79.31,82.62,70.32
82.95,82.95,78.29,82.03,67.90
83.10,83.10,70.75,82.42,70.65
82.95,82.95,69.08,83.77,68.97
84.08,84.08,66.78,85.81,70.64
82.86,82.86,65.65,85.25,71.96
82.78,82.78,64.15,80.98,72.59
82.79,82.79,62.77,82.10,72.93
82.18,82.18,62.81,85.21,73.15
79.08,79.08,61.31,82.88,74.01
73.58,73.58,60.51,83.13,73.83
70.25,70.25,60.34,82.76,74.54
70.43,70.43,61.70,84.40,74.35
75.32,75.32,66.56,84.12,74.16
81.00,81.00,66.87,84.98,73.51
81.23,81.23,64.21,69.77,72.50
83.01,83.01,58.46,73.97,73.57
79.59,79.59,53.91,61.97,75.88
80.86,80.86,50.79,60.13,76.85
79.59,79.59,49.85,60.00,76.76
75.48,75.48,45.65,60.01,76.19
75.94,75.94,44.09,56.02,75.96
72.69,72.69,44.44,58.58,76.60
74.29,74.29,44.70,60.75,74.41
73.37,73.37,51.18,58.87,74.06
72.31,72.31,66.87,54.15,73.43
69.39,69.39,70.63,46.31,72.89
71.34,71.34,82.13,41.30,69.03
72.53,72.53,91.47,17.65,63.05
74.92,74.92,92.08,-0.00,62.22
76.83,76.83,89.66,-0.00,62.73
82.70,82.70,89.33,-0.00,66.29
80.91,80.91,83.09,-0.00,65.69
82.62,82.62,82.94,-0.00,64.06
81.93,81.93,83.05,-0.00,64.24
79.69,79.69,78.22,0.25,67.09
82.57,82.57,77.02,5.28,65.49
80.14,80.14,71.90,12.15,67.26
80.90,80.90,72.05,12.16,68.64
79.52,79.52,65.34,12.58,69.80
79.51,79.51,64.76,21.20,70.78
80.75,80.75,56.44,22.42,72.99
80.03,80.03,49.41,15.75,72.85
79.88,79.88,50.86,15.82,74.24
79.08,79.08,49.51,26.98,75.53
78.01,78.01,53.57,35.96,74.13
76.63,76.63,61.06,35.57,75.73
75.42,75.42,71.93,32.65,75.38
73.25,73.25,72.89,25.03,76.18
71.11,71.11,71.89,16.69,77.31
74.50,74.50,72.33,11.98,75.75
72.85,72.85,69.53,8.86,77.18
70.47,70.47,68.16,11.21,77.46
69.84,69.84,66.29,7.96,77.49
70.74,70.74,65.49,8.97,76.96
70.53,70.53,63.84,15.85,77.11
69.85,69.85,61.65,24.05,75.26
68.68,68.68,61.38,31.98,75.07
68.36,68.36,65.29,47.39,73.45
66.63,66.63,69.01,51.41,71.87
66.75,66.75,86.13,61.32,67.10
67.31,67.31,91.98,69.68,65.48
67.97,67.97,89.56,75.67,64.77
72.09,72.09,87.17,70.89,64.20
76.36,76.36,86.69,70.04,64.40
76.95,76.95,84.25,77.16,64.55
78.17,78.17,81.60,80.90,64.39
81.41,81.41,76.58,81.90,64.32
80.26,80.26,76.17,77.91,65.99
81.29,81.29,72.60,81.63,67.71
79.87,79.87,71.41,84.34,68.75
78.12,78.12,70.17,85.21,71.31
81.54,81.54,63.24,74.41,72.46
78.91,78.91,59.02,62.12,74.18
79.62,79.62,54.32,60.71,75.33
80.74,80.74,56.26,59.95,73.35
81.60,81.60,49.91,58.58,73.99
82.40,82.40,52.72,61.00,71.11
82.24,82.24,58.52,70.94,76.03
79.46,79.46,65.17,87.22,76.42
80.33,80.33,72.19,82.18,74.92
82.94,82.94,73.70,85.48,72.17
83.16,83.16,72.48,86.28,71.65
83.96,83.96,72.03,84.46,72.06
84.06,84.06,71.01,85.83,70.65
81.70,81.70,69.24,83.00,72.40
79.97,79.97,68.09,87.07,73.19
81.16,81.16,67.84,85.74,73.48
81.36,81.36,67.15,82.48,72.45
79.91,79.91,66.33,64.92,72.53
75.71,75.71,66.33,57.90,70.67
74.36,74.36,67.79,48.15,70.16
65.50,65.50,71.50,48.47,65.90
67.77,67.77,90.21,32.31,60.32
70.72,70.72,90.71,1.56,56.72
75.55,75.55,89.16,0.02,55.07
77.23,77.23,88.45,0.01,50.13
78.39,78.39,85.67,0.39,46.60
78.89,78.89,84.36,1.18,46.33
80.16,80.16,80.67,0.16,49.53
78.24,78.24,80.13,2.56,52.60
77.23,77.23,76.32,8.15,54.51
80.37,80.37,73.39,17.16,55.40
78.01,78.01,66.82,27.32,57.93
79.04,79.04,68.17,31.05,59.16
75.22,75.22,61.21,27.06,58.66
74.96,74.96,52.85,25.02,60.61
74.61,74.61,55.13,15.73,61.73
73.55,73.55,57.33,2.56,62.83
75.92,75.92,79.26,-0.00,58.82
73.67,73.67,89.20,-0.00,53.66
73.06,73.06,88.20,-0.00,57.62
76.00,76.00,86.51,-0.00,60.98
80.49,80.49,84.14,0.02,62.69
83.84,83.84,79.89,2.59,59.75
83.12,83.12,80.11,14.53,57.24
82.64,82.64,75.08,17.98,59.60
82.55,82.55,75.41,25.34,64.30
80.44,80.44,71.13,33.96,63.93
79.13,79.13,66.89,29.77,60.85
80.94,80.94,64.49,37.85,61.90
84.46,84.46,59.98,29.47,61.63
83.72,83.72,55.39,28.74,61.03
83.92,83.92,54.56,25.59,63.36
83.79,83.79,58.37,43.79,59.22
82.63,82.63,72.19,53.04,59.41
79.58,79.58,92.59,60.53,59.75
77.82,77.82,89.23,73.33,61.16
77.73,77.73,89.63,78.92,65.39
78.94,78.94,84.28,79.85,66.86
80.35,80.35,79.84,80.49,68.58
83.15,83.15,74.17,79.60,71.99
84.42,84.42,73.43,71.90,70.03
82.77,82.77,71.55,78.93,68.43
82.92,82.92,70.13,82.60,67.51
82.66,82.66,69.23,82.89,71.09
81.08,81.08,67.96,82.90,72.52
81.14,81.14,66.32,85.37,73.79
81.67,81.67,65.98,84.12,74.15
82.32,82.32,66.20,84.12,75.43
81.14,81.14,65.73,69.31,73.67
81.27,81.27,67.14,57.12,75.52
82.20,82.20,65.86,58.15,74.53
74.29,74.29,64.58,52.59,78.82
73.13,73.13,63.03,52.86,78.47
77.98,77.98,68.48,53.55,79.99
78.41,78.41,68.33,47.91,79.22
79.08,79.08,66.78,51.56,76.71
81.22,81.22,64.93,53.51,75.65
80.67,80.67,63.28,52.33,76.49
80.43,80.43,61.42,53.64,76.77
76.69,76.69,61.23,53.30,78.01
74.39,74.39,58.85,51.95,76.14
73.43,73.43,57.35,54.45,76.89
73.57,73.57,54.85,64.89,76.43
71.64,71.64,55.58,68.40,74.18
72.31,72.31,65.36,65.92,72.80
67.15,67.15,71.01,61.32,69.59
70.12,70.12,85.75,55.20,65.71
70.11,70.11,92.60,44.30,62.53
75.88,75.88,91.76,29.26,61.81
78.66,78.66,89.67,5.72,62.58
79.72,79.72,88.94,8.78,63.14
83.48,83.48,82.41,5.12,62.87
82.91,82.91,83.80,0.00,66.61
82.99,82.99,81.61,0.19,67.83
81.25,81.25,78.51,2.09,66.37
80.56,80.56,77.02,5.91,64.93
80.21,80.21,71.98,15.16,67.53
80.44,80.44,71.74,23.39,67.39
80.45,80.45,63.23,27.43,69.68
81.07,81.07,63.89,26.76,72.15
79.26,79.26,59.31,21.72,71.62
80.78,80.78,56.45,14.77,72.69
79.16,79.16,56.05,6.65,74.17
79.07,79.07,58.41,4.91,72.32
78.72,78.72,61.34,10.14,70.99
78.27,78.27,68.22,9.96,73.50
73.24,73.24,63.68,12.33,71.89
70.18,70.18,59.24,13.06,73.88
69.86,69.86,53.40,11.88,75.19
71.27,71.27,48.47,8.39,75.51
69.00,69.00,43.82,5.78,76.03
66.95,66.95,40.97,5.69,75.06
69.85,69.85,40.16,2.05,74.90
68.86,68.86,42.87,0.17,75.28
68.73,68.73,45.02,-0.00,72.92
70.48,70.48,42.34,2.88,75.13
67.56,67.56,53.26,35.17,74.61
67.16,67.16,63.55,55.20,74.62
62.95,62.95,69.63,56.13,71.97
61.62,61.62,87.57,68.29,66.78
63.57,63.57,91.26,65.53,63.04
68.17,68.17,90.39,69.56,62.16
75.29,75.29,90.19,73.14,64.76
79.93,79.93,81.72,66.57,64.81
81.07,81.07,81.90,72.79,65.22
80.43,80.43,81.54,81.46,62.23
77.48,77.48,78.91,82.25,63.87
82.92,82.92,77.36,86.20,63.07
79.85,79.85,72.41,84.40,65.34
79.07,79.07,69.25,85.64,66.05
79.39,79.39,58.92,84.43,68.67
77.63,77.63,54.56,84.24,70.01
81.60,81.60,53.05,84.96,70.44
84.15,84.15,51.58,62.13,71.87
81.69,81.69,52.75,58.67,70.94
78.80,78.80,55.03,54.69,71.87
79.75,79.75,57.83,49.18,74.41
81.55,81.55,67.41,50.06,73.47
79.21,79.21,65.36,43.04,73.09
78.25,78.25,61.36,42.67,73.50
78.69,78.69,56.52,41.14,71.10
80.67,80.67,51.20,38.82,73.73
80.63,80.63,48.61,35.65,72.94
81.17,81.17,46.60,23.43,72.89
81.28,81.28,46.20,14.31,74.26
80.56,80.56,45.35,5.23,73.58
80.49,80.49,46.00,5.67,72.15
82.59,82.59,50.05,6.25,72.54
81.14,81.14,56.47,3.04,69.73
81.09,81.09,65.73,0.36,69.61
78.26,78.26,68.97,-0.00,62.35
77.19,77.19,89.43,0.00,61.41
77.18,77.18,89.89,0.01,59.49
76.34,76.34,91.86,-0.00,59.06
74.52,74.52,90.43,-0.00,59.44
78.89,78.89,88.02,-0.00,60.74
77.67,77.67,86.76,-0.00,61.95
78.02,78.02,83.77,-0.00,63.38
77.29,77.29,81.47,-0.00,63.46
78.60,78.60,83.30,-0.00,65.80
77.51,77.51,79.88,0.20,66.31
74.92,74.92,79.74,7.15,67.12
77.03,77.03,73.71,15.29,66.83
75.65,75.65,72.84,20.53,68.58
75.45,75.45,69.79,23.65,69.65
74.57,74.57,62.32,24.69,72.74
75.13,75.13,61.29,23.86,71.81
74.29,74.29,54.08,20.72,71.55
74.99,74.99,55.33,14.04,71.76
73.81,73.81,66.93,2.52,73.78
75.79,75.79,68.49,7.80,73.75
82.65,82.65,70.69,21.49,72.36
81.59,81.59,77.94,28.58,83.68
81.84,81.84,70.90,29.32,84.71
80.25,80.25,67.78,24.78,80.60
81.17,81.17,56.26,18.70,75.42
80.61,80.61,58.55,18.81,72.82
80.81,80.81,60.67,14.03,74.08
81.18,81.18,59.67,10.97,75.98
81.73,81.73,57.68,10.68,75.20
83.74,83.74,56.27,12.84,76.62
84.85,84.85,58.07,26.47,75.17
81.81,81.81,67.81,38.96,74.01
83.83,83.83,67.22,51.19,71.32
80.74,80.74,79.70,59.68,67.85
80.49,80.49,91.20,67.69,62.96
80.48,80.48,90.47,73.01,65.00
80.88,80.88,88.45,77.18,66.06
81.23,81.23,87.05,79.23,69.34
81.99,81.99,83.45,79.10,69.89
80.31,80.31,78.82,81.03,72.27
78.54,78.54,77.16,77.68,71.62
80.72,80.72,71.85,81.24,68.96
80.93,80.93,71.64,83.96,72.57
80.32,80.32,69.68,85.32,71.84
80.65,80.65,65.38,86.73,72.50
80.40,80.40,63.33,86.82,72.92
77.53,77.53,62.87,84.71,74.09
81.11,81.11,62.91,85.25,74.15
83.15,83.15,61.94,80.19,76.15
82.12,82.12,61.91,70.88,74.39
75.76,75.76,65.82,64.79,74.67
71.30,71.30,66.97,63.76,77.17
71.98,71.98,65.21,62.32,77.82
77.39,77.39,65.15,62.23,74.91
80.85,80.85,60.66,57.39,76.97
83.05,83.05,58.01,58.88,78.37
79.73,79.73,54.98,60.35,75.82
77.97,77.97,51.43,58.05,74.87
78.55,78.55,51.47,61.04,77.45
77.93,77.93,47.27,59.71,76.46
78.67,78.67,43.45,54.37,77.13
77.10,77.10,44.44,58.08,76.44
74.88,74.88,41.69,58.27,74.77
72.51,72.51,52.45,55.35,74.55
71.02,71.02,64.89,51.93,73.78
70.32,70.32,73.35,38.62,72.46
69.10,69.10,85.59,37.56,67.99
70.92,70.92,91.94,15.17,63.07
71.60,71.60,91.89,-0.00,63.08
77.88,77.88,89.79,-0.00,63.83
78.56,78.56,87.57,-0.00,64.46
81.83,81.83,82.64,-0.00,66.51
81.69,81.69,83.50,-0.00,67.40
82.03,82.03,81.13,-0.00,67.89
82.63,82.63,82.08,1.72,67.78
80.19,80.19,76.53,7.85,68.41
80.81,80.81,75.02,13.20,68.66
81.04,81.04,72.91,21.15,69.40
80.90,80.90,67.48,24.46,71.71
79.75,79.75,64.71,25.79,71.76
81.18,81.18,57.81,25.20,71.66
78.74,78.74,54.26,22.98,74.05
78.16,78.16,57.82,20.15,74.92
78.92,78.92,59.15,14.82,75.56
77.34,77.34,64.93,22.03,74.75
76.99,76.99,69.79,30.78,75.85
74.04,74.04,72.06,31.27,75.71
74.15,74.15,72.50,26.09,75.88
76.04,76.04,71.94,19.97,77.02
75.42,75.42,71.69,19.87,74.74
71.27,71.27,69.02,17.10,76.43
72.56,72.56,67.37,16.30,75.79
72.49,72.49,66.80,19.99,76.34
71.29,71.29,65.77,22.41,75.41
71.95,71.95,63.68,26.09,76.37
70.26,70.26,61.29,29.60,75.20
68.44,68.44,63.00,39.43,74.36
70.10,70.10,66.18,50.39,73.48
64.33,64.33,70.29,52.70,71.39
62.80,62.80,91.06,58.24,63.61
64.66,64.66,90.80,69.20,61.80
67.94,67.94,89.20,74.91,63.28
71.41,71.41,88.92,77.37,61.97
79.35,79.35,84.18,75.55,62.70
78.95,78.95,83.50,81.78,64.14
78.74,78.74,76.05,81.27,64.34
79.21,79.21,75.39,78.89,66.84
79.34,79.34,74.56,80.72,65.31
77.64,77.64,72.35,83.74,66.07
78.09,78.09,73.72,86.18,67.05
80.37,80.37,68.32,84.87,65.98
82.33,82.33,67.37,74.51,70.13
81.67,81.67,60.89,54.83,70.60
79.03,79.03,54.51,55.11,70.17
79.33,79.33,50.83,53.68,69.79
80.95,80.95,49.12,49.10,69.49
83.20,83.20,53.81,49.80,70.72
83.01,83.01,59.34,49.76,71.09
81.74,81.74,69.46,59.94,70.43
79.56,79.56,72.14,71.52,74.92
77.49,77.49,71.71,84.28,73.77
72.84,72.84,70.60,85.29,74.29
71.34,71.34,69.64,87.10,73.06
68.76,68.76,69.48,84.76,73.05
71.19,71.19,68.90,86.98,74.64
70.14,70.14,68.86,85.26,74.44
67.97,67.97,66.91,86.40,72.87
64.43,64.43,66.14,87.24,71.30
68.33,68.33,65.75,86.49,71.47
68.58,68.58,66.67,83.27,71.46
65.37,65.37,69.57,60.86,68.70
68.51,68.51,78.88,60.89,65.66
68.43,68.43,92.34,58.58,59.85
66.72,66.72,89.51,68.38,57.30
66.14,66.14,90.17,71.41,57.34
68.36,68.36,86.00,70.38,57.89
73.70,73.70,84.46,71.08,58.64
77.39,77.39,81.73,76.60,60.29
78.56,78.56,82.98,80.51,60.91
76.02,76.02,79.16,80.35,63.80
75.91,75.91,72.61,80.37,63.36
75.50,75.50,68.26,81.01,64.34
75.81,75.81,65.25,83.84,67.66
77.22,77.22,62.35,85.31,67.69
76.19,76.19,58.73,85.06,72.63
76.27,76.27,49.19,74.75,71.35
75.80,75.80,51.85,54.73,69.30
75.63,75.63,61.97,48.33,70.73
75.01,75.01,68.25,44.58,69.98
75.58,75.58,80.72,52.20,67.72
75.76,75.76,81.39,63.53,73.98
74.26,74.26,71.36,76.12,78.84
75.97,75.97,63.76,78.93,75.25
76.05,76.05,58.30,71.59,74.31
74.93,74.93,56.46,84.72,76.71
75.82,75.82,52.00,85.32,71.42
74.76,74.76,50.84,86.14,70.89
74.16,74.16,47.64,83.96,74.10
72.06,72.06,46.19,84.16,72.10
71.54,71.54,45.72,88.54,73.06
73.43,73.43,47.35,84.34,72.13
72.79,72.79,53.74,83.75,72.07
72.81,72.81,62.59,82.58,71.88
73.65,73.65,70.35,87.09,71.23
71.70,71.70,84.26,82.94,65.53
68.87,68.87,91.44,75.30,62.09
69.70,69.70,90.77,76.87,64.25
71.55,71.55,87.97,79.31,65.47
71.38,71.38,87.86,69.26,67.68
68.11,68.11,88.09,83.14,66.90
69.73,69.73,83.92,82.04,71.44
70.32,70.32,79.80,81.19,75.58
68.98,68.98,81.10,83.31,73.81
68.27,68.27,78.13,78.33,73.16
70.57,70.57,69.24,76.48,73.09
69.80,69.80,69.30,83.03,74.75
69.17,69.17,67.24,75.58,73.68
71.63,71.63,66.37,84.79,74.09
73.15,73.15,65.73,85.54,75.18
75.07,75.07,66.18,85.65,74.02
75.76,75.76,65.49,85.68,73.43
67.94,67.94,65.46,89.48,73.00
72.75,72.75,69.19,87.70,73.32
70.47,70.47,68.06,88.03,72.12
71.65,71.65,66.83,88.56,72.67
70.77,70.77,62.18,88.15,71.07
78.05,78.05,60.35,88.02,73.42
79.18,79.18,59.01,87.30,72.70
79.55,79.55,57.82,87.97,71.74
79.80,79.80,58.06,78.21,73.65
77.65,77.65,59.03,82.67,74.40
78.32,78.32,58.20,75.43,72.07
81.59,81.59,58.26,80.22,74.65
81.74,81.74,57.09,77.66,74.14
82.86,82.86,58.40,69.41,73.53
82.03,82.03,67.27,78.57,70.64
80.95,80.95,69.80,69.34,68.74
79.18,79.18,86.29,74.10,64.79
78.52,78.52,91.91,70.68,64.01
77.95,77.95,91.84,65.75,66.13
79.22,79.22,90.45,63.82,66.40
80.50,80.50,85.68,46.72,67.15
77.05,77.05,87.17,63.39,67.41
77.00,77.00,81.88,52.26,68.41
77.51,77.51,69.07,63.12,67.81
77.91,77.91,74.31,59.93,66.95
79.96,79.96,77.39,75.10,69.11
78.36,78.36,66.92,68.13,69.60
80.49,80.49,62.36,69.73,68.33
79.90,79.90,64.16,79.71,70.33
79.22,79.22,52.43,69.41,72.15
80.25,80.25,50.06,74.24,69.09
80.43,80.43,52.27,75.18,70.00
78.70,78.70,54.60,75.79,71.61
79.38,79.38,58.06,74.24,70.18
77.47,77.47,66.06,72.46,71.01
77.84,77.84,66.36,79.51,71.71
78.34,78.34,63.01,67.72,70.75
77.39,77.39,60.14,77.40,72.04
76.27,76.27,55.82,71.04,72.93
76.64,76.64,53.89,77.47,74.05
76.54,76.54,50.20,73.71,73.35
73.56,73.56,47.68,70.88,74.53
73.25,73.25,46.36,74.91,73.17
72.68,72.68,47.52,70.08,73.34
75.52,75.52,48.67,72.67,72.13
71.75,71.75,51.02,73.83,74.16
69.30,69.30,60.41,70.63,73.93
68.83,68.83,69.12,66.26,71.78
66.37,66.37,73.41,57.45,68.51
63.86,63.86,91.04,47.35,62.63
65.05,65.05,92.10,40.74,61.37
63.28,63.28,91.07,30.28,62.59
63.11,63.11,89.42,6.83,63.41
62.32,62.32,84.43,0.00,64.48
62.22,62.22,85.58,2.90,64.20
61.92,61.92,81.41,18.85,65.98
65.14,65.14,76.46,24.90,65.13
64.58,64.58,74.07,24.02,67.66
68.64,68.64,78.89,16.59,70.22
65.85,65.85,71.39,12.84,71.24
65.84,65.84,68.91,9.11,73.55
65.34,65.34,72.92,21.56,73.58
67.36,67.36,67.80,25.08,74.20
67.15,67.15,58.36,20.30,75.13
65.56,65.56,49.49,9.90,74.30
64.56,64.56,45.67,14.08,75.06
58.38,58.38,50.32,22.07,75.66
59.24,59.24,65.49,31.73,75.61
61.58,61.58,66.46,33.28,74.49
61.92,61.92,63.39,47.25,74.09
59.78,59.78,55.85,53.27,76.33
58.79,58.79,46.07,59.43,75.81
57.71,57.71,37.90,65.02,74.51
59.09,59.09,34.51,67.37,75.50
60.30,60.30,35.53,71.15,74.71
59.05,59.05,38.35,69.42,74.89
59.58,59.58,43.58,67.70,73.71
57.67,57.67,45.72,68.43,72.31
57.52,57.52,46.67,69.02,75.41
54.74,54.74,60.13,64.24,75.54
51.97,51.97,68.82,61.87,74.29
47.27,47.27,76.32,52.39,69.23
46.55,46.55,91.34,38.28,61.08
47.15,47.15,90.01,21.10,58.84
48.98,48.98,90.96,8.86,61.22
49.90,49.90,87.06,14.59,61.47
52.31,52.31,84.49,16.46,63.06
51.72,51.72,82.66,18.10,63.97
59.49,59.49,84.19,17.97,67.46
60.08,60.08,76.08,14.37,66.17
59.87,59.87,78.43,8.77,69.88
61.19,61.19,78.75,9.03,69.95
59.51,59.51,64.35,10.17,73.23
58.57,58.57,58.04,9.40,71.27
57.88,57.88,72.98,20.28,73.99
55.12,55.12,68.31,28.57,74.70
58.35,58.35,67.89,37.44,74.31
56.82,56.82,60.68,58.01,73.09
53.73,53.73,52.23,63.54,74.17
54.18,54.18,56.53,69.96,75.45
51.25,51.25,63.00,85.88,73.72
52.92,52.92,66.78,86.99,75.53
54.11,54.11,63.12,88.68,77.72
51.06,51.06,61.40,81.27,77.98
48.85,48.85,54.92,87.13,76.38
51.41,51.41,47.34,83.80,74.04
53.12,53.12,40.29,87.71,73.72
53.28,53.28,39.36,83.24,74.60
51.88,51.88,45.10,86.39,73.82
47.50,47.50,51.36,88.20,74.56
50.38,50.38,48.13,84.14,76.23
51.54,51.54,45.51,81.02,76.43
53.95,53.95,42.89,63.35,76.30
50.22,50.22,42.23,65.63,75.16
51.17,51.17,36.03,63.27,69.03
50.75,50.75,27.89,56.65,65.11
51.59,51.59,28.17,50.65,64.24
49.77,49.77,29.97,61.68,64.18
44.39,44.39,29.31,76.00,65.40
44.29,44.29,29.08,79.96,66.79
46.96,46.96,28.86,81.50,65.16
50.92,50.92,26.58,81.48,67.58
48.93,48.93,27.79,82.77,68.17
53.33,53.33,28.84,84.41,70.70
51.37,51.37,30.92,86.34,68.78
49.81,49.81,32.27,87.31,70.24
50.64,50.64,32.48,85.60,70.59
50.22,50.22,31.84,85.20,71.57
50.47,50.47,31.48,84.72,69.80
50.34,50.34,28.78,73.35,71.74
48.28,48.28,28.14,65.62,72.83
47.33,47.33,29.41,41.49,73.06
44.22,44.22,31.61,37.42,72.63
44.85,44.85,32.22,44.41,72.46
45.71,45.71,33.62,45.39,70.93
45.43,45.43,36.32,43.46,68.32
47.51,47.51,34.51,42.54,68.52
43.67,43.67,39.79,39.68,72.45
43.88,43.88,37.14,38.02,74.10
42.22,42.22,43.06,36.98,73.15
40.87,40.87,38.93,35.01,71.10
41.71,41.71,41.78,31.61,72.67
42.82,42.82,41.31,33.95,71.75
38.24,38.24,36.90,27.32,70.96
38.72,38.72,41.62,27.73,68.58
45.45,45.45,39.10,31.01,72.93
44.49,44.49,36.72,31.28,72.36
44.55,44.55,37.77,28.57,66.61
45.58,45.58,37.04,29.50,66.41
43.42,43.42,36.65,28.67,66.24
41.30,41.30,36.60,25.56,66.83
40.11,40.11,35.89,30.81,65.17
37.56,37.56,34.80,26.30,66.41
38.44,38.44,37.87,25.76,67.52
37.56,37.56,38.17,23.56,70.25
35.92,35.92,35.79,26.15,68.98
37.65,37.65,38.18,24.04,65.09
40.65,40.65,38.16,23.51,69.42
39.33,39.33,39.74,18.21,66.94
38.97,38.97,38.23,20.43,68.90
39.87,39.87,36.97,21.30,70.94
39.12,39.12,38.17,25.12,68.55
39.72,39.72,39.59,25.35,70.29
42.64,42.64,34.55,22.28,71.18
38.45,38.45,44.21,16.49,70.64
36.27,36.27,39.23,26.83,69.65
36.25,36.25,44.50,22.98,72.11
34.41,34.41,39.41,21.15,69.82
32.25,32.25,41.29,20.64,68.96
30.26,30.26,41.71,25.40,69.00
32.94,32.94,38.68,24.65,70.47
29.60,29.60,41.40,23.34,72.30
30.36,30.36,35.54,23.73,72.57
33.06,33.06,40.13,21.14,72.18
32.11,32.11,44.89,22.22,71.72
34.37,34.37,42.55,28.09,69.50
35.63,35.63,41.20,21.67,69.97
33.96,33.96,38.78,24.11,70.56
30.87,30.87,41.04,20.63,69.36
28.93,28.93,35.38,26.15,72.59
27.53,27.53,29.26,28.48,63.76
24.10,24.10,23.30,42.53,65.47
21.70,21.70,22.78,44.59,65.82
20.83,20.83,22.92,76.12,65.40
23.12,23.12,24.46,80.90,66.58
25.82,25.82,20.88,81.59,64.74
26.02,26.02,19.62,81.82,65.24
27.16,27.16,20.53,82.77,63.84
27.26,27.26,19.83,84.19,64.98
26.54,26.54,21.46,86.31,67.84
24.25,24.25,24.73,85.45,66.21
22.46,22.46,29.68,82.51,68.28
23.07,23.07,28.39,58.23,69.09
23.81,23.81,27.68,48.77,75.64
23.29,23.29,29.95,37.28,73.77
23.18,23.18,32.27,43.55,71.82
23.99,23.99,31.91,42.67,67.72
24.55,24.55,33.87,39.63,70.59
19.55,19.55,42.58,48.66,69.60
17.51,17.51,52.91,51.15,69.42
15.85,15.85,53.89,86.29,71.60
17.85,17.85,40.01,84.68,70.63
25.40,25.40,29.17,86.64,73.30
28.02,28.02,25.44,86.94,70.95
25.90,25.90,19.34,85.87,72.28
26.79,26.79,19.58,87.67,68.39
29.31,29.31,23.27,84.96,67.64
30.97,30.97,21.92,87.12,70.40
34.57,34.57,22.21,86.88,73.35
37.75,37.75,21.27,85.88,70.71
42.12,42.12,24.13,68.79,68.81
54.44,54.44,28.29,55.06,69.53
57.82,57.82,27.69,44.63,67.41
61.63,61.63,31.01,45.96,62.69
61.94,61.94,38.98,43.02,63.89
72.99,72.99,49.42,63.85,63.76
79.66,79.66,61.05,77.15,63.75
77.18,77.18,63.93,79.48,65.67
77.52,77.52,63.55,78.72,63.69
76.32,76.32,62.97,80.74,66.80
75.77,75.77,59.98,83.24,66.14
75.51,75.51,58.57,85.54,69.17
73.32,73.32,51.40,85.01,71.75
74.57,74.57,44.73,85.38,68.37
73.28,73.28,41.35,85.92,67.50
75.39,75.39,41.36,79.83,71.98
74.41,74.41,44.61,64.93,69.18
74.83,74.83,47.33,50.30,69.92
75.43,75.43,45.13,51.22,69.93
75.11,75.11,47.15,32.28,65.07
75.57,75.57,47.15,29.85,67.13
77.31,77.31,52.33,35.42,68.42
77.27,77.27,60.39,44.78,70.61
75.63,75.63,63.41,44.72,68.82
75.51,75.51,60.89,69.36,69.93
76.29,76.29,60.64,84.61,68.57
73.43,73.43,56.33,86.50,71.26
70.82,70.82,56.57,84.99,71.73
73.81,73.81,55.55,85.45,70.26
73.18,73.18,54.69,86.68,71.42
72.97,72.97,55.12,83.86,72.00
74.85,74.85,55.19,86.67,70.97
73.67,73.67,56.33,83.76,70.60
73.61,73.61,56.21,87.33,72.14
74.37,74.37,56.76,84.11,68.31
75.31,75.31,56.94,76.29,69.53
74.55,74.55,58.30,70.87,70.27
73.99,73.99,59.12,59.75,68.12
75.59,75.59,60.16,73.83,70.07
76.18,76.18,55.84,78.05,68.58
74.74,74.74,55.69,80.32,71.30
75.61,75.61,54.76,79.86,70.64
75.26,75.26,57.37,78.81,75.00
73.27,73.27,58.46,82.68,75.59
74.36,74.36,57.77,83.77,74.33
75.05,75.05,59.79,84.74,72.45
74.47,74.47,60.28,86.76,76.51
72.35,72.35,58.88,86.76,75.61
71.46,71.46,57.46,84.50,75.94
71.91,71.91,57.37,86.15,78.81
74.04,74.04,57.91,84.34,75.80
73.27,73.27,59.63,86.05,75.07
71.35,71.35,61.97,86.87,75.17
76.06,76.06,63.20,83.24,72.07
75.55,75.55,60.92,83.84,73.09
75.95,75.95,59.71,81.94,74.51
79.66,79.66,57.61,85.28,72.02
82.56,82.56,59.98,87.40,74.78
82.24,82.24,60.11,83.31,73.61
81.66,81.66,58.25,83.94,75.96
81.48,81.48,57.89,75.46,76.20
81.56,81.56,59.58,65.80,77.82
82.00,82.00,60.28,61.42,77.64
83.18,83.18,59.66,63.67,77.69
83.00,83.00,55.87,61.96,77.42
83.46,83.46,53.87,56.79,77.41
83.04,83.04,53.07,57.50,77.06
82.70,82.70,52.25,61.53,76.61
82.63,82.63,47.97,59.69,71.52
82.29,82.29,45.61,48.89,70.95
82.82,82.82,45.77,45.91,71.13
82.82,82.82,49.25,44.63,71.16
83.32,83.32,49.47,36.29,69.01
84.34,84.34,48.84,43.24,70.37
81.74,81.74,46.62,42.87,70.29
82.44,82.44,45.94,36.26,69.55
83.03,83.03,46.05,33.38,71.01
81.75,81.75,49.25,46.95,72.55
83.40,83.40,52.17,46.84,71.94
84.68,84.68,51.32,44.92,73.49
83.06,83.06,51.03,48.30,73.32
81.09,81.09,52.29,43.00,74.90
81.79,81.79,52.39,45.65,69.65
81.81,81.81,51.43,47.92,73.31
81.84,81.84,52.55,46.73,73.08
81.20,81.20,54.15,45.65,73.61
77.98,77.98,60.68,46.79,74.08
75.42,75.42,58.70,46.44,74.13
73.00,73.00,57.26,47.19,73.77
70.67,70.67,50.12,46.79,72.90
68.35,68.35,43.22,44.77,74.91
67.66,67.66,34.04,43.08,75.46
70.28,70.28,26.06,33.88,75.74
71.65,71.65,21.14,41.66,75.43
71.68,71.68,20.04,45.16,75.26
71.97,71.97,21.82,36.12,76.26
75.83,75.83,21.07,33.06,74.64
73.59,73.59,21.63,42.03,74.66
71.11,71.11,20.47,44.52,75.16
68.63,68.63,19.32,48.28,74.93
67.62,67.62,20.44,51.53,74.09
70.75,70.75,21.99,46.83,72.46
71.37,71.37,22.27,30.95,68.03
73.17,73.17,21.80,24.15,66.81
73.41,73.41,18.59,14.81,67.75
71.80,71.80,21.16,9.15,68.13
69.02,69.02,29.86,10.06,69.19
70.52,70.52,26.79,13.45,68.23
70.69,70.69,33.03,13.94,66.87
71.71,71.71,37.55,20.17,68.09
72.06,72.06,34.73,18.04,70.12
71.82,71.82,28.32,24.16,74.01
73.32,73.32,33.48,31.90,73.97
74.27,74.27,24.24,31.73,72.54
71.63,71.63,27.86,32.32,72.05
71.49,71.49,21.47,25.79,74.12
67.85,67.85,24.39,35.29,72.07
70.51,70.51,17.04,36.58,73.48
70.15,70.15,18.83,41.72,75.83
67.17,67.17,20.82,43.66,74.09
66.90,66.90,15.70,31.88,74.66
67.88,67.88,13.26,35.72,73.87
63.45,63.45,16.00,29.56,73.02
66.19,66.19,22.53,36.36,75.06
64.61,64.61,16.17,35.43,72.81
63.42,63.42,12.91,30.84,73.41
66.68,66.68,12.42,31.62,73.59
66.70,66.70,12.27,25.44,73.12
67.70,67.70,14.76,26.09,72.79
66.99,66.99,17.43,29.87,74.09
63.68,63.68,21.41,30.08,73.02
63.42,63.42,29.46,32.42,71.01
65.18,65.18,38.10,30.26,70.19
65.55,65.55,30.80,26.49,65.81
66.24,66.24,24.50,26.85,62.33
68.04,68.04,19.94,28.90,60.65
68.29,68.29,26.01,24.78,60.43
68.73,68.73,32.43,31.13,64.05
67.51,67.51,33.05,25.52,64.85
66.49,66.49,33.15,26.57,65.12
64.46,64.46,36.12,23.26,64.27
66.28,66.28,38.60,21.74,63.13
66.99,66.99,37.05,23.07,66.44
67.71,67.71,38.34,19.13,66.01
68.90,68.90,42.04,17.22,68.12
69.80,69.80,41.13,17.29,70.13
67.83,67.83,43.46,18.60,71.49
67.49,67.49,44.42,19.48,71.49
69.59,69.59,42.25,16.70,69.97
66.64,66.64,43.49,21.27,71.28
61.25,61.25,45.43,23.56,71.18
59.38,59.38,43.43,16.20,71.98
63.10,63.10,41.18,15.40,71.30
61.46,61.46,39.62,16.56,69.96
57.83,57.83,40.72,22.18,70.51
59.70,59.70,39.96,19.62,71.19
57.62,57.62,39.16,21.79,72.37
57.29,57.29,36.99,18.09,68.81
57.93,57.93,37.67,19.21,69.41
60.17,60.17,38.23,17.04,70.57
59.58,59.58,32.47,12.33,69.10
61.25,61.25,30.18,11.60,70.42
63.60,63.60,35.48,16.53,70.47
60.31,60.31,33.64,20.55,69.28
59.14,59.14,28.08,15.75,69.18
58.44,58.44,35.31,18.47,69.72
58.37,58.37,25.07,18.72,65.31
60.39,60.39,25.08,22.38,62.59
61.98,61.98,25.16,18.47,61.79
62.27,62.27,32.89,21.16,64.57
63.75,63.75,37.87,21.03,62.63
62.56,62.56,38.14,27.00,64.90
60.69,60.69,39.32,25.10,63.44
60.63,60.63,41.00,28.84,62.02
61.73,61.73,36.66,21.01,65.28
62.55,62.55,38.25,25.41,63.50
64.64,64.64,35.07,22.81,63.43
64.01,64.01,37.00,23.46,64.32
65.11,65.11,38.22,27.21,62.82
61.72,61.72,35.86,23.31,64.28
62.55,62.55,40.87,21.84,65.32
62.09,62.09,40.33,23.06,65.72
58.85,58.85,41.24,25.75,66.34
56.91,56.91,37.56,26.36,68.59
57.43,57.43,40.11,25.35,65.02
54.48,54.48,38.23,26.72,65.45
51.93,51.93,36.73,26.08,63.22
52.29,52.29,37.76,30.26,68.37
54.19,54.19,39.14,28.91,68.50
51.51,51.51,40.33,28.77,63.62
52.92,52.92,42.08,26.11,63.60
51.80,51.80,39.73,26.56,61.79
56.85,56.85,41.45,29.48,63.15
57.91,57.91,37.39,27.18,64.75
64.02,64.02,37.88,26.04,64.69
57.73,57.73,42.07,26.19,65.55
52.14,52.14,40.46,25.07,64.39
57.00,57.00,41.75,31.57,63.40
56.37,56.37,42.28,33.56,62.50
59.27,59.27,35.99,25.72,61.41
56.16,56.16,31.30,24.56,59.51
58.03,58.03,36.35,24.42,59.86
59.82,59.82,33.39,25.22,60.73
59.61,59.61,34.79,23.75,59.04
63.70,63.70,36.81,26.37,59.74
56.66,56.66,38.96,29.66,60.52
57.92,57.92,38.08,27.96,61.24
66.10,66.10,37.31,31.57,59.71
64.92,64.92,42.05,31.00,59.26
63.16,63.16,40.58,29.87,59.99
59.53,59.53,41.60,32.08,62.45
61.67,61.67,41.25,29.22,66.41
59.13,59.13,42.41,31.50,61.95
57.13,57.13,43.38,33.04,61.82
54.44,54.44,44.65,32.24,63.03
55.52,55.52,45.00,30.24,65.38
57.20,57.20,44.41,30.40,67.81
57.86,57.86,44.98,29.96,63.48
57.22,57.22,43.24,32.22,60.11
49.99,49.99,41.10,28.13,60.67
53.90,53.90,39.84,25.11,59.03
50.16,50.16,43.78,28.13,55.75
52.40,52.40,41.95,28.90,58.34
51.72,51.72,43.42,24.05,54.51
52.24,52.24,42.76,23.87,53.01
53.29,53.29,43.22,21.60,53.99
58.11,58.11,43.57,24.46,54.12
59.02,59.02,40.26,23.47,55.66
58.93,58.93,42.67,22.44,52.54
52.39,52.39,41.68,22.06,56.18
50.59,50.59,39.84,22.49,56.01
52.43,52.43,40.35,22.70,54.89
53.79,53.79,36.52,16.91,51.67
53.87,53.87,37.25,16.61,53.54
55.83,55.83,37.25,16.23,51.92
58.20,58.20,38.68,18.06,56.07
59.77,59.77,38.78,23.86,52.12
55.66,55.66,43.55,26.81,54.71
55.56,55.56,41.04,26.28,50.81
56.56,56.56,41.78,20.60,48.39
54.72,54.72,42.41,23.42,45.38
54.75,54.75,40.98,20.18,44.56
60.03,60.03,40.71,20.16,45.27
57.51,57.51,40.32,19.62,47.00
54.70,54.70,42.53,22.85,45.39
56.28,56.28,43.39,20.70,46.32
54.08,54.08,46.70,25.75,50.78
49.79,49.79,47.94,34.86,46.25
48.78,48.78,42.34,35.82,41.11
52.36,52.36,42.93,27.01,44.39
49.16,49.16,39.47,17.44,44.15
50.08,50.08,43.00,13.87,36.96
49.47,49.47,42.84,17.50,38.95
47.34,47.34,40.58,14.70,32.01
47.02,47.02,42.02,14.53,29.04
45.60,45.60,41.30,11.77,29.01
43.66,43.66,42.20,17.30,30.68
39.05,39.05,38.50,19.46,28.52
35.75,35.75,35.56,24.22,26.74
33.28,33.28,35.45,25.49,26.81
32.22,32.22,35.60,26.18,28.08
34.67,34.67,35.85,26.67,25.92
37.09,37.09,32.82,26.39,25.03
40.11,40.11,30.31,24.84,24.97
57.43,57.43,34.95,20.41,27.42
56.15,56.15,34.51,16.08,29.39
68.61,68.61,54.22,13.63,39.97
72.75,72.75,63.07,16.31,47.89
78.10,78.10,65.96,11.93,47.68
78.81,78.81,68.62,13.89,47.32
80.14,80.14,65.90,21.10,46.79
76.91,76.91,63.91,23.91,48.17
77.58,77.58,62.16,24.52,55.53
75.82,75.82,62.02,20.17,51.94
76.30,76.30,59.71,18.08,55.92
71.29,71.29,56.04,15.23,52.55
69.86,69.86,51.91,17.46,55.68
73.19,73.19,54.61,21.68,55.29
74.92,74.92,57.68,20.90,58.84
75.10,75.10,56.22,17.21,57.04
76.32,76.32,58.44,15.69,56.34
73.54,73.54,60.74,15.90,53.53
71.46,71.46,64.01,15.86,57.19
76.31,76.31,66.77,15.70,54.05
78.81,78.81,66.44,15.05,49.21
76.72,76.72,64.62,15.81,49.05
76.40,76.40,60.66,20.48,51.79
76.42,76.42,61.58,22.41,51.78
81.16,81.16,62.57,21.38,50.52
73.95,73.95,64.62,17.16,51.86
74.34,74.34,64.51,9.79,53.05
76.01,76.01,65.18,7.98,55.91
71.72,71.72,62.00,8.23,54.99
66.48,66.48,61.66,15.04,53.81
63.23,63.23,63.41,24.09,49.81
62.35,62.35,64.54,36.28,48.59
60.03,60.03,65.51,50.20,47.98
59.61,59.61,88.66,63.90,54.33
58.18,58.18,91.67,71.43,54.08
66.88,66.88,90.84,80.31,56.09
74.34,74.34,89.07,76.45,60.24
72.57,72.57,84.39,77.62,59.44
71.19,71.19,86.94,85.97,61.96
74.18,74.18,79.65,82.73,65.77
74.65,74.65,76.68,88.65,64.05
75.47,75.47,77.13,83.27,63.97
77.47,77.47,70.47,80.47,66.28
78.20,78.20,68.39,83.83,65.39
79.82,79.82,67.58,75.89,65.16
80.33,80.33,65.92,78.90,65.95
80.19,80.19,65.70,80.84,66.43
78.62,78.62,65.96,81.76,69.18
80.30,80.30,65.96,78.89,68.28
79.15,79.15,66.14,85.58,68.48
78.53,78.53,67.33,83.99,68.10
77.92,77.92,69.41,85.63,66.52
78.88,78.88,66.78,89.41,67.00
79.59,79.59,65.93,86.25,66.75
79.41,79.41,62.44,87.65,65.48
78.29,78.29,60.82,86.11,67.18
75.92,75.92,58.63,86.10,66.67
73.49,73.49,59.34,75.93,65.99
72.99,72.99,58.00,69.71,66.40
69.82,69.82,57.08,81.68,67.00
65.01,65.01,58.77,68.62,66.54
63.80,63.80,58.67,78.62,67.82
61.48,61.48,57.39,71.16,64.48
59.81,59.81,57.38,78.95,62.37
60.41,60.41,62.55,74.41,60.03
57.01,57.01,68.34,71.05,56.70
56.54,56.54,91.99,81.33,55.19
59.48,59.48,91.70,75.79,53.41
68.39,68.39,89.09,82.09,53.93
74.87,74.87,86.01,77.44,57.42
73.42,73.42,85.87,79.69,60.29
72.32,72.32,82.16,75.61,63.84
72.72,72.72,77.02,65.34,64.34
74.01,74.01,73.01,72.37,62.96
73.88,73.88,68.73,73.46,63.02
76.26,76.26,60.42,79.97,63.51
76.74,76.74,52.90,71.70,63.37
77.26,77.26,50.66,78.96,60.94
78.18,78.18,42.39,75.98,61.00
77.98,77.98,43.88,72.48,65.29
77.18,77.18,50.08,78.09,68.13
77.26,77.26,53.80,75.83,65.40
77.64,77.64,68.21,73.08,64.90
77.61,77.61,66.04,75.07,61.95
75.25,75.25,63.96,77.00,63.32
77.72,77.72,59.80,69.73,69.21
77.15,77.15,52.04,78.24,70.92
76.95,76.95,45.99,73.06,72.13
74.23,74.23,41.48,75.47,70.43
70.86,70.86,37.94,73.38,71.97
65.96,65.96,38.21,74.34,71.43
61.76,61.76,38.73,74.90,70.86
59.60,59.60,45.67,70.11,71.02
55.62,55.62,49.42,74.39,70.55
55.88,55.88,47.03,72.57,70.59
57.19,57.19,54.85,74.56,68.46
55.91,55.91,65.26,72.63,70.05
53.70,53.70,70.86,69.43,68.03
51.90,51.90,92.24,74.11,62.13
59.82,59.82,91.78,66.90,62.07
68.33,68.33,89.76,78.86,59.91
73.96,73.96,84.35,77.11,62.45
71.99,71.99,83.63,75.10,61.73
72.37,72.37,77.29,76.75,63.32
71.62,71.62,71.63,79.18,64.36
71.41,71.41,59.94,80.12,64.21
72.88,72.88,55.72,81.02,62.96
75.10,75.10,52.77,83.68,64.78
76.41,76.41,53.04,87.31,66.72
75.98,75.98,43.83,84.00,66.14
76.31,76.31,37.97,86.66,68.43
75.22,75.22,33.35,80.65,67.92
76.04,76.04,34.26,67.92,68.16
75.57,75.57,41.62,69.69,67.37
76.79,76.79,50.16,70.15,67.62
75.32,75.32,61.52,71.10,67.67
73.01,73.01,68.91,71.27,66.44
75.52,75.52,65.28,73.21,66.66
76.99,76.99,59.63,70.41,68.10
75.74,75.74,51.64,70.17,69.99
75.59,75.59,43.96,70.02,70.13
72.83,72.83,40.83,70.07,68.14
69.88,69.88,38.72,70.08,67.67
64.48,64.48,36.79,71.51,70.84
61.24,61.24,39.16,72.04,69.06
62.53,62.53,47.11,70.44,65.86
59.81,59.81,45.77,69.79,68.62
56.40,56.40,49.34,68.33,69.67
59.08,59.08,58.05,65.68,65.46
56.33,56.33,66.13,62.60,63.39
59.53,59.53,80.59,55.38,63.62
69.94,69.94,88.92,63.76,59.17
74.53,74.53,89.84,70.54,56.84
74.97,74.97,87.13,77.54,58.61
78.52,78.52,85.92,75.72,59.19
77.57,77.57,77.34,78.07,59.86
77.57,77.57,76.70,76.72,61.99
76.47,76.47,77.53,75.32,61.15
76.68,76.68,62.71,82.13,61.64
78.24,78.24,64.48,80.77,58.82
78.69,78.69,62.33,84.38,62.32
77.59,77.59,64.98,85.25,61.89
78.08,78.08,53.23,82.17,64.50
77.36,77.36,42.58,70.17,66.95
77.02,77.02,49.22,62.65,67.49
77.18,77.18,53.68,70.32,67.03
76.70,76.70,56.38,62.46,68.69
75.32,75.32,59.02,63.30,67.64
73.42,73.42,64.76,52.92,69.64
70.42,70.42,69.05,36.19,67.00
73.93,73.93,63.87,36.89,70.53
75.12,75.12,58.41,27.97,72.53
75.56,75.56,51.61,26.96,72.57
74.04,74.04,52.68,33.95,69.34
70.95,70.95,53.03,33.22,69.45
68.66,68.66,53.97,34.48,70.11
69.07,69.07,50.15,32.48,73.31
72.60,72.60,49.11,31.83,69.76
71.74,71.74,53.13,33.62,69.39
71.34,71.34,50.75,34.04,70.94
72.53,72.53,53.53,40.46,70.93
72.96,72.96,60.30,39.62,71.30
68.31,68.31,66.08,46.35,70.71
65.35,65.35,84.41,60.78,67.39
66.45,66.45,91.58,66.07,66.21
67.39,67.39,90.12,74.07,64.26
71.27,71.27,87.70,69.11,65.33
74.77,74.77,87.01,73.84,66.44
70.96,70.96,82.13,80.84,66.84
71.78,71.78,80.42,81.88,68.57
70.83,70.83,74.45,82.64,69.54
72.33,72.33,71.10,81.35,69.03
75.51,75.51,68.04,84.06,69.50
72.97,72.97,68.04,85.23,68.56
73.06,73.06,67.01,85.56,69.02
73.04,73.04,66.24,85.69,67.65
71.54,71.54,66.24,86.41,70.50
73.07,73.07,65.02,85.17,71.65
73.75,73.75,63.35,84.32,72.46
74.16,74.16,63.33,84.29,73.11
72.53,72.53,63.97,84.48,74.08
69.76,69.76,65.84,86.07,70.99
72.73,72.73,67.64,85.72,69.48
73.09,73.09,64.61,76.17,69.94
73.50,73.50,59.18,65.93,70.50
73.90,73.90,51.13,40.45,71.70
75.04,75.04,46.22,32.99,71.78
71.14,71.14,43.15,42.22,72.56
68.97,68.97,43.39,43.70,71.64
71.05,71.05,45.14,39.55,72.60
72.45,72.45,48.19,35.34,69.50
66.85,66.85,50.97,33.60,69.03
68.63,68.63,47.77,22.20,69.46
69.52,69.52,48.69,12.36,73.61
68.45,68.45,55.42,2.57,72.35
65.26,65.26,62.08,-0.00,70.17
57.34,57.34,91.69,-0.00,64.22
61.98,61.98,91.68,-0.00,65.05
64.75,64.75,90.97,5.07,64.34
68.03,68.03,90.54,12.39,65.71
69.72,69.72,84.85,10.10,65.83
73.33,73.33,84.48,2.45,65.83
71.62,71.62,81.09,9.43,65.45
68.64,68.64,81.80,6.44,65.28
69.53,69.53,77.74,1.36,68.45
69.52,69.52,75.70,6.34,67.29
71.72,71.72,72.10,18.34,67.15
72.66,72.66,67.60,25.80,66.41
71.62,71.62,65.24,30.68,67.55
75.54,75.54,58.34,33.44,69.34
75.38,75.38,53.29,34.07,69.44
74.45,74.45,41.63,30.00,70.14
71.68,71.68,43.15,24.85,70.33
69.09,69.09,47.27,21.83,70.19
69.29,69.29,53.97,24.03,68.58
66.15,66.15,67.29,25.92,65.80
72.52,72.52,72.99,26.44,68.60
73.99,73.99,73.83,25.95,69.95
78.84,78.84,74.04,24.23,72.18
76.28,76.28,71.80,21.14,72.33
73.58,73.58,71.59,22.09,72.98
71.50,71.50,70.80,21.51,73.14
69.91,69.91,70.03,23.58,71.96
70.23,70.23,69.48,17.78,70.80
70.21,70.21,68.95,16.49,71.51
68.87,68.87,67.42,20.71,71.69
66.83,66.83,67.34,18.52,68.65
65.17,65.17,68.14,36.54,69.46
60.61,60.61,74.80,47.35,70.09
55.17,55.17,92.30,65.26,64.67
53.80,53.80,90.89,67.59,63.45
64.59,64.59,89.89,71.10,62.82
66.01,66.01,85.46,64.88,65.65
67.70,67.70,85.67,76.58,65.66
66.81,66.81,80.56,80.45,65.15
69.21,69.21,81.88,84.30,65.84
69.06,69.06,78.12,82.54,66.02
66.13,66.13,74.08,79.28,65.62
68.48,68.48,70.75,82.18,65.45
71.21,71.21,64.53,85.63,66.50
72.23,72.23,58.26,82.92,66.87
73.05,73.05,50.46,68.21,68.72
72.28,72.28,47.79,62.86,67.43
74.81,74.81,48.94,51.91,69.97
73.02,73.02,44.95,50.20,67.90
72.25,72.25,45.50,51.11,68.28
70.88,70.88,51.53,53.29,69.14
72.08,72.08,57.71,82.58,70.98
70.19,70.19,69.78,86.40,69.28
67.30,67.30,73.42,84.85,67.97
69.53,69.53,72.82,86.47,72.84
72.00,72.00,72.85,84.10,70.28
70.10,70.10,72.19,85.98,69.34
66.91,66.91,70.05,86.47,68.92
67.73,67.73,69.51,85.64,68.77
67.51,67.51,70.12,86.75,69.98
65.61,65.61,68.34,83.27,69.85
65.17,65.17,66.23,69.48,70.32
63.63,63.63,66.94,49.79,71.19
55.26,55.26,66.22,37.52,68.20
56.90,56.90,68.76,41.99,65.50
60.98,60.98,80.55,49.14,63.09
67.71,67.71,90.52,58.97,62.91
68.72,68.72,88.99,66.86,63.15
73.23,73.23,87.20,71.77,66.67
78.33,78.33,86.96,70.85,62.41
75.37,75.37,83.27,74.87,63.24
77.69,77.69,83.04,80.40,63.66
75.92,75.92,78.93,80.87,64.03
77.29,77.29,70.56,80.55,67.22
79.10,79.10,64.38,82.32,68.96
78.97,78.97,59.08,85.16,69.46
79.25,79.25,53.18,86.67,73.19
76.94,76.94,52.00,69.72,72.83
73.90,73.90,42.71,59.48,70.73
70.24,70.24,49.09,57.37,69.77
74.24,74.24,58.60,48.49,70.83
69.53,69.53,66.35,52.23,71.87
62.84,62.84,88.98,63.89,73.03
64.41,64.41,87.69,66.82,71.90
64.01,64.01,84.95,73.22,73.35
69.25,69.25,84.02,83.54,71.84
69.22,69.22,83.80,80.77,71.24
67.46,67.46,77.82,82.65,70.94
67.58,67.58,77.56,85.68,70.73
67.73,67.73,74.65,85.26,69.74
62.70,62.70,66.44,86.36,69.63
59.60,59.60,66.71,83.95,70.16
63.16,63.16,61.38,85.94,69.45
73.49,73.49,54.03,82.89,70.02
74.76,74.76,46.50,58.93,71.13
74.47,74.47,48.48,54.95,69.05
74.55,74.55,57.91,41.36,66.53
72.32,72.32,60.82,47.79,64.20
71.75,71.75,87.05,61.69,61.89
71.20,71.20,91.43,66.76,61.63
73.35,73.35,89.77,72.70,62.52
72.35,72.35,89.94,76.37,63.68
72.34,72.34,81.96,71.81,65.04
73.84,73.84,79.48,68.53,67.99
72.89,72.89,72.13,71.86,70.54
72.50,72.50,71.76,72.24,67.93
72.37,72.37,70.58,77.90,68.06
72.07,72.07,69.76,84.86,70.87
68.47,68.47,68.54,84.31,71.42
69.85,69.85,66.83,85.86,71.22
68.39,68.39,66.55,87.69,71.01
70.07,70.07,64.88,82.88,69.04
69.10,69.10,63.71,70.31,71.94
68.73,68.73,65.16,65.25,71.78
71.12,71.12,65.99,49.28,72.02
68.45,68.45,64.58,50.93,71.90
71.22,71.22,62.84,38.40,69.95
73.13,73.13,66.69,38.87,69.64
73.75,73.75,68.78,33.94,68.41
70.55,70.55,66.28,39.85,68.30
71.10,71.10,61.98,35.98,67.12
75.10,75.10,57.85,31.65,67.76
73.93,73.93,56.00,29.93,68.42
70.28,70.28,56.32,23.97,67.64
71.74,71.74,56.21,25.42,66.97
71.80,71.80,56.11,28.79,66.38
70.11,70.11,55.98,26.64,67.43
66.87,66.87,55.31,16.78,68.21
63.90,63.90,55.67,8.52,69.02
62.09,62.09,57.85,1.98,66.82
58.91,58.91,64.33,-0.00,67.41
57.04,57.04,91.62,-0.00,63.66
59.77,59.77,92.78,-0.00,62.89
60.76,60.76,90.64,1.68,66.43
61.30,61.30,88.44,6.33,67.69
64.92,64.92,86.64,1.69,66.72
68.19,68.19,84.13,0.59,67.31
69.87,69.87,81.46,2.11,66.73
71.02,71.02,81.48,3.30,66.41
65.06,65.06,76.81,2.72,67.42
63.12,63.12,76.37,7.96,66.80
61.10,61.10,69.96,14.87,67.46
64.39,64.39,68.60,19.35,69.19
63.26,63.26,65.61,25.17,68.61
64.37,64.37,56.02,27.66,68.15
64.81,64.81,52.26,25.68,70.56
63.12,63.12,42.27,28.30,72.70
62.33,62.33,43.25,32.91,72.81
62.52,62.52,50.25,28.70,72.51
62.53,62.53,62.35,35.39,69.33
64.09,64.09,68.21,36.21,69.36
68.58,68.58,64.94,20.65,67.28
67.83,67.83,57.72,34.63,68.64
67.95,67.95,52.50,37.01,70.96
68.84,68.84,48.18,34.17,69.47
69.35,69.35,44.98,36.15,73.34
71.17,71.17,47.03,34.79,71.32
68.57,68.57,44.92,30.88,69.02
67.79,67.79,52.31,29.36,67.16
67.49,67.49,51.80,27.77,69.61
67.93,67.93,49.63,22.89,70.69
66.08,66.08,54.39,32.31,69.60
63.12,63.12,60.78,40.79,64.22
56.60,56.60,74.57,53.02,64.78
51.00,51.00,92.26,65.51,64.03
52.52,52.52,91.11,67.83,65.88
58.51,58.51,90.72,73.56,64.92
63.77,63.77,85.82,73.07,65.76
63.45,63.45,83.81,76.35,67.90
61.69,61.69,79.60,78.74,66.69
61.19,61.19,80.63,84.99,68.29
61.09,61.09,76.26,83.44,67.91
62.19,62.19,72.30,86.69,67.39
64.52,64.52,66.42,84.57,68.13
64.96,64.96,54.63,86.68,73.87
67.04,67.04,41.51,85.57,76.56
68.01,68.01,37.12,82.44,71.41
68.51,68.51,35.96,67.39,71.55
69.78,69.78,37.71,64.10,69.65
68.07,68.07,43.77,55.28,72.99
67.17,67.17,49.94,48.96,68.59
63.44,63.44,62.57,37.19,71.69
64.11,64.11,67.79,28.04,73.72
67.14,67.14,65.19,24.40,69.02
69.01,69.01,59.20,23.38,71.57
68.54,68.54,50.90,26.16,70.69
65.73,65.73,45.27,26.64,70.26
64.14,64.14,45.71,28.37,68.63
63.26,63.26,43.58,25.63,70.62
67.22,67.22,43.68,23.22,71.26
64.45,64.45,46.67,20.28,69.73
59.12,59.12,52.03,17.16,71.37
58.82,58.82,51.23,15.87,73.36
58.81,58.81,56.97,5.64,69.35
60.08,60.08,64.05,0.20,63.39
67.13,67.13,76.29,0.00,66.06
72.05,72.05,90.68,-0.00,59.48
76.04,76.04,90.93,-0.00,58.78
76.32,76.32,90.21,0.00,58.65
77.06,77.06,89.92,-0.00,58.54
78.60,78.60,88.44,0.00,62.21
78.29,78.29,82.69,-0.00,65.46
75.60,75.60,83.82,6.20,63.81
77.15,77.15,81.14,13.06,65.94
74.79,74.79,82.67,5.49,68.78
75.98,75.98,80.21,4.71,68.89
75.37,75.37,76.99,17.20,72.87
74.09,74.09,75.06,21.53,67.99
74.05,74.05,69.36,18.76,70.00
75.19,75.19,67.92,18.01,72.89
73.01,73.01,60.47,19.94,72.22
71.01,71.01,59.04,26.83,71.33
71.16,71.16,53.40,25.89,74.39
69.96,69.96,60.59,35.06,70.52
69.83,69.83,69.64,36.00,68.71
68.21,68.21,64.76,29.49,69.28
69.47,69.47,59.68,30.37,67.93
68.31,68.31,50.85,33.26,72.82
69.74,69.74,43.73,28.74,72.91
68.83,68.83,40.32,31.62,72.40
67.67,67.67,38.19,33.32,73.76
67.21,67.21,42.52,28.94,72.14
71.35,71.35,43.20,33.59,73.25
76.57,76.57,48.27,29.68,71.46
75.52,75.52,51.35,30.66,71.23
76.62,76.62,47.30,30.33,69.24
76.03,76.03,50.00,28.79,71.35
75.11,75.11,57.32,35.45,69.94
74.30,74.30,63.34,48.40,69.18
73.07,73.07,89.98,65.27,62.71
72.86,72.86,90.60,72.07,60.15
70.98,70.98,89.23,76.13,60.80
71.70,71.70,88.78,79.85,64.43
71.59,71.59,81.88,79.58,61.29
67.86,67.86,82.96,78.51,61.58
69.52,69.52,76.95,79.24,64.46
69.82,69.82,75.31,80.99,64.61
68.98,68.98,74.24,85.80,68.20
69.56,69.56,70.94,85.22,69.77
67.57,67.57,67.51,84.36,70.54
69.23,69.23,65.65,83.92,69.26
73.18,73.18,64.71,85.20,72.57
69.14,69.14,64.34,85.03,72.90
75.06,75.06,63.66,83.50,74.70
76.88,76.88,62.87,72.28,72.71
70.52,70.52,64.72,46.84,70.18
73.13,73.13,70.53,45.94,74.14
75.88,75.88,68.41,47.92,71.05
69.80,69.80,64.12,32.35,71.15
73.33,73.33,57.13,33.45,71.07
75.51,75.51,51.37,32.10,72.26
71.63,71.63,47.17,32.01,66.88
68.36,68.36,46.27,33.85,71.98
72.55,72.55,44.38,32.68,72.49
67.81,67.81,42.60,26.80,70.73
66.30,66.30,45.87,26.95,69.58
65.76,65.76,48.62,26.35,70.19
65.50,65.50,50.27,23.10,67.90
67.65,67.65,47.45,19.78,70.15
67.16,67.16,53.07,10.70,73.73
67.44,67.44,58.29,0.66,69.00
60.39,60.39,67.10,-0.00,66.43
54.99,54.99,92.75,-0.00,65.31
57.43,57.43,92.46,-0.00,63.12
63.98,63.98,91.17,1.37,65.16
60.14,60.14,87.85,5.25,67.22
59.69,59.69,86.61,1.33,68.32
65.68,65.68,82.65,2.70,68.00
64.09,64.09,82.54,9.67,67.10
61.91,61.91,82.64,7.06,64.56
63.31,63.31,78.06,1.71,67.44
62.69,62.69,77.72,1.41,71.23
61.99,61.99,71.99,6.15,75.65
63.05,63.05,71.34,13.32,72.25
63.31,63.31,66.40,18.77,68.67
62.39,62.39,61.16,24.32,73.88
62.26,62.26,55.92,24.19,75.63
63.34,63.34,48.43,22.25,76.40
62.28,62.28,47.95,24.70,69.64
58.82,58.82,54.51,22.08,73.64
59.87,59.87,69.85,21.50,74.17
65.27,65.27,72.28,26.25,72.65
67.77,67.77,73.96,25.63,68.54
65.21,65.21,74.49,22.92,68.24
64.51,64.51,72.71,23.81,72.18
70.31,70.31,71.57,28.26,74.95
74.49,74.49,69.92,21.33,70.29
69.73,69.73,69.30,21.61,72.34
68.54,68.54,68.91,18.30,70.34
68.00,68.00,69.93,21.00,70.75
66.35,66.35,67.54,21.51,71.83
66.64,66.64,66.19,23.97,73.13
64.56,64.56,66.41,35.09,71.41
64.08,64.08,66.17,46.05,70.73
62.13,62.13,78.91,59.86,68.27
50.01,50.01,91.44,65.73,62.90
49.08,49.08,91.00,73.07,63.49
54.67,54.67,88.30,75.80,63.06
56.60,56.60,88.00,80.65,62.71
59.22,59.22,82.71,78.62,63.39
64.34,64.34,80.71,80.47,64.42
61.63,61.63,79.13,79.23,67.74
59.10,59.10,74.89,81.21,69.64
55.22,55.22,75.02,83.50,68.64
63.77,63.77,70.79,84.71,71.98
60.19,60.19,68.41,85.57,70.40
58.84,58.84,55.66,82.19,70.09
66.77,66.77,56.20,55.84,75.76
70.56,70.56,54.00,58.14,74.14
70.81,70.81,47.55,54.66,70.58
73.54,73.54,45.06,52.46,69.99
70.84,70.84,48.59,44.41,72.86
67.70,67.70,54.54,47.59,72.68
69.92,69.92,64.65,51.62,69.06
68.78,68.78,73.21,57.57,72.96
70.07,70.07,72.62,84.10,75.32
68.69,68.69,73.55,86.75,70.82
67.50,67.50,72.07,84.46,71.72
71.05,71.05,71.41,84.12,67.61
72.07,72.07,70.74,86.62,71.80
68.31,68.31,70.04,84.71,70.69
67.93,67.93,69.68,87.07,69.65
62.92,62.92,68.69,84.51,69.30
57.57,57.57,66.58,85.06,70.17
60.01,60.01,66.79,85.61,69.33
63.37,63.37,68.51,65.97,71.37
54.64,54.64,69.16,52.63,66.56
63.87,63.87,85.88,66.27,63.85
65.73,65.73,91.07,62.61,61.48
73.37,73.37,89.90,74.33,63.00
77.71,77.71,88.00,72.99,66.51
78.76,78.76,86.01,69.65,68.38
78.49,78.49,82.94,74.59,65.78
79.88,79.88,82.98,81.57,62.07
75.19,75.19,78.66,80.28,62.87
75.88,75.88,76.90,79.11,64.98
76.66,76.66,69.83,81.19,65.82
76.26,76.26,67.75,83.54,67.96
74.49,74.49,66.15,87.11,68.90
73.07,73.07,58.19,86.23,68.17
69.89,69.89,54.39,75.04,74.58
68.13,68.13,43.37,65.01,75.54
67.02,67.02,46.94,49.85,73.70
64.72,64.72,54.59,42.58,70.10
62.81,62.81,79.11,48.34,70.72
62.60,62.60,67.40,50.67,69.76
62.31,62.31,65.13,59.29,70.13
65.05,65.05,64.91,75.54,68.32
65.82,65.82,62.24,74.14,67.99
65.35,65.35,57.99,81.68,72.17
61.82,61.82,50.25,85.25,70.10
60.35,60.35,42.68,85.30,68.53
62.56,62.56,39.42,83.93,72.16
70.80,70.80,42.15,86.64,70.96
69.85,69.85,46.30,83.02,70.98
71.45,71.45,49.16,85.83,69.00
72.37,72.37,46.00,83.96,71.47
71.24,71.24,52.68,86.56,74.57
72.13,72.13,61.84,84.60,76.26
69.00,69.00,64.24,83.46,67.83
69.56,69.56,91.53,70.70,60.88
66.85,66.85,90.43,79.14,59.09
67.57,67.57,88.74,82.66,60.88
68.66,68.66,87.63,77.18,60.95
66.07,66.07,85.13,80.29,61.84
59.98,59.98,86.52,86.18,64.68
61.37,61.37,79.88,81.96,68.16
60.68,60.68,80.06,86.64,75.28
59.52,59.52,74.75,79.25,73.53
59.47,59.47,70.22,80.99,68.09
63.69,63.69,68.55,83.99,69.78
62.53,62.53,67.72,74.19,69.46
61.46,61.46,68.46,79.16,70.77
63.68,63.68,66.05,83.67,66.87
61.45,61.45,66.97,76.67,68.37
65.70,65.70,66.34,84.68,72.16
65.35,65.35,65.47,83.95,73.17
67.79,67.79,65.88,82.79,72.63
67.80,67.80,69.95,87.98,71.49
67.49,67.49,68.22,85.79,70.34
66.18,66.18,65.90,87.79,72.22
66.07,66.07,61.25,89.24,71.60
66.26,66.26,59.16,84.97,71.36
63.17,63.17,58.38,89.62,70.89
59.98,59.98,57.33,74.83,68.67
61.87,61.87,56.45,74.98,68.14
64.22,64.22,56.67,80.78,68.42
64.45,64.45,57.89,70.08,71.41
65.78,65.78,57.47,80.74,69.38
63.49,63.49,55.95,71.70,70.19
61.87,61.87,57.72,79.61,69.21
57.71,57.71,61.41,71.36,68.79
57.09,57.09,71.78,76.25,63.77
51.64,51.64,92.38,78.29,60.79
51.28,51.28,90.44,75.38,60.15
52.40,52.40,90.81,82.21,61.41
56.42,56.42,87.55,70.80,66.31
61.66,61.66,85.96,77.11,63.19
60.99,60.99,80.56,70.74,66.39
64.26,64.26,79.04,66.76,65.69
63.08,63.08,69.52,68.36,66.09
60.71,60.71,70.32,74.31,66.00
62.85,62.85,66.88,79.91,68.19
61.51,61.51,51.57,70.40,67.86
60.30,60.30,49.51,78.66,67.96
59.09,59.09,46.54,74.50,69.27
59.98,59.98,40.50,74.83,70.26
60.23,60.23,38.37,77.13,68.40
61.37,61.37,43.73,70.00,67.42
60.94,60.94,48.27,78.59,67.82
56.68,56.68,59.38,73.05,67.74
56.04,56.04,68.04,75.16,70.06
59.53,59.53,65.58,73.55,69.31
61.71,61.71,60.62,75.12,67.25
68.44,68.44,55.50,76.07,69.92
68.88,68.88,50.82,70.56,68.79
73.19,73.19,46.73,77.75,66.87
72.65,72.65,44.06,72.52,68.04
72.15,72.15,42.26,74.09,68.73
67.62,67.62,45.12,75.15,69.99
68.18,68.18,50.65,71.61,68.99
67.52,67.52,48.93,73.29,68.23
70.14,70.14,47.75,70.85,67.34
65.63,65.63,57.81,71.81,64.59
66.74,66.74,65.06,68.90,66.63
65.64,65.64,80.06,65.16,64.09
54.67,54.67,92.51,57.56,59.10
55.47,55.47,91.78,50.02,61.81
59.70,59.70,90.46,44.90,61.61
56.14,56.14,88.48,41.35,62.62
60.79,60.79,82.26,47.33,65.66
61.57,61.57,85.80,49.83,65.37
59.70,59.70,79.47,49.66,64.48
56.11,56.11,74.50,52.30,67.53
57.51,57.51,77.98,51.33,66.48
64.04,64.04,75.94,53.31,69.37
67.44,67.44,58.88,50.60,68.32
69.19,69.19,69.28,55.21,65.50
68.91,68.91,70.07,62.69,68.02
70.51,70.51,64.61,65.46,69.04
67.87,67.87,63.36,71.04,70.47
64.84,64.84,54.63,69.19,71.19
65.06,65.06,50.79,69.68,69.59
66.04,66.04,57.98,69.85,70.63
63.14,63.14,67.97,69.95,70.96
63.99,63.99,63.86,70.79,72.50
62.27,62.27,60.98,71.32,71.45
65.99,65.99,54.14,72.66,69.84
66.56,66.56,46.86,70.79,71.34
68.75,68.75,44.95,69.69,70.03
67.25,67.25,41.71,69.18,72.89
66.51,66.51,40.84,69.03,70.41
61.04,61.04,45.46,69.75,66.36
61.65,61.65,53.24,71.04,73.78
63.30,63.30,49.22,72.58,73.70
65.42,65.42,57.04,68.17,76.78
62.94,62.94,64.78,59.95,74.97
60.13,60.13,68.61,46.76,67.06
56.07,56.07,87.69,33.69,67.84
72.36,72.36,90.47,11.39,61.64
67.58,67.58,90.41,0.33,61.20
72.31,72.31,90.94,0.01,60.17
76.54,76.54,83.70,1.99,58.52
77.28,77.28,84.87,5.18,60.44
76.64,76.64,84.64,11.70,64.47
75.13,75.13,79.24,18.53,67.02
74.46,74.46,77.44,20.35,66.40
76.60,76.60,75.41,18.54,66.66
76.24,76.24,74.42,21.51,67.23
73.81,73.81,59.29,29.74,71.04
73.58,73.58,71.05,38.35,71.16
74.13,74.13,70.99,45.31,71.13
71.11,71.11,63.60,55.98,72.89
74.13,74.13,61.32,57.68,72.88
69.37,69.37,53.35,63.28,73.15
66.95,66.95,49.00,69.45,70.17
64.37,64.37,54.06,85.42,70.86
65.37,65.37,57.72,83.69,70.82
62.86,62.86,69.53,84.30,73.18
63.47,63.47,65.07,86.24,71.52
63.65,63.65,61.70,83.74,68.10
60.11,60.11,54.50,85.93,70.32
59.78,59.78,47.53,83.94,69.30
57.59,57.59,45.03,86.07,70.20
57.61,57.61,43.62,86.15,70.29
66.27,66.27,47.79,84.05,70.86
75.71,75.71,50.05,86.50,72.75
73.20,73.20,47.38,83.55,74.10
73.79,73.79,53.84,72.03,73.72
72.54,72.54,59.03,52.04,73.35
70.18,70.18,66.32,54.45,66.74
70.01,70.01,91.31,63.77,58.68
71.85,71.85,91.54,75.08,56.25
74.04,74.04,89.26,75.85,58.50
71.51,71.51,87.16,70.10,60.00
70.22,70.22,85.22,70.40,61.94
68.05,68.05,83.00,80.80,65.06
67.31,67.31,78.51,82.23,64.36
69.06,69.06,75.15,82.08,67.52
65.12,65.12,70.98,81.16,66.30
65.89,65.89,69.07,83.70,67.28
66.23,66.23,69.19,86.40,69.76
65.28,65.28,67.69,85.28,70.41
66.91,66.91,67.52,84.92,69.76
66.72,66.72,65.84,85.29,69.56
65.96,65.96,65.49,81.05,72.41
65.69,65.69,65.05,65.19,72.55
64.00,64.00,63.80,53.18,71.77
72.96,72.96,65.55,51.56,72.40
70.66,70.66,64.78,33.92,66.53
69.56,69.56,66.49,35.13,67.13
72.42,72.42,67.54,38.26,68.88
72.29,72.29,63.94,32.97,72.50
69.44,69.44,59.06,29.32,70.71
67.73,67.73,51.16,30.96,68.98
69.90,69.90,45.80,28.65,69.00
65.67,65.67,44.72,28.18,71.56
58.00,58.00,46.54,28.61,70.60
60.41,60.41,52.64,30.61,70.92
68.11,68.11,52.13,28.11,68.70
67.01,67.01,48.96,18.18,66.68
66.08,66.08,53.00,4.88,69.64
62.57,62.57,60.20,0.19,71.43
57.69,57.69,72.19,-0.00,65.47
47.29,47.29,92.67,-0.00,62.13
46.75,46.75,91.22,-0.00,64.36
44.95,44.95,91.93,4.46,64.55
46.50,46.50,88.22,10.30,65.44
50.90,50.90,85.45,3.65,65.39
49.74,49.74,81.46,7.56,66.23
56.24,56.24,83.42,11.25,67.33
55.28,55.28,78.76,6.63,68.40
53.22,53.22,78.13,1.13,66.27
52.48,52.48,74.64,9.67,66.60
54.04,54.04,70.38,21.30,70.57
54.45,54.45,67.66,28.86,72.46
57.07,57.07,61.86,33.53,68.95
55.73,55.73,58.07,35.68,72.00
54.43,54.43,45.32,34.60,70.62
52.56,52.56,41.89,30.57,70.15
47.06,47.06,45.26,29.22,69.34
53.45,53.45,50.41,27.30,68.39
51.64,51.64,62.45,25.50,69.02
53.62,53.62,72.41,31.79,70.23
54.78,54.78,73.55,29.76,70.81
55.50,55.50,74.08,30.62,70.22
56.95,56.95,73.91,34.84,70.82
62.68,62.68,73.61,35.37,74.20
58.80,58.80,70.54,29.10,73.34
56.17,56.17,69.06,27.69,71.79
55.36,55.36,68.03,25.77,71.13
53.56,53.56,69.34,23.08,71.63
53.59,53.59,68.46,25.43,70.37
51.20,51.20,66.93,23.33,70.77
48.46,48.46,66.85,36.52,71.12
47.48,47.48,67.95,48.10,72.16
46.06,46.06,83.09,58.91,68.11
42.48,42.48,91.66,72.33,60.42
43.22,43.22,90.45,74.95,61.34
44.24,44.24,89.08,74.56,65.42
43.95,43.95,86.24,71.24,66.94
46.10,46.10,80.67,77.75,64.96
47.44,47.44,83.19,81.34,64.70
45.99,45.99,78.78,82.52,65.33
43.95,43.95,79.00,84.06,65.70
42.02,42.02,74.07,83.24,65.86
42.14,42.14,67.20,83.54,68.18
43.34,43.34,65.19,85.18,67.79
46.17,46.17,60.18,77.19,72.10
48.67,48.67,45.00,68.22,71.49
49.99,49.99,45.44,61.21,71.03
50.27,50.27,46.06,54.53,71.51
51.09,51.09,48.32,42.43,69.92
48.47,48.47,51.16,45.55,72.59
52.73,52.73,66.26,42.38,72.32
50.51,50.51,70.91,51.17,71.42
48.77,48.77,72.55,70.38,68.79
49.36,49.36,74.01,86.03,74.21
48.77,48.77,72.58,84.64,76.22
50.37,50.37,72.71,86.34,72.15
52.95,52.95,71.86,84.01,73.43
49.93,49.93,70.81,86.03,75.56
51.56,51.56,68.36,86.87,75.70
48.80,48.80,68.79,85.63,70.60
48.30,48.30,67.65,87.12,67.47
49.33,49.33,66.56,84.70,72.43
49.07,49.07,65.75,81.26,68.93
53.06,53.06,66.44,48.98,69.79
57.57,57.57,67.33,55.27,69.84
63.20,63.20,89.41,62.26,61.32
72.80,72.80,89.77,64.78,60.79
68.35,68.35,89.81,67.93,59.25
70.85,70.85,88.86,77.54,56.93
73.36,73.36,82.89,77.39,57.95
73.83,73.83,80.30,73.60,60.55
74.04,74.04,78.53,75.78,63.53
72.13,72.13,77.27,80.26,68.06
74.41,74.41,76.14,84.89,66.45
73.24,73.24,68.48,85.88,67.79
70.96,70.96,60.44,84.69,70.14
68.56,68.56,50.50,84.17,69.41
70.22,70.22,49.15,83.84,70.28
72.57,72.57,49.24,69.11,68.81
69.89,69.89,51.07,54.33,67.74
68.38,68.38,53.33,38.84,70.97
66.93,66.93,70.86,45.10,66.85
64.54,64.54,84.90,29.02,65.68
65.77,65.77,83.79,35.05,63.17
62.64,62.64,81.53,47.02,67.31
58.86,58.86,80.81,60.84,68.14
58.16,58.16,69.67,68.81,70.23
58.94,58.94,59.28,82.34,70.02
59.97,59.97,45.03,84.22,68.42
61.18,61.18,41.32,81.80,70.29
60.55,60.55,41.17,85.74,72.02
64.81,64.81,41.91,82.30,75.23
67.68,67.68,45.86,85.18,70.78
68.25,68.25,47.13,84.53,71.37
70.49,70.49,43.98,85.70,69.77
70.45,70.45,50.28,85.66,69.05
69.41,69.41,59.79,83.61,66.68
69.15,69.15,69.61,84.23,62.68
64.57,64.57,92.12,66.96,59.85
64.52,64.52,91.66,69.97,59.60
64.04,64.04,89.66,69.95,60.17
63.34,63.34,83.88,66.06,63.60
63.44,63.44,79.70,68.25,62.90
61.32,61.32,77.97,68.23,65.55
62.13,62.13,75.59,77.86,68.20
63.35,63.35,74.67,80.21,70.98
62.85,62.85,72.28,82.62,68.80
62.49,62.49,73.25,86.47,68.66
61.77,61.77,68.42,83.98,68.14
62.33,62.33,64.41,87.34,70.19
63.03,63.03,64.52,84.24,72.14
63.69,63.69,64.13,84.90,69.98
62.16,62.16,64.42,87.56,68.92
63.62,63.62,63.00,83.91,69.29
66.47,66.47,62.27,85.63,70.86
66.22,66.22,61.62,84.72,73.46
66.53,66.53,66.73,84.35,71.41
66.10,66.10,68.31,87.55,69.85
66.37,66.37,65.46,85.03,71.40
63.80,63.80,62.05,84.35,69.62
64.32,64.32,58.90,86.43,68.66
65.85,65.85,57.63,84.30,66.90
64.59,64.59,55.77,81.81,69.84
63.82,63.82,55.99,65.51,67.19
60.50,60.50,55.53,52.43,68.20
59.97,59.97,56.29,50.16,68.00
63.15,63.15,55.80,33.26,72.00
60.77,60.77,54.40,19.17,70.09
62.49,62.49,57.28,18.04,67.84
61.84,61.84,61.43,3.05,65.86
57.61,57.61,77.95,-0.00,65.21
58.55,58.55,91.66,-0.00,62.65
61.11,61.11,92.21,0.47,63.87
64.43,64.43,90.23,12.56,64.47
63.60,63.60,89.47,17.97,66.54
63.00,63.00,84.38,7.44,66.51
63.74,63.74,82.42,13.68,66.36
63.75,63.75,82.91,8.09,66.72
62.18,62.18,78.73,-0.00,64.98
63.00,63.00,78.04,2.74,66.43
61.82,61.82,72.64,8.31,65.19
66.24,66.24,71.05,14.03,66.99
68.60,68.60,65.48,21.07,68.87
63.56,63.56,63.83,25.01,70.44
62.17,62.17,57.86,26.70,66.28
67.21,67.21,47.11,23.69,66.60
69.93,69.93,40.71,23.79,65.50
63.90,63.90,41.61,24.09,68.09
61.36,61.36,46.62,25.11,66.94
64.43,64.43,51.15,26.64,67.24
66.82,66.82,67.44,27.71,64.34
61.34,61.34,67.12,28.49,66.40
63.07,63.07,62.46,33.59,68.18
69.33,69.33,55.33,34.16,71.08
71.72,71.72,49.07,34.31,68.64
72.66,72.66,46.12,32.91,70.57
69.95,69.95,43.35,29.08,70.08
69.31,69.31,44.29,28.84,69.38
67.47,67.47,52.82,24.23,68.19
68.99,68.99,50.00,21.29,68.97
68.14,68.14,49.06,11.60,69.08
66.95,66.95,56.17,3.51,67.68
68.08,68.08,62.13,0.00,64.73
64.22,64.22,84.16,-0.00,62.98
59.07,59.07,92.41,-0.00,63.34
60.25,60.25,91.89,6.28,64.65
62.18,62.18,90.38,15.48,61.47
57.46,57.46,86.84,12.54,62.13
60.11,60.11,83.84,9.73,63.75
63.55,63.55,83.38,18.93,66.00
61.15,61.15,79.97,10.14,66.04
61.50,61.50,80.57,3.56,64.70
61.75,61.75,74.83,6.30,65.14
63.46,63.46,73.68,8.43,66.00
65.52,65.52,70.68,21.01,73.80
69.18,69.18,63.85,21.74,72.50
68.46,68.46,61.32,23.50,68.92
68.40,68.40,56.41,27.03,74.56
69.80,69.80,47.03,24.92,70.77
66.91,66.91,38.85,25.09,71.38
65.47,65.47,44.10,24.66,70.42
65.70,65.70,49.47,31.15,68.50
63.27,63.27,59.11,31.73,70.20
65.56,65.56,68.83,35.13,69.18
63.59,63.59,65.68,32.48,69.42
61.38,61.38,61.41,34.17,71.99
65.66,65.66,53.71,28.69,66.54
66.36,66.36,47.08,28.34,70.24
67.05,67.05,43.39,30.39,72.68
68.16,68.16,45.38,30.72,72.70
64.90,64.90,47.44,28.15,68.89
60.72,60.72,50.93,26.38,69.66
62.77,62.77,52.14,26.50,69.45
61.39,61.39,57.94,29.51,67.79
59.27,59.27,63.70,43.85,72.35
72.67,72.67,83.36,57.98,69.61
67.53,67.53,90.09,64.20,59.03
59.34,59.34,90.59,67.62,59.29
60.47,60.47,90.31,67.90,59.75
68.37,68.37,89.99,69.06,63.40
70.85,70.85,83.81,72.07,64.61
71.50,71.50,84.34,77.84,63.57
70.27,70.27,79.91,82.85,61.89
69.61,69.61,81.24,85.52,65.43
69.81,69.81,77.80,83.68,69.15
70.55,70.55,72.14,82.61,66.44
70.83,70.83,65.08,83.32,66.33
68.04,68.04,59.89,85.38,67.54
64.83,64.83,56.59,88.31,68.37
62.23,62.23,53.82,86.17,69.93
65.19,65.19,43.26,85.22,71.58
60.86,60.86,42.80,85.03,71.04
62.90,62.90,46.84,77.59,69.05
65.28,65.28,53.02,60.93,67.66
68.10,68.10,68.37,48.01,70.89
70.21,70.21,65.81,41.45,67.37
69.39,69.39,61.62,38.50,66.96
68.01,68.01,54.32,36.02,69.64
61.05,61.05,49.16,34.47,71.97
60.57,60.57,44.72,33.05,69.35
59.22,59.22,41.53,28.10,69.06
57.24,57.24,46.03,30.84,68.73
59.52,59.52,45.87,26.34,70.13
63.58,63.58,50.61,25.94,70.69
67.84,67.84,50.65,25.23,69.78
68.11,68.11,50.18,29.76,68.75
65.15,65.15,52.76,29.11,68.08
59.33,59.33,57.30,37.16,70.64
56.55,56.55,69.81,49.77,68.38
51.87,51.87,92.43,66.19,66.40
56.83,56.83,90.14,72.82,65.15
55.59,55.59,89.75,77.87,66.13
57.41,57.41,84.86,77.03,66.75
56.82,56.82,83.44,77.70,64.33
55.39,55.39,79.97,78.65,64.47
52.77,52.77,79.94,81.86,64.70
56.44,56.44,75.61,83.61,63.12
55.96,55.96,71.65,86.23,63.84
61.49,61.49,68.94,85.07,65.51
56.94,56.94,66.88,84.28,67.61
59.83,59.83,66.56,84.80,67.09
60.13,60.13,66.12,83.17,68.67
62.14,62.14,65.88,62.88,67.89
59.59,59.59,64.93,46.99,67.19
58.49,58.49,64.57,54.22,66.65
59.39,59.39,65.08,37.60,65.46
57.02,57.02,66.98,30.03,68.24
57.55,57.55,69.45,35.09,67.06
60.71,60.71,68.36,31.90,65.83
64.42,64.42,64.37,27.04,68.85
62.62,62.62,59.23,32.71,70.14
59.55,59.55,52.54,27.78,68.10
58.44,58.44,47.77,27.04,67.59
57.53,57.53,47.68,28.76,68.00
59.47,59.47,47.01,28.21,67.05
55.65,55.65,46.89,23.02,67.54
54.91,54.91,51.88,23.56,67.28
58.99,58.99,50.32,19.43,70.60
58.04,58.04,47.16,8.10,65.55
56.77,56.77,54.23,4.47,68.20
51.61,51.61,61.59,0.10,66.31
48.70,48.70,77.65,-0.00,65.30
41.75,41.75,92.74,-0.00,61.83
43.61,43.61,92.24,0.33,59.51
42.61,42.61,89.79,11.79,60.62
42.73,42.73,89.42,17.66,62.90
43.90,43.90,82.59,7.98,62.78
44.80,44.80,83.85,7.07,63.83
44.09,44.09,82.67,11.07,62.87
42.66,42.66,80.60,10.18,63.78
48.12,48.12,79.50,9.24,64.46
51.00,51.00,74.23,10.80,66.52
46.44,46.44,73.55,17.51,67.55
43.66,43.66,67.34,23.26,66.20
51.34,51.34,66.26,29.38,70.44
51.63,51.63,60.34,32.98,68.59
45.04,45.04,51.07,32.65,69.20
48.41,48.41,48.72,27.90,69.21
43.65,43.65,52.57,24.07,69.35
35.93,35.93,65.90,31.06,66.44
27.16,27.16,71.76,37.70,65.78
42.43,42.43,72.69,38.81,69.28
55.02,55.02,71.99,28.50,71.27
54.75,54.75,72.18,32.66,70.54
45.86,45.86,71.51,28.12,70.04
45.13,45.13,69.77,28.19,70.94
45.56,45.56,68.00,30.75,67.99
47.19,47.19,68.04,31.67,68.53
48.76,48.76,68.17,23.19,67.14
44.75,44.75,66.23,20.61,66.50
50.10,50.10,66.01,16.34,70.01
50.39,50.39,65.01,22.38,70.05
39.27,39.27,65.99,38.62,67.78
30.52,30.52,66.39,47.54,65.00
27.52,27.52,86.87,64.47,61.73
31.49,31.49,91.56,65.53,59.95
35.99,35.99,89.97,76.13,63.19
38.54,38.54,89.66,81.12,63.46
39.32,39.32,80.35,78.57,63.28
36.81,36.81,82.10,82.05,64.65
35.56,35.56,77.00,79.80,67.20
35.88,35.88,71.49,78.66,70.56
33.63,33.63,67.98,81.28,66.45
33.94,33.94,64.72,81.71,66.60
34.99,34.99,62.36,83.65,67.81
34.05,34.05,68.65,85.76,70.09
38.20,38.20,62.46,71.22,70.38
44.53,44.53,52.35,55.28,70.46
39.63,39.63,54.03,56.02,70.36
46.70,46.70,47.50,50.17,70.97
44.81,44.81,53.60,46.89,72.56
47.37,47.37,69.05,48.99,71.45
53.77,53.77,70.15,48.60,70.29
59.28,59.28,71.73,73.89,71.07
62.89,62.89,72.58,85.59,70.44
60.57,60.57,72.59,84.47,71.34
63.76,63.76,72.49,84.53,72.04
67.45,67.45,71.71,85.23,72.31
66.84,66.84,71.63,86.95,73.39
64.06,64.06,69.63,86.50,69.31
64.13,64.13,68.52,85.30,65.80
68.01,68.01,67.56,85.35,70.65
69.61,69.61,68.25,78.48,69.41
67.33,67.33,66.26,49.46,69.79
64.77,64.77,64.74,37.14,70.72
57.91,57.91,66.34,44.14,70.16
61.56,61.56,72.04,51.05,63.91
69.59,69.59,90.03,66.63,62.25
66.73,66.73,90.63,72.95,59.07
65.42,65.42,87.74,80.06,62.37
71.38,71.38,84.35,80.11,65.47
74.84,74.84,84.78,74.05,67.65
78.88,78.88,82.11,75.03,68.72
78.64,78.64,79.75,81.63,72.04
75.82,75.82,79.30,81.79,70.41
76.56,76.56,73.63,82.03,73.56
75.32,75.32,70.86,83.90,70.78
74.77,74.77,69.45,84.96,69.99
71.18,71.18,62.72,85.60,70.00
71.37,71.37,57.97,85.55,69.46
72.60,72.60,53.41,86.08,70.93
71.47,71.47,55.76,80.74,73.10
72.92,72.92,60.34,50.65,73.71
69.24,69.24,67.30,53.81,70.96
67.21,67.21,87.22,61.53,66.79
70.69,70.69,89.07,67.80,63.54
75.43,75.43,88.33,69.33,65.94
74.41,74.41,88.50,69.24,66.47
74.76,74.76,81.17,76.28,65.75
73.12,73.12,83.45,82.10,67.73
78.11,78.11,78.04,81.40,67.21
76.34,76.34,76.68,85.64,70.80
71.86,71.86,74.16,85.38,69.95
73.21,73.21,70.74,86.94,70.61
72.44,72.44,69.71,86.93,72.94
68.00,68.00,62.61,85.15,73.28
68.34,68.34,64.70,88.01,73.05
68.28,68.28,67.05,84.76,74.49
65.68,65.68,68.67,68.37,70.38
60.87,60.87,77.46,62.83,61.44
55.52,55.52,91.79,77.25,51.93
60.07,60.07,89.99,79.71,54.26
70.01,70.01,88.28,81.29,61.20
74.00,74.00,87.96,82.99,60.05
65.27,65.27,88.06,86.25,58.87
71.01,71.01,85.16,82.71,58.80
73.33,73.33,83.20,85.66,58.47
72.66,72.66,80.07,88.53,60.38
76.74,76.74,75.01,80.09,60.47
78.04,78.04,68.88,84.29,55.92
79.57,79.57,62.19,80.83,55.16
79.30,79.30,57.85,79.38,53.72
78.92,78.92,57.76,84.32,55.07
79.05,79.05,49.63,81.04,55.18
79.86,79.86,45.85,79.09,56.67
79.45,79.45,43.56,84.43,56.74
78.48,78.48,42.77,86.06,56.55
78.61,78.61,41.52,84.98,56.89
78.97,78.97,44.87,86.47,58.51
79.28,79.28,47.72,86.32,54.97
78.83,78.83,43.67,88.41,53.98
79.11,79.11,41.77,87.45,53.52
78.90,78.90,40.93,86.96,56.84
74.84,74.84,38.35,82.05,54.78
71.47,71.47,40.62,68.96,53.50
63.93,63.93,37.76,80.39,53.38
52.29,52.29,34.83,69.02,49.76
45.66,45.66,31.16,76.53,48.25
43.77,43.77,32.50,79.40,48.06
46.85,46.85,38.08,65.68,48.58
44.16,44.16,46.71,80.89,45.36
44.18,44.18,55.71,70.07,42.86
47.19,47.19,80.44,77.78,44.20
49.83,49.83,92.46,75.57,44.68
62.10,62.10,90.76,80.52,50.52
71.93,71.93,87.78,79.58,48.91
74.52,74.52,86.01,76.20,42.28
72.58,72.58,82.11,78.71,39.02
73.99,73.99,82.38,65.95,40.31
73.31,73.31,73.73,73.02,41.90
74.49,74.49,73.17,65.62,42.22
74.70,74.70,66.96,79.51,41.94
76.69,76.69,56.57,75.76,42.54
77.42,77.42,50.33,70.81,43.91
77.55,77.55,48.10,79.97,41.20
77.11,77.11,41.37,73.65,47.73
78.23,78.23,29.77,75.42,48.85
78.24,78.24,27.23,74.34,49.00
77.89,77.89,26.44,76.00,48.55
76.35,76.35,26.54,76.43,46.76
76.63,76.63,24.96,70.65,45.24
77.09,77.09,30.61,78.82,46.42
77.44,77.44,33.08,73.22,44.04
77.22,77.22,27.48,75.07,45.40
77.47,77.47,26.98,73.45,48.50
75.99,75.99,24.39,75.60,47.19
71.47,71.47,24.49,75.10,47.21
67.42,67.42,28.16,70.78,47.01
59.42,59.42,25.97,76.20,48.24
47.88,47.88,20.58,72.44,39.19
42.49,42.49,17.74,73.55,39.55
42.60,42.60,23.25,75.39,41.09
44.04,44.04,36.16,72.18,38.89
41.83,41.83,47.66,71.79,34.68
46.77,46.77,52.64,70.26,34.32
51.15,51.15,90.13,69.87,41.24
52.51,52.51,91.44,63.41,42.61
69.34,69.34,90.90,66.22,46.34
73.64,73.64,91.15,63.84,43.82
72.86,72.86,83.26,57.73,39.19
71.84,71.84,86.03,58.93,44.60
72.67,72.67,82.99,59.43,47.07
72.17,72.17,76.30,56.48,44.03
72.55,72.55,75.94,54.28,37.92
74.31,74.31,75.99,56.93,38.33
76.71,76.71,64.67,63.26,41.51
77.06,77.06,59.34,61.74,44.53
76.27,76.27,67.31,66.83,42.22
75.42,75.42,62.83,66.55,45.55
76.73,76.73,56.77,67.09,47.08
76.14,76.14,58.14,69.12,45.09
76.45,76.45,55.07,69.52,45.48
75.69,75.69,50.31,73.47,45.57
74.17,74.17,39.39,70.53,40.66
75.66,75.66,43.81,69.80,47.46
76.59,76.59,46.84,69.42,47.44
76.56,76.56,43.28,69.60,54.68
76.59,76.59,36.16,70.14,57.08
74.20,74.20,33.16,70.94,57.29
71.75,71.75,29.53,72.57,55.18
67.34,67.34,29.49,70.78,56.31
65.11,65.11,31.09,69.37,59.28
64.25,64.25,33.41,69.19,58.56
64.96,64.96,32.54,69.23,61.67
63.54,63.54,31.35,69.37,63.00
62.01,62.01,40.01,69.77,62.16
58.71,58.71,54.05,71.44,61.56
57.20,57.20,64.93,69.08,58.09
50.31,50.31,92.58,68.66,40.87
56.43,56.43,91.99,58.55,41.51
69.29,69.29,90.60,70.72,42.31
73.67,73.67,87.20,65.72,50.21
71.27,71.27,85.10,58.53,50.70
71.29,71.29,82.44,60.39,52.39
71.43,71.43,82.64,60.64,51.64
71.26,71.26,79.01,53.09,45.90
73.37,73.37,75.46,56.81,50.78
73.86,73.86,77.88,61.04,53.00
74.33,74.33,68.61,60.12,47.21
75.38,75.38,62.32,56.86,56.25
75.88,75.88,65.65,68.45,61.74
76.74,76.74,63.83,64.25,61.03
77.08,77.08,58.86,67.11,61.53
76.42,76.42,56.41,65.53,61.94
74.45,74.45,57.97,63.80,60.71
74.01,74.01,57.08,63.10,60.35
75.04,75.04,54.47,63.04,60.25
74.93,74.93,51.72,62.47,60.51
75.48,75.48,50.14,66.01,62.31
75.65,75.65,44.62,60.52,63.04
74.69,74.69,39.29,60.61,56.61
73.61,73.61,36.63,58.05,56.19
69.52,69.52,35.57,56.55,56.93
68.45,68.45,38.90,56.12,58.77
65.40,65.40,40.90,51.14,56.46
64.67,64.67,41.16,55.50,65.14
62.83,62.83,41.51,44.90,67.91
62.87,62.87,44.00,45.38,66.39
60.91,60.91,50.45,38.32,68.35
61.25,61.25,59.95,29.57,66.06
56.71,56.71,75.17,14.30,56.60
50.25,50.25,91.96,2.20,45.87
63.07,63.07,92.05,9.62,47.12
70.10,70.10,90.07,25.74,49.98
71.43,71.43,89.61,24.34,45.51
69.40,69.40,84.06,19.99,50.88
70.76,70.76,82.38,31.67,52.09
69.67,69.67,81.62,32.97,52.88
70.43,70.43,76.97,28.91,56.95
72.29,72.29,76.03,31.69,55.48
72.02,72.02,70.46,33.90,53.97
73.94,73.94,69.34,33.69,57.59
74.56,74.56,63.16,36.03,50.15
74.65,74.65,59.71,40.45,51.58
75.80,75.80,53.80,40.72,63.22
74.96,74.96,33.44,37.55,64.12
75.39,75.39,28.63,29.92,64.40
74.44,74.44,28.27,16.94,64.17
72.93,72.93,27.71,27.83,64.21
73.97,73.97,29.87,34.45,53.89
75.26,75.26,26.79,35.87,60.44
74.22,74.22,23.82,37.79,59.57
75.31,75.31,24.81,39.57,58.61
74.01,74.01,27.06,39.58,53.15
71.34,71.34,26.62,38.56,60.18
71.13,71.13,26.97,36.86,59.58
70.51,70.51,27.64,33.78,61.58
62.72,62.72,31.91,30.65,60.62
63.89,63.89,29.62,21.16,60.27
64.50,64.50,28.29,12.54,63.76
60.98,60.98,39.29,9.05,70.48
60.05,60.05,46.47,5.99,71.26
59.19,59.19,56.90,0.46,69.90
51.55,51.55,83.68,-0.00,58.30
49.72,49.72,92.41,-0.00,47.33
65.59,65.59,91.70,1.43,47.00
69.84,69.84,90.22,16.08,49.99
69.87,69.87,86.81,18.71,49.87
69.04,69.04,83.74,21.59,46.82
69.50,69.50,83.51,26.14,44.07
68.48,68.48,79.96,32.72,49.33
70.52,70.52,80.45,32.50,46.49
71.53,71.53,74.94,34.92,46.06
73.50,73.50,73.74,34.69,54.26
72.81,72.81,70.13,40.56,49.89
73.21,73.21,64.68,46.26,45.75
74.39,74.39,61.74,48.30,46.30
76.42,76.42,53.83,49.05,56.79
75.58,75.58,43.67,46.88,58.72
72.31,72.31,32.15,44.15,57.79
70.67,70.67,29.36,39.69,57.50
71.61,71.61,29.79,31.69,53.62
71.97,71.97,27.59,16.67,44.75
73.40,73.40,25.72,19.96,54.14
73.77,73.77,24.62,30.22,53.35
73.16,73.16,24.93,33.42,52.37
71.68,71.68,26.72,34.55,52.39
70.73,70.73,29.49,34.00,55.91
69.59,69.59,30.24,31.72,53.25
68.24,68.24,31.02,26.56,52.83
66.49,66.49,31.31,20.60,50.86
67.51,67.51,31.57,13.13,56.00
66.75,66.75,34.14,14.02,55.46
64.97,64.97,45.73,13.50,61.40
63.43,63.43,58.20,11.54,61.03
60.68,60.68,64.42,13.25,54.29
48.69,48.69,91.96,5.00,40.20
50.12,50.12,91.84,5.92,40.78
66.12,66.12,90.90,20.03,47.90
70.01,70.01,90.62,25.05,45.78
68.64,68.64,85.03,26.24,44.39
68.30,68.30,84.73,32.97,46.60
68.25,68.25,81.07,37.22,45.85
68.51,68.51,83.09,39.78,43.76
67.33,67.33,80.96,44.86,46.25
69.57,69.57,79.16,42.58,47.27
71.74,71.74,76.29,45.34,45.37
70.92,70.92,71.36,44.24,39.61
74.18,74.18,70.38,43.00,43.91
74.16,74.16,63.59,40.76,43.19
76.35,76.35,62.12,44.72,50.76
76.37,76.37,53.56,45.32,50.91
77.00,77.00,44.45,38.46,50.46
73.35,73.35,26.60,32.14,51.86
72.04,72.04,25.27,15.80,45.82
71.07,71.07,23.50,29.78,42.31
73.14,73.14,20.69,36.99,49.19
73.15,73.15,19.16,39.02,55.78
73.29,73.29,20.72,40.94,55.57
70.08,70.08,23.55,41.79,53.02
68.21,68.21,29.26,41.22,52.70
67.58,67.58,29.09,40.24,52.16
63.71,63.71,29.48,37.96,48.04
65.45,65.45,34.17,35.66,54.57
64.71,64.71,30.77,32.06,52.62
64.86,64.86,35.23,25.64,55.12
66.50,66.50,51.17,12.65,54.13
66.63,66.63,58.36,2.42,53.30
59.54,59.54,71.31,0.05,47.34
45.09,45.09,92.96,-0.00,35.11
54.48,54.48,91.22,-0.00,39.80
66.67,66.67,92.00,-0.00,44.50
69.09,69.09,87.79,3.13,45.75
67.22,67.22,86.30,16.23,41.89
67.70,67.70,81.28,25.44,41.06
67.21,67.21,82.75,29.18,41.24
67.72,67.72,78.47,30.50,39.60
66.78,66.78,75.06,29.40,34.42
70.10,70.10,73.43,34.63,36.78
70.64,70.64,67.53,34.06,42.11
70.46,70.46,65.72,39.82,34.41
69.60,69.60,58.77,42.62,30.14
70.60,70.60,54.77,40.05,38.92
71.29,71.29,46.91,32.37,38.56
70.72,70.72,56.26,21.21,42.17
70.17,70.17,86.85,3.39,35.01
68.36,68.36,88.38,-0.00,34.07
69.97,69.97,87.67,0.00,36.86
71.32,71.32,88.31,7.26,35.95
71.47,71.47,81.04,19.28,39.20
70.39,70.39,82.03,25.68,44.82
69.97,69.97,77.68,29.74,48.93
67.19,67.19,76.24,30.87,43.76
65.62,65.62,73.85,31.74,46.84
59.23,59.23,69.44,32.16,44.74
57.59,57.59,67.70,32.02,49.04
60.39,60.39,61.69,33.12,52.27
56.91,56.91,60.00,31.13,48.16
59.15,59.15,50.96,32.97,51.18
60.67,60.67,51.31,27.10,50.32
60.95,60.95,57.45,7.84,49.43
53.48,53.48,77.63,0.04,42.88
43.78,43.78,92.72,-0.00,30.95
57.80,57.80,92.08,-0.00,38.75
66.63,66.63,89.70,-0.00,42.52
67.42,67.42,89.42,4.07,38.47
66.56,66.56,82.63,14.70,33.90
66.53,66.53,83.80,21.85,36.68
65.94,65.94,80.66,26.53,38.77
65.30,65.30,77.18,27.81,33.49
68.18,68.18,75.66,29.96,38.69
67.73,67.73,70.10,31.76,38.75
68.60,68.60,69.30,32.46,36.47
70.81,70.81,61.86,39.47,34.01
71.34,71.34,59.73,44.54,31.85
72.72,72.72,51.03,46.59,38.65
71.48,71.48,31.16,45.29,41.81
69.68,69.68,22.43,41.70,41.76
69.65,69.65,20.01,36.51,42.85
69.56,69.56,15.94,22.69,42.10
71.00,71.00,14.90,21.82,35.37
70.97,70.97,16.28,32.71,42.19
70.76,70.76,16.51,36.67,44.46
69.57,69.57,18.42,38.69,49.05
68.53,68.53,16.93,39.07,51.31
66.13,66.13,19.16,38.38,45.60
63.44,63.44,23.39,36.28,47.70
56.21,56.21,24.27,33.24,44.61
54.14,54.14,25.09,28.97,44.52
56.20,56.20,27.63,20.20,46.77
52.58,52.58,28.13,15.30,40.85
56.01,56.01,39.23,16.48,45.35
54.32,54.32,48.83,10.56,43.58
52.21,52.21,56.41,1.87,39.39
45.09,45.09,86.35,-0.00,29.58
42.63,42.63,91.83,-0.00,27.58
62.04,62.04,91.38,-0.00,39.00
66.71,66.71,91.57,0.02,42.31
66.12,66.12,84.74,8.21,35.48
65.59,65.59,85.36,18.67,30.66
65.54,65.54,82.89,25.51,31.95
64.63,64.63,80.04,27.14,33.58
65.18,65.18,79.89,31.59,30.92
67.56,67.56,74.52,34.41,34.42
67.39,67.39,73.67,35.40,33.57
68.05,68.05,68.06,39.18,32.55
68.52,68.52,65.98,44.07,29.19
70.22,70.22,59.91,47.94,31.52
70.32,70.32,53.74,49.22,32.67
71.27,71.27,39.46,46.29,33.33
71.18,71.18,19.39,42.70,37.07
67.74,67.74,12.86,35.54,34.73
66.64,66.64,16.84,21.09,33.94
68.29,68.29,17.35,33.85,35.23
70.02,70.02,13.38,39.22,36.31
68.77,68.77,13.13,42.15,42.79
67.88,67.88,5.61,42.88,43.84
66.57,66.57,9.68,42.50,44.99
65.20,65.20,13.23,41.42,41.28
60.76,60.76,16.92,39.58,42.34
51.05,51.05,19.87,36.74,38.22
50.00,50.00,21.70,32.59,42.25
50.90,50.90,20.39,25.79,38.52
48.21,48.21,27.35,13.54,38.89
49.69,49.69,40.79,8.18,40.39
47.47,47.47,47.73,1.47,35.54
44.87,44.87,57.45,1.36,31.85
42.69,42.69,91.84,-0.00,29.54
45.23,45.23,92.77,-0.00,34.95
62.88,62.88,90.97,-0.00,43.67
65.80,65.80,88.46,2.63,43.30
65.04,65.04,86.64,11.27,43.09
64.26,64.26,83.78,18.74,45.10
64.57,64.57,81.47,23.46,47.60
64.17,64.17,81.63,24.81,45.82
67.83,67.83,76.47,28.78,42.46
62.72,62.72,76.27,33.93,39.06
65.20,65.20,70.40,35.46,39.41
71.05,71.05,68.85,39.15,46.06
70.84,70.84,64.86,45.32,42.53
72.43,72.43,57.67,47.50,46.60
72.35,72.35,51.93,46.46,48.94
72.65,72.65,35.26,43.77,48.72
67.96,67.96,26.49,38.49,47.76
69.67,69.67,22.41,25.46,45.30
72.65,72.65,23.67,28.15,49.95
67.92,67.92,23.37,37.17,49.68
69.88,69.88,20.22,41.12,55.37
69.17,69.17,18.51,42.48,58.36
67.95,67.95,19.88,42.86,58.75
67.99,67.99,25.98,42.76,57.15
66.44,66.44,28.41,42.01,55.81
64.34,64.34,29.40,39.89,57.65
64.34,64.34,29.88,37.72,57.63
64.71,64.71,29.97,34.42,56.90
64.58,64.58,28.52,29.08,56.44
64.89,64.89,31.73,21.29,56.02
63.52,63.52,41.41,10.12,55.43
64.68,64.68,55.19,10.75,54.14
57.02,57.02,72.01,7.78,42.93
46.98,46.98,92.65,3.73,33.62
53.22,53.22,91.35,2.31,41.90
61.82,61.82,91.99,8.04,46.67
64.90,64.90,88.11,19.74,46.00
63.65,63.65,85.31,28.77,46.67
63.71,63.71,81.36,37.99,50.22
63.24,63.24,83.60,41.38,44.67
63.66,63.66,80.82,42.21,51.04
63.87,63.87,81.63,45.03,50.75
66.47,66.47,77.87,44.34,52.33
66.56,66.56,74.38,42.80,49.95
66.61,66.61,72.11,40.60,55.77
67.07,67.07,66.78,41.97,56.88
67.33,67.33,65.19,46.78,57.21
68.85,68.85,57.26,46.90,58.13
69.67,69.67,52.86,44.29,57.08
70.74,70.74,36.26,39.90,58.74
67.60,67.60,25.67,26.93,58.63
68.98,68.98,24.53,23.47,58.89
67.64,67.64,23.74,37.74,53.72
70.31,70.31,20.52,41.73,59.35
69.07,69.07,21.95,42.79,59.58
67.02,67.02,25.94,42.94,53.01
67.88,67.88,26.32,42.96,57.88
65.74,65.74,27.11,42.53,57.24
66.94,66.94,30.74,41.47,58.50
64.29,64.29,29.74,38.95,57.40
64.59,64.59,27.46,34.89,57.98
63.93,63.93,24.75,28.12,56.55
65.17,65.17,32.98,15.28,59.68
64.50,64.50,47.76,4.48,58.86
63.16,63.16,53.23,0.37,58.27
55.84,55.84,81.17,-0.00,51.49
46.57,46.57,92.61,-0.00,40.15
55.81,55.81,91.91,-0.00,46.80
62.70,62.70,89.87,-0.00,50.44
63.11,63.11,88.38,4.98,49.78
62.24,62.24,82.71,12.60,49.86
62.80,62.80,83.77,18.54,50.35
61.79,61.79,78.82,23.71,49.38
63.52,63.52,78.60,23.05,55.03
66.83,66.83,74.79,28.89,57.37
66.78,66.78,70.44,32.65,57.54
63.95,63.95,68.67,38.75,49.73
68.31,68.31,61.63,46.63,53.81
68.73,68.73,59.06,48.64,55.80
71.28,71.28,47.62,48.06,61.64
71.22,71.22,27.12,43.91,63.23
67.11,67.11,18.51,38.21,57.97
67.59,67.59,20.50,27.02,59.06
67.13,67.13,21.77,23.21,52.87
69.01,69.01,22.99,35.36,59.96
70.92,70.92,18.98,38.69,60.65
70.20,70.20,20.52,40.57,59.80
67.84,67.84,21.08,41.18,56.15
68.14,68.14,17.72,41.86,57.92
69.83,69.83,21.26,41.42,59.89
69.85,69.85,19.36,40.03,59.99
67.07,67.07,21.87,37.59,57.15
62.12,62.12,22.32,34.65,53.47
64.39,64.39,18.74,28.63,57.35
66.75,66.75,23.38,20.03,59.99
69.78,69.78,36.92,7.75,62.34
65.92,65.92,46.53,4.63,60.92
60.80,60.80,50.95,0.84,52.78
48.38,48.38,90.08,0.06,42.60
47.87,47.87,91.61,-0.00,38.11
58.96,58.96,91.04,0.09,48.54
62.45,62.45,91.64,6.49,51.04
61.62,61.62,84.46,18.48,47.10
61.43,61.43,85.42,25.70,49.96
60.62,60.62,81.42,31.89,50.78
61.00,61.00,82.44,37.44,54.00
61.57,61.57,81.02,38.77,51.04
63.72,63.72,76.42,40.02,55.61
66.25,66.25,75.19,39.04,57.84
68.10,68.10,69.49,42.46,60.76
64.27,64.27,68.71,43.04,52.51
66.81,66.81,61.62,47.25,60.54
70.81,70.81,58.56,47.51,64.55
70.22,70.22,48.95,45.03,64.41
69.92,69.92,27.92,39.42,63.74
69.39,69.39,22.37,28.93,62.16
67.65,67.65,23.37,22.46,62.62
70.18,70.18,21.60,33.32,63.61
67.92,67.92,22.30,37.88,60.11
67.67,67.67,20.93,38.99,62.87
67.06,67.06,18.63,40.05,65.67
66.82,66.82,21.29,41.19,64.98
65.23,65.23,23.26,41.07,59.52
69.38,69.38,26.33,40.37,62.56
64.15,64.15,27.42,38.31,59.92
65.48,65.48,27.30,34.59,59.95
65.68,65.68,27.47,29.42,58.94
65.31,65.31,28.24,19.45,61.40
65.35,65.35,41.64,4.43,61.88
62.54,62.54,50.14,0.41,62.23
61.24,61.24,63.56,0.01,59.77
46.70,46.70,92.77,-0.00,45.51
48.49,48.49,92.45,-0.00,42.50
56.83,56.83,91.08,0.72,49.23
61.37,61.37,87.78,3.88,50.02
61.05,61.05,86.84,13.23,51.09
60.04,60.04,82.51,21.58,53.85
59.40,59.40,82.65,24.61,55.28
61.82,61.82,81.11,26.70,58.77
60.98,60.98,76.16,26.59,52.76
63.17,63.17,75.92,34.24,58.34
64.46,64.46,69.74,31.88,55.48
64.45,64.45,68.95,40.75,55.19
63.03,63.03,62.59,47.13,58.63
63.03,63.03,58.56,47.51,64.41
63.02,63.02,49.39,45.71,63.34
66.26,66.26,33.95,43.26,61.99
65.66,65.66,25.89,36.82,54.51
66.99,66.99,23.96,21.17,60.60
66.64,66.64,26.21,28.61,59.49
66.82,66.82,27.24,36.61,60.18
67.65,67.65,24.16,38.91,63.46
66.42,66.42,20.84,41.03,65.92
66.50,66.50,21.58,41.42,68.36
63.66,63.66,28.62,41.57,59.95
65.71,65.71,29.87,41.34,59.30
62.04,62.04,28.50,40.20,56.44
60.87,60.87,31.27,37.74,57.61
62.48,62.48,32.17,33.93,59.36
63.94,63.94,27.37,28.10,65.80
66.82,66.82,36.28,15.49,68.07
65.50,65.50,50.16,4.28,67.71
59.91,59.91,55.32,10.23,59.65
54.30,54.30,74.57,12.66,49.09
45.24,45.24,91.96,6.12,41.19
50.08,50.08,92.07,7.03,44.44
58.13,58.13,90.24,28.33,48.49
59.64,59.64,89.58,31.72,47.73
58.80,58.80,84.09,32.25,48.59
58.90,58.90,82.35,33.58,51.28
58.90,58.90,83.10,38.05,52.80
58.80,58.80,80.16,42.95,52.49
58.80,58.80,79.63,41.63,49.81
57.80,57.80,74.19,44.99,48.56
62.24,62.24,73.48,42.62,55.05
63.19,63.19,67.66,41.67,57.31
65.04,65.04,64.46,49.18,60.26
66.47,66.47,59.94,46.89,64.16
66.11,66.11,51.96,33.12,64.91
64.59,64.59,46.55,33.19,63.62
62.64,62.64,71.74,20.60,59.13
60.88,60.88,82.94,5.49,55.68
61.61,61.61,82.15,10.12,53.18
63.03,63.03,80.40,9.57,53.24
63.89,63.89,77.89,13.46,56.97
61.82,61.82,73.45,28.13,58.08
62.83,62.83,73.87,39.85,58.68
60.25,60.25,68.71,45.25,51.26
60.18,60.18,69.16,47.31,57.68
56.90,56.90,64.16,45.54,51.26
56.79,56.79,61.32,37.65,53.88
56.50,56.50,57.84,36.55,52.34
59.25,59.25,51.31,29.50,61.67
59.82,59.82,46.32,37.35,62.26
58.87,58.87,48.32,40.86,61.29
54.57,54.57,55.06,50.90,49.87
49.38,49.38,83.73,60.82,39.17
44.86,44.86,92.46,66.55,32.13
48.46,48.46,91.32,76.94,45.05
57.32,57.32,88.36,69.82,51.44
57.86,57.86,87.87,76.53,49.24
57.87,57.87,85.45,79.68,49.07
57.63,57.63,81.55,72.89,49.45
57.26,57.26,74.76,78.86,48.14
57.16,57.16,71.18,79.75,51.08
59.92,59.92,67.05,76.85,52.92
59.48,59.48,58.44,78.56,52.14
58.58,58.58,55.48,74.51,48.46
60.88,60.88,50.38,82.70,50.37
60.97,60.97,40.13,74.64,51.14
62.45,62.45,35.20,82.16,54.93
64.03,64.03,32.82,75.33,59.01
63.04,63.04,32.81,78.63,57.49
58.26,58.26,34.21,81.53,48.64
58.66,58.66,30.32,71.57,46.55
60.71,60.71,29.62,81.66,53.68
63.24,63.24,33.00,72.29,52.82
62.54,62.54,32.03,80.99,55.86
60.35,60.35,27.86,71.79,56.81
59.97,59.97,29.55,77.93,54.66
57.61,57.61,31.47,80.07,50.16
56.94,56.94,33.44,70.13,53.44
50.37,50.37,28.99,81.38,48.24
51.97,51.97,31.34,72.69,48.94
51.30,51.30,30.02,79.56,50.78
53.28,53.28,31.69,73.02,56.39
53.49,53.49,40.36,77.56,56.60
51.20,51.20,52.51,78.97,54.56
47.29,47.29,55.42,70.16,41.62
43.55,43.55,91.62,79.21,35.26
43.50,43.50,91.40,68.36,35.46
48.37,48.37,91.03,73.97,42.64
55.35,55.35,90.42,67.85,47.30
57.13,57.13,85.79,70.05,47.81
56.53,56.53,84.18,76.54,48.43
57.11,57.11,75.79,69.30,47.82
55.76,55.76,71.46,72.04,48.46
56.14,56.14,71.11,75.43,50.37
56.43,56.43,67.12,77.03,49.53
58.84,58.84,64.35,69.80,53.20
58.97,58.97,56.24,77.40,54.43
59.72,59.72,47.49,77.66,54.34
60.80,60.80,43.51,70.48,58.12
59.35,59.35,36.34,78.87,54.64
59.46,59.46,31.93,72.76,51.31
59.33,59.33,28.66,75.65,55.22
58.40,58.40,22.63,73.66,54.92
59.50,59.50,23.93,76.17,56.38
60.86,60.86,25.13,75.30,55.61
60.24,60.24,24.28,70.63,52.99
60.77,60.77,22.11,78.32,52.52
58.74,58.74,22.73,71.79,52.57
57.58,57.58,24.30,75.02,50.49
55.85,55.85,27.01,74.04,50.21
50.76,50.76,26.09,74.90,48.18
44.18,44.18,27.43,74.01,45.26
46.03,46.03,28.30,71.07,44.73
46.60,46.60,22.55,74.16,47.59
47.42,47.42,29.28,71.69,52.07
46.97,46.97,41.64,73.43,51.34
42.00,42.00,49.16,75.10,45.73
41.76,41.76,62.08,71.31,39.93
41.75,41.75,92.87,70.65,34.42
42.55,42.55,90.86,67.86,36.74
51.70,51.70,92.26,69.04,47.10
56.06,56.06,87.17,64.39,50.63
55.35,55.35,85.71,65.09,50.34
55.76,55.76,82.00,68.18,48.86
55.52,55.52,82.06,69.96,54.37
56.90,56.90,76.49,68.39,57.29
58.81,58.81,75.59,66.62,57.73
62.06,62.06,73.58,69.62,63.83
60.75,60.75,65.52,69.58,62.10
57.31,57.31,62.01,69.71,59.14
56.82,56.82,56.08,75.21,59.25
58.97,58.97,51.62,71.20,61.35
62.94,62.94,39.82,70.83,63.49
65.69,65.69,39.25,69.84,67.11
58.84,58.84,31.68,70.11,59.50
62.01,62.01,23.28,70.54,64.47
65.00,65.00,27.78,71.08,66.79
61.60,61.60,26.26,73.17,62.77
64.25,64.25,25.53,71.48,64.19
62.28,62.28,23.56,70.05,63.17
61.35,61.35,25.53,69.63,64.19
61.99,61.99,31.84,69.69,63.69
62.69,62.69,30.27,69.51,64.49
63.35,63.35,25.12,70.33,65.42
62.67,62.67,28.70,72.08,63.41
64.36,64.36,23.84,71.56,66.14
63.88,63.88,26.49,69.77,65.36
60.43,60.43,30.65,69.14,62.29
62.24,62.24,44.10,68.70,62.86
61.32,61.32,57.55,66.78,60.62
56.73,56.73,76.94,69.40,54.35
47.34,47.34,92.69,66.75,42.06
49.26,49.26,92.10,62.50,44.96
54.34,54.34,89.96,64.71,50.70
54.49,54.49,88.94,61.82,49.70
55.26,55.26,81.79,58.98,53.52
55.81,55.81,84.89,58.08,52.32
54.81,54.81,82.14,67.49,51.18
57.25,57.25,77.68,65.55,56.97
58.41,58.41,76.85,68.05,59.56
60.18,60.18,71.64,70.22,60.36
59.74,59.74,67.58,64.73,61.96
62.08,62.08,59.72,65.66,61.86
63.83,63.83,59.66,70.09,63.56
62.08,62.08,50.20,67.50,61.67
62.20,62.20,36.47,69.38,61.62
64.59,64.59,41.15,70.24,64.92
63.48,63.48,30.60,68.31,64.00
60.46,60.46,31.73,66.01,63.30
62.63,62.63,31.55,64.43,63.99
63.72,63.72,21.06,63.61,63.37
63.38,63.38,15.80,62.62,63.29
61.05,61.05,20.91,60.25,59.59
63.90,63.90,20.58,64.44,63.59
62.94,62.94,14.78,56.97,62.94
62.44,62.44,14.76,57.47,61.64
62.47,62.47,16.82,53.49,63.27
63.07,63.07,15.63,52.49,62.97
60.72,60.72,17.25,52.12,62.46
62.95,62.95,26.71,49.17,64.35
62.38,62.38,39.45,52.88,61.15
62.39,62.39,45.93,43.79,61.78
60.08,60.08,49.92,44.70,59.53
50.10,50.10,86.62,35.18,46.47
46.53,46.53,91.88,40.13,44.35
49.64,49.64,91.42,38.83,46.41
52.46,52.46,91.64,37.95,49.59
54.52,54.52,84.74,34.43,51.50
54.95,54.95,85.35,33.11,53.57
56.12,56.12,82.57,45.56,54.16
55.04,55.04,78.44,45.92,54.92
55.25,55.25,78.09,44.38,53.46
56.30,56.30,72.50,34.73,56.08
61.14,61.14,71.51,36.70,63.01
61.35,61.35,65.06,47.19,65.01
62.58,62.58,62.44,46.01,64.49
60.66,60.66,54.97,47.26,60.71
62.63,62.63,44.48,48.83,62.46
61.74,61.74,26.47,44.37,65.62
66.20,66.20,14.04,37.60,69.02
63.89,63.89,16.73,22.59,67.10
58.72,58.72,15.62,28.78,56.72
60.19,60.19,14.34,36.23,58.28
60.80,60.80,14.95,39.63,61.51
66.35,66.35,14.42,41.56,66.32
64.03,64.03,11.76,42.07,64.02
62.02,62.02,14.15,41.19,59.54
60.49,60.49,11.97,40.15,59.83
60.53,60.53,13.78,38.94,62.73
64.40,64.40,13.72,36.75,67.10
63.93,63.93,16.13,33.35,66.98
61.74,61.74,17.35,23.06,64.51
59.82,59.82,21.12,12.82,56.60
63.58,63.58,30.33,20.12,62.29
65.11,65.11,42.94,13.20,67.41
59.68,59.68,59.09,4.21,61.48
45.79,45.79,91.85,15.78,42.39
42.39,42.39,92.70,17.05,41.20
49.23,49.23,90.99,27.85,46.73
51.78,51.78,88.52,34.84,50.85
51.36,51.36,86.68,30.48,51.33
53.72,53.72,83.85,33.95,53.05
55.04,55.04,81.49,37.81,54.36
56.44,56.44,81.64,38.00,56.83
56.11,56.11,76.40,37.38,55.60
59.27,59.27,76.13,37.56,60.72
62.02,62.02,70.32,37.24,64.14
61.97,61.97,68.33,49.30,63.03
60.79,60.79,63.69,51.21,62.03
62.82,62.82,56.49,49.00,63.51
61.81,61.81,50.54,47.12,62.62
64.58,64.58,31.80,46.97,65.55
63.81,63.81,15.48,42.70,63.55
62.80,62.80,15.40,36.20,63.22
61.19,61.19,17.39,21.19,62.42
61.00,61.00,16.56,33.91,61.48
62.77,62.77,18.03,38.62,63.54
65.19,65.19,14.60,40.92,64.64
62.94,62.94,14.70,42.49,63.48
64.25,64.25,15.76,42.59,64.40
60.70,60.70,18.95,41.72,60.82
64.83,64.83,19.89,39.90,65.63
62.99,62.99,17.71,37.66,63.55
62.64,62.64,19.05,32.99,63.16
60.80,60.80,19.51,27.68,60.61
61.85,61.85,26.91,11.77,62.01
63.52,63.52,40.38,9.34,63.79
62.75,62.75,52.10,5.30,63.21
59.24,59.24,71.08,20.96,57.70
47.56,47.56,92.69,16.55,46.36
46.93,46.93,91.31,20.74,44.22
51.02,51.02,92.03,32.72,50.42
52.98,52.98,88.16,31.86,52.24
52.67,52.67,85.41,29.71,51.50
51.59,51.59,81.38,37.36,51.69
56.48,56.48,83.76,44.01,56.94
58.18,58.18,80.83,41.84,59.29
53.07,53.07,81.69,45.60,52.73
57.64,57.64,77.65,44.96,59.25
60.66,60.66,74.00,50.26,62.44
64.97,64.97,71.65,45.42,67.65
61.74,61.74,65.76,50.57,65.05
60.22,60.22,64.14,45.56,62.70
60.52,60.52,56.09,37.36,62.85
61.29,61.29,50.97,41.25,63.24
63.73,63.73,32.27,38.99,65.92
62.39,62.39,17.37,28.64,66.22
61.45,61.45,16.03,18.69,64.28
60.10,60.10,17.36,36.27,61.97
63.43,63.43,15.90,40.58,65.70
63.08,63.08,14.90,42.99,64.55
67.10,67.10,19.70,43.63,68.67
61.71,61.71,23.94,44.31,63.33
60.97,60.97,23.79,43.85,62.83
65.14,65.14,22.02,42.48,68.09
65.50,65.50,23.64,40.54,68.89
64.70,64.70,23.42,38.27,67.36
60.65,60.65,23.86,33.62,61.98
60.38,60.38,30.46,24.26,62.27
60.35,60.35,48.01,10.95,59.88
64.88,64.88,56.73,3.35,62.60
54.90,54.90,82.19,2.46,55.88
47.91,47.91,92.64,0.27,43.82
48.35,48.35,91.85,-0.00,43.90
47.75,47.75,89.91,3.61,46.51
49.94,49.94,88.43,9.20,49.49
48.98,48.98,82.73,11.48,49.70
49.66,49.66,83.75,20.09,50.69
52.39,52.39,78.76,24.33,54.49
52.60,52.60,78.61,26.75,55.16
55.74,55.74,74.86,27.33,59.52
54.85,54.85,70.35,32.66,59.28
52.61,52.61,68.56,39.27,56.82
56.78,56.78,61.58,46.34,60.55
52.25,52.25,58.99,45.24,56.03
53.62,53.62,50.09,41.05,56.16
55.09,55.09,41.17,28.83,58.12
60.10,60.10,59.29,20.69,63.46
57.73,57.73,85.29,1.70,59.42
54.87,54.87,83.38,-0.00,57.17
50.61,50.61,84.24,2.24,52.65
55.52,55.52,79.99,13.75,55.85
54.93,54.93,78.41,22.46,55.69
56.46,56.46,73.38,26.97,56.88
61.66,61.66,74.94,32.92,62.93
59.25,59.25,70.68,40.50,61.67
59.37,59.37,67.06,39.15,62.26
60.63,60.63,65.31,33.83,62.27
60.98,60.98,59.51,31.94,63.69
58.15,58.15,57.99,25.20,60.97
54.70,54.70,50.59,34.42,57.20
55.91,55.91,46.21,30.81,56.61
56.17,56.17,48.00,19.32,55.76
58.91,58.91,55.63,2.51,60.53
47.57,47.57,90.24,-0.00,46.45
42.57,42.57,91.61,-0.00,38.71
43.88,43.88,90.94,2.28,42.83
49.10,49.10,91.62,8.66,50.13
48.83,48.83,84.47,8.73,49.13
49.36,49.36,85.32,14.63,49.27
51.84,51.84,80.91,21.73,53.04
54.32,54.32,79.73,25.04,56.63
55.46,55.46,77.38,28.00,58.47
56.29,56.29,72.70,28.59,61.04
59.99,59.99,71.18,29.04,63.06
52.58,52.58,65.02,35.47,56.31
60.44,60.44,63.18,40.51,65.00
61.44,61.44,54.48,42.28,66.06
59.38,59.38,45.72,43.47,65.28
62.66,62.66,22.33,41.64,67.78
60.16,60.16,22.62,38.01,63.53
50.70,50.70,19.87,32.10,56.69
49.74,49.74,19.28,18.18,51.65
50.39,50.39,16.56,31.51,51.61
54.44,54.44,17.85,35.91,57.00
56.36,56.36,19.64,37.71,58.25
56.27,56.27,18.70,38.79,58.42
56.61,56.61,21.15,38.67,58.55
55.65,55.65,24.07,37.96,57.27
55.89,55.89,25.41,36.94,58.25
57.25,57.25,25.82,34.66,58.98
54.18,54.18,23.51,30.72,57.01
52.47,52.47,23.58,23.98,55.06
50.84,50.84,29.93,11.94,51.54
51.10,51.10,38.41,4.80,50.92
49.74,49.74,49.08,2.49,49.98
49.43,49.43,62.63,0.12,49.37
43.07,43.07,92.78,-0.00,40.19
41.24,41.24,92.44,-0.00,33.92
44.40,44.40,91.11,0.19,44.25
48.12,48.12,87.85,4.00,48.93
46.46,46.46,86.87,15.22,47.81
47.45,47.45,82.41,23.33,49.14
49.29,49.29,82.66,28.34,50.54
48.42,48.42,81.14,31.25,51.26
46.99,46.99,76.15,29.57,53.01
47.42,47.42,75.92,29.61,50.77
49.76,49.76,69.79,32.06,55.03
53.79,53.79,69.03,38.39,58.27
57.13,57.13,62.70,44.27,59.96
49.43,49.43,58.96,45.91,52.32
47.92,47.92,50.44,44.08,51.53
49.86,49.86,32.99,43.21,53.50
54.85,54.85,23.01,39.35,57.58
54.62,54.62,17.49,30.50,58.03
51.57,51.57,20.15,23.65,56.44
53.55,53.55,20.77,37.09,57.34
51.16,51.16,21.60,40.84,53.13
51.80,51.80,21.70,42.44,53.29
52.72,52.72,26.84,42.90,54.72
49.90,49.90,27.16,42.89,52.33
46.53,46.53,25.74,41.99,47.46
50.04,50.04,25.30,40.02,52.08
52.68,52.68,25.96,37.38,53.46
48.18,48.18,23.34,33.24,50.52
46.49,46.49,23.03,26.28,47.95
45.44,45.44,28.96,12.63,47.02
38.94,38.94,41.16,0.49,48.26
28.41,28.41,48.90,-0.00,47.24
18.80,18.80,72.85,-0.00,45.57
23.52,23.52,91.93,-0.00,34.70
37.30,37.30,92.06,-0.00,34.91
46.46,46.46,90.18,2.50,45.22
46.93,46.93,89.55,7.23,46.77
45.79,45.79,84.08,14.71,47.96
45.93,45.93,82.36,20.35,47.66
46.88,46.88,82.91,26.51,48.15
53.76,53.76,78.65,26.22,57.59
56.71,56.71,77.91,27.59,61.82
59.77,59.77,72.45,31.19,65.57
59.96,59.96,71.60,30.69,64.78
58.77,58.77,65.75,38.86,64.03
58.10,58.10,62.83,44.89,62.31
61.62,61.62,57.71,46.34,66.71
62.75,62.75,46.14,43.69,66.73
58.71,58.71,24.64,41.86,62.71
62.10,62.10,17.15,36.77,66.62
61.61,61.61,16.76,23.39,65.52
60.06,60.06,18.13,30.16,63.47
61.79,61.79,17.81,36.18,65.43
58.65,58.65,19.47,39.03,62.58
61.32,61.32,19.41,39.99,64.73
61.84,61.84,22.98,39.94,64.90
61.72,61.72,24.60,40.01,63.90
62.69,62.69,23.71,40.24,66.44
61.59,61.59,25.05,38.58,64.63
61.51,61.51,25.06,36.02,64.57
61.64,61.64,25.65,31.84,65.33
60.77,60.77,25.59,25.20,64.34
60.54,60.54,32.81,13.66,64.75
60.76,60.76,49.69,3.23,62.47
55.20,55.20,51.44,1.45,56.68
48.19,48.19,82.69,-0.00,46.77
37.78,37.78,92.40,-0.00,32.03
39.38,39.38,91.72,2.64,37.74
47.31,47.31,90.24,7.80,47.97
45.39,45.39,86.77,15.20,47.54
43.72,43.72,83.72,28.27,48.07
45.46,45.46,83.47,35.36,48.05
49.25,49.25,80.59,38.32,52.82
51.60,51.60,83.32,40.97,56.54
54.08,54.08,78.61,40.06,57.43
56.70,56.70,77.69,35.92,59.11
57.91,57.91,74.21,38.71,59.57
56.34,56.34,69.63,38.99,58.52
55.92,55.92,67.51,42.34,58.02
61.11,61.11,60.85,46.94,60.79
61.00,61.00,57.86,46.53,62.50
57.91,57.91,46.15,40.12,57.66
59.97,59.97,29.42,36.84,60.21
60.84,60.84,20.82,23.63,62.68
60.90,60.90,20.95,26.57,62.88
60.01,60.01,18.61,36.68,60.76
60.20,60.20,20.12,40.22,61.81
59.47,59.47,23.84,42.36,61.35
60.22,60.22,19.64,42.71,60.85
60.66,60.66,19.36,42.35,61.11
60.27,60.27,19.26,40.93,61.44
60.51,60.51,19.11,39.11,61.05
60.47,60.47,21.56,36.91,61.00
59.54,59.54,20.82,31.61,60.37
60.21,60.21,24.20,21.85,61.17
60.33,60.33,40.40,6.71,61.04
60.01,60.01,49.94,0.33,61.42
57.99,57.99,53.97,-0.00,56.07
48.14,48.14,91.83,-0.00,43.85
42.92,42.92,91.83,-0.00,39.73
45.01,45.01,90.92,2.24,44.21
46.24,46.24,90.65,10.10,48.42
47.25,47.25,85.03,7.62,49.56
47.79,47.79,84.74,11.64,50.03
50.20,50.20,80.53,14.02,50.76
53.19,53.19,80.18,17.07,52.65
55.56,55.56,75.98,22.22,55.33
55.27,55.27,73.66,25.62,54.92
57.67,57.67,70.34,30.57,56.51
58.44,58.44,65.18,39.33,59.92
58.56,58.56,62.52,43.76,60.39
58.04,58.04,53.37,43.66,58.74
59.29,59.29,43.12,43.61,57.80
61.51,61.51,19.52,40.74,61.45
60.74,60.74,19.26,32.09,60.38
62.05,62.05,20.17,21.84,61.61
60.98,60.98,20.02,28.76,61.26
58.11,58.11,21.68,36.18,59.00
56.31,56.31,20.60,39.90,59.71
56.52,56.52,20.51,41.10,58.79
60.04,60.04,24.07,41.22,59.74
60.44,60.44,21.40,40.65,61.15
59.26,59.26,22.57,39.95,58.74
61.56,61.56,24.56,38.49,60.05
60.05,60.05,23.54,35.10,59.72
60.04,60.04,22.46,31.21,60.37
57.93,57.93,21.51,23.65,58.54
58.58,58.58,27.42,11.78,58.62
60.09,60.09,39.49,3.61,58.39
59.83,59.83,49.27,0.81,58.64
55.97,55.97,66.12,0.00,53.50
47.43,47.43,92.97,-0.00,42.56
44.68,44.68,91.20,0.01,41.92
45.62,45.62,91.94,5.81,46.56
47.11,47.11,87.80,12.82,47.06
46.07,46.07,86.28,26.50,47.84
49.25,49.25,81.24,32.43,48.76
51.44,51.44,83.87,35.09,49.52
53.12,53.12,81.74,33.35,51.43
54.87,54.87,78.75,35.15,53.31
55.66,55.66,77.22,33.92,55.16
57.15,57.15,72.00,33.74,56.67
58.79,58.79,70.77,38.75,57.58
60.32,60.32,64.60,41.89,57.60
59.23,59.23,62.67,46.06,57.70
60.45,60.45,53.79,42.90,59.44
61.50,61.50,45.28,44.14,60.39
61.35,61.35,21.55,37.10,59.25
61.73,61.73,20.14,24.30,59.95
60.73,60.73,20.27,23.87,57.98
60.86,60.86,22.19,36.12,60.23
60.97,60.97,19.71,40.22,58.07
61.47,61.47,22.00,42.66,59.34
61.44,61.44,19.63,42.79,60.79
60.10,60.10,20.11,41.73,59.01
59.62,59.62,24.86,40.37,58.71
60.96,60.96,22.13,38.76,59.14
59.71,59.71,21.46,36.73,58.98
59.45,59.45,22.36,32.85,58.26
59.28,59.28,22.45,27.00,58.11
59.57,59.57,30.65,12.62,56.53
60.01,60.01,41.09,0.96,56.67
61.02,61.02,50.17,-0.00,57.10
57.18,57.18,76.54,-0.00,50.45
50.77,50.77,92.70,-0.00,41.33
46.85,46.85,92.07,3.21,41.96
45.40,45.40,89.79,16.23,44.55
46.50,46.50,89.45,18.22,44.48
47.25,47.25,82.55,12.54,45.70
51.14,51.14,83.81,14.99,50.00
54.56,54.56,82.09,27.75,52.33
56.96,56.96,78.88,24.47,55.01
55.29,55.29,77.52,27.91,53.81
55.69,55.69,72.09,28.35,55.36
56.74,56.74,71.52,31.74,54.90
53.53,53.53,64.63,41.86,54.38
56.04,56.04,63.09,46.06,57.80
58.24,58.24,55.83,47.48,56.69
59.10,59.10,45.77,43.47,57.93
61.17,61.17,26.59,41.80,59.74
65.04,65.04,20.36,35.24,62.08
63.89,63.89,16.39,23.92,61.76
62.13,62.13,17.58,35.04,59.90
58.15,58.15,18.80,40.02,56.63
58.79,58.79,19.84,42.43,56.73
63.05,63.05,18.09,42.95,60.82
63.45,63.45,22.74,43.06,61.49
62.44,62.44,24.63,42.20,60.28
57.72,57.72,29.16,40.05,58.70
54.84,54.84,24.31,40.42,56.24
57.87,57.87,23.42,37.44,58.10
56.39,56.39,23.03,33.31,55.97
56.13,56.13,29.96,26.58,57.02
54.35,54.35,39.82,11.39,55.20
51.05,51.05,51.55,11.00,55.41
39.34,39.34,58.05,5.34,52.40
36.02,36.02,86.84,11.02,44.84
40.97,40.97,91.85,5.88,38.46
40.63,40.63,91.42,25.71,37.85
39.17,39.17,91.60,27.35,39.48
39.65,39.65,84.70,27.40,37.49
41.72,41.72,85.36,30.34,40.20
47.28,47.28,82.94,36.70,43.83
49.19,49.19,80.89,32.56,47.87
50.02,50.02,81.67,37.16,51.30
50.72,50.72,76.36,29.36,50.98
50.75,50.75,75.79,33.80,53.75
47.95,47.95,70.23,37.27,51.78
44.02,44.02,68.59,45.87,54.95
46.78,46.78,63.48,47.09,55.47
52.21,52.21,57.80,47.82,55.32
45.17,45.17,52.80,38.25,55.85
31.82,31.82,54.17,21.16,56.03
17.94,17.94,78.67,8.90,51.84
20.74,20.74,90.84,3.01,47.05
29.70,29.70,90.00,12.23,43.30
36.05,36.05,87.99,20.10,36.87
41.26,41.26,86.49,24.14,41.16
49.23,49.23,80.93,26.60,47.49
48.72,48.72,81.81,36.75,49.28
46.91,46.91,76.76,38.26,50.09
43.80,43.80,76.72,38.77,49.48
41.05,41.05,72.96,34.06,51.66
43.18,43.18,68.42,23.36,52.11
43.45,43.45,66.74,39.69,51.59
43.11,43.11,59.94,44.19,54.91
39.13,39.13,53.86,42.37,54.38
35.00,35.00,52.34,47.17,51.68
38.12,38.12,61.03,52.19,42.68
47.27,47.27,91.55,61.51,32.39
50.42,50.42,92.70,69.83,36.91
68.03,68.03,88.92,78.41,36.33
76.35,76.35,85.68,73.81,37.93
74.48,74.48,85.75,80.75,34.04
73.57,73.57,83.92,83.53,37.73
74.54,74.54,78.07,76.35,40.68
74.81,74.81,76.90,80.41,42.45
75.67,75.67,71.42,80.55,43.11
76.25,76.25,63.32,78.75,39.11
77.98,77.98,52.60,72.23,39.02
78.08,78.08,46.01,81.39,38.51
78.43,78.43,39.68,83.26,40.41
77.88,77.88,37.08,72.27,44.58
78.80,78.80,35.47,80.48,43.75
78.77,78.77,30.96,78.65,43.59
77.79,77.79,23.02,80.05,44.07
77.28,77.28,27.37,71.95,43.29
77.89,77.89,23.55,81.65,42.43
78.07,78.07,24.41,78.38,41.34
78.47,78.47,21.67,77.75,39.58
77.77,77.77,19.69,85.11,42.45
77.88,77.88,23.16,77.56,46.08
74.79,74.79,17.95,82.04,46.81
70.63,70.63,19.17,72.98,46.53
66.02,66.02,19.44,78.46,45.42
54.25,54.25,19.95,79.09,42.44
49.40,49.40,16.03,70.62,40.83
47.10,47.10,22.75,81.35,43.04
47.33,47.33,35.35,73.10,46.17
47.13,47.13,43.22,78.36,43.67
46.50,46.50,52.29,70.79,37.04
50.07,50.07,71.32,78.52,30.93
48.76,48.76,92.41,76.08,28.86
56.31,56.31,90.73,72.25,31.63
65.19,65.19,91.27,80.42,32.08
75.87,75.87,86.80,72.99,29.60
73.53,73.53,84.95,76.18,26.78
73.87,73.87,80.85,70.75,27.64
73.50,73.50,77.85,66.78,31.37
74.32,74.32,70.81,69.65,34.06
74.67,74.67,66.57,77.42,32.35
76.08,76.08,59.68,80.60,30.75
77.28,77.28,52.98,69.50,31.69
77.68,77.68,46.12,76.84,29.64
77.52,77.52,35.99,75.24,34.53
78.04,78.04,31.40,75.97,35.84
78.32,78.32,25.29,75.75,36.90
78.26,78.26,19.12,71.71,34.44
76.81,76.81,18.24,78.81,34.42
76.44,76.44,14.07,72.07,33.72
77.18,77.18,12.40,75.51,34.91
77.56,77.56,15.43,73.80,32.91
77.47,77.47,9.94,76.37,34.27
77.45,77.45,8.82,74.33,35.70
76.41,76.41,10.48,71.41,37.05
72.52,72.52,9.47,77.84,39.12
69.28,69.28,12.75,71.00,40.05
62.56,62.56,12.33,74.52,38.78
50.78,50.78,12.27,75.29,33.88
44.38,44.38,10.09,73.26,33.40
44.01,44.01,13.96,72.93,37.17
44.77,44.77,30.81,71.25,38.31
43.76,43.76,43.32,72.60,31.54
44.60,44.60,53.00,70.80,24.74
48.79,48.79,79.02,75.10,22.32
49.08,49.08,92.06,70.94,21.07
62.92,62.92,91.29,72.04,28.20
72.04,72.04,88.73,73.69,31.53
73.27,73.27,85.74,66.51,26.49
71.97,71.97,80.18,76.75,30.81
72.72,72.72,78.91,77.50,32.28
72.32,72.32,67.62,77.44,31.39
73.11,73.11,56.84,80.76,30.71
73.91,73.91,57.87,83.63,28.53
76.20,76.20,55.72,85.67,30.98
77.35,77.35,49.23,86.01,31.21
76.41,76.41,44.11,84.15,33.25
75.88,75.88,35.35,87.29,33.00
75.84,75.84,30.95,67.90,34.61
76.50,76.50,24.49,69.20,34.66
76.02,76.02,18.03,71.15,33.86
76.32,76.32,17.87,71.24,33.41
74.89,74.89,16.66,69.93,32.40
74.43,74.43,13.37,69.64,36.22
77.22,77.22,12.82,69.62,36.45
77.03,77.03,11.17,70.62,37.01
76.28,76.28,9.50,71.81,41.29
74.88,74.88,12.85,72.28,42.98
72.48,72.48,10.40,69.45,43.69
70.64,70.64,13.22,69.10,47.25
67.72,67.72,14.32,68.74,48.71
68.03,68.03,17.84,68.66,48.15
69.16,69.16,20.25,69.57,48.57
69.12,69.12,26.04,70.28,47.14
68.20,68.20,35.76,72.15,46.43
66.64,66.64,47.83,68.88,43.08
64.48,64.48,57.95,68.51,41.05
52.74,52.74,89.93,72.25,33.79
50.92,50.92,90.83,69.68,30.20
65.64,65.64,89.59,72.36,37.33
69.92,69.92,90.52,80.82,40.63
71.75,71.75,81.47,74.72,39.01
70.62,70.62,81.91,74.22,41.39
71.95,71.95,80.49,83.09,41.09
71.20,71.20,71.73,79.75,36.22
72.78,72.78,65.20,82.54,37.70
73.76,73.76,61.90,84.62,41.82
75.24,75.24,59.12,83.87,36.51
75.03,75.03,48.81,87.05,42.09
76.66,76.66,36.20,78.87,49.45
76.66,76.66,43.65,72.90,51.60
77.08,77.08,39.06,66.12,51.59
77.72,77.72,31.50,67.35,52.01
75.26,75.26,28.49,66.41,49.26
73.33,73.33,25.02,68.29,48.32
75.33,75.33,23.31,66.80,46.25
75.02,75.02,21.05,64.44,53.61
76.23,76.23,18.73,58.83,56.39
75.60,75.60,23.04,52.39,57.45
75.50,75.50,32.03,48.60,58.85
74.18,74.18,43.40,38.58,57.81
71.13,71.13,48.86,38.69,53.84
69.98,69.98,51.52,46.34,58.61
69.14,69.14,53.43,43.75,45.89
67.72,67.72,50.03,47.18,50.04
69.08,69.08,47.72,43.86,47.91
69.22,69.22,46.47,46.08,45.69
68.89,68.89,46.72,46.92,51.39
67.38,67.38,56.80,36.10,50.76
60.13,60.13,65.83,52.88,43.79
51.17,51.17,92.21,67.46,33.62
55.69,55.69,91.71,70.95,32.49
66.63,66.63,89.52,65.64,41.69
72.66,72.66,86.13,77.72,41.58
69.34,69.34,85.97,79.49,41.34
70.37,70.37,80.50,80.47,40.86
70.17,70.17,78.23,82.02,39.19
71.09,71.09,73.21,81.14,42.84
72.24,72.24,66.46,83.44,42.60
72.30,72.30,64.13,84.70,39.08
74.10,74.10,61.77,85.26,46.72
74.45,74.45,53.54,85.08,44.45
74.89,74.89,47.66,85.91,41.64
75.46,75.46,39.96,84.97,51.00
76.24,76.24,32.04,84.59,55.21
76.13,76.13,25.97,84.48,53.20
74.75,74.75,18.34,85.00,53.07
73.60,73.60,18.96,85.71,53.10
74.51,74.51,16.61,87.08,41.82
74.37,74.37,13.96,84.66,45.52
75.23,75.23,10.80,71.04,50.11
75.44,75.44,12.22,51.57,46.36
74.05,74.05,15.86,30.18,39.09
73.14,73.14,18.55,29.95,44.29
73.28,73.28,17.86,39.97,42.28
72.54,72.54,21.14,40.47,44.42
67.93,67.93,24.06,40.58,45.69
64.39,64.39,23.43,38.26,46.02
66.39,66.39,22.69,32.49,49.37
68.55,68.55,31.46,21.60,57.45
71.52,71.52,42.18,4.31,57.00
71.56,71.56,52.41,-0.00,55.50
61.84,61.84,72.53,-0.00,46.01
49.93,49.93,91.94,0.00,34.84
58.43,58.43,92.04,7.82,36.96
67.57,67.57,90.15,17.20,43.16
70.66,70.66,89.51,21.58,41.11
68.92,68.92,84.07,12.74,40.30
69.82,69.82,82.49,22.26,36.79
69.09,69.09,82.81,21.54,39.17
69.69,69.69,78.49,14.73,38.23
71.60,71.60,77.88,8.85,40.55
73.89,73.89,72.50,20.40,44.98
72.76,72.76,71.61,32.50,42.77
73.24,73.24,65.37,40.71,41.62
73.40,73.40,63.06,45.78,39.25
76.35,76.35,57.77,47.87,45.79
75.95,75.95,46.26,47.24,49.50
74.95,74.95,36.86,44.59,47.98
71.66,71.66,23.54,40.01,47.13
70.96,70.96,22.75,32.39,46.12
72.42,72.42,20.26,15.84,37.65
72.27,72.27,23.44,29.22,44.49
74.41,74.41,27.89,35.20,43.91
73.14,73.14,27.43,37.63,42.27
72.37,72.37,27.71,38.42,47.58
72.50,72.50,25.35,37.76,48.03
69.91,69.91,25.81,35.76,41.19
70.23,70.23,23.70,32.25,43.55
67.09,67.09,21.96,27.13,40.85
68.80,68.80,21.58,16.87,42.33
67.83,67.83,21.75,14.54,40.12
68.52,68.52,36.86,22.58,47.42
66.54,66.54,51.45,34.26,46.53
65.75,65.75,59.85,44.29,42.67
56.06,56.06,84.46,61.40,37.00
47.29,47.29,91.67,70.06,32.22
61.00,61.00,90.73,71.11,39.89
68.44,68.44,87.79,69.82,45.41
68.59,68.59,86.56,73.61,40.54
68.08,68.08,82.95,78.41,41.61
68.47,68.47,82.39,82.07,43.63
68.72,68.72,77.10,81.95,43.09
66.71,66.71,76.48,78.29,38.76
69.69,69.69,72.19,81.28,39.06
71.00,71.00,64.14,84.63,38.53
71.38,71.38,64.88,86.15,36.19
73.38,73.38,54.05,77.32,37.78
74.26,74.26,51.60,67.30,35.93
75.34,75.34,47.83,58.76,43.35
76.36,76.36,47.50,56.38,44.38
77.38,77.38,39.81,46.78,44.55
74.79,74.79,28.50,48.27,45.64
72.29,72.29,28.68,57.09,45.66
71.14,71.14,31.61,85.85,38.25
72.86,72.86,28.70,84.30,46.64
74.39,74.39,23.08,84.28,48.32
72.19,72.19,15.44,86.63,46.35
72.34,72.34,11.87,84.76,47.77
68.35,68.35,13.00,86.95,44.43
69.12,69.12,17.63,84.97,44.82
64.53,64.53,19.96,85.56,39.56
66.44,66.44,24.48,87.28,47.46
65.92,65.92,28.66,82.94,49.03
63.28,63.28,32.51,61.35,49.74
68.46,68.46,46.05,51.31,50.26
68.39,68.39,56.04,45.92,48.84
64.36,64.36,61.53,50.68,45.36
47.82,47.82,91.45,64.58,34.39
48.04,48.04,91.21,68.54,32.21
62.58,62.58,89.83,67.76,39.50
68.63,68.63,88.62,66.14,45.06
67.31,67.31,84.08,70.73,42.70
67.73,67.73,84.20,81.14,39.80
67.61,67.61,77.92,80.54,40.85
67.49,67.49,75.40,80.66,43.24
66.18,66.18,68.37,79.91,38.51
69.54,69.54,59.34,83.67,38.46
69.80,69.80,59.28,86.31,43.44
71.05,71.05,56.12,82.72,38.85
69.97,69.97,41.40,67.19,35.57
71.03,71.03,36.79,51.56,38.33
70.45,70.45,45.41,44.21,38.37
71.19,71.19,53.61,48.89,39.46
70.40,70.40,76.68,60.01,38.57
68.75,68.75,88.28,70.61,33.16
68.84,68.84,85.84,69.55,34.78
70.42,70.42,85.20,77.84,39.61
71.25,71.25,85.14,82.93,37.56
70.93,70.93,78.89,81.41,42.14
69.97,69.97,80.19,84.77,45.10
68.01,68.01,74.95,84.58,44.41
66.57,66.57,73.85,84.54,41.87
61.02,61.02,69.41,87.00,44.41
58.13,58.13,64.20,85.33,43.46
60.83,60.83,61.39,86.81,48.44
58.96,58.96,54.49,76.83,46.82
59.09,59.09,42.09,57.00,48.99
60.88,60.88,45.36,51.65,47.97
62.30,62.30,52.50,51.15,47.80
58.53,58.53,68.25,55.48,45.45
46.62,46.62,92.21,70.57,34.56
50.72,50.72,90.07,72.61,30.92
63.12,63.12,89.64,75.78,41.79
68.07,68.07,84.58,75.45,39.88
66.44,66.44,79.61,74.24,36.22
66.65,66.65,74.06,66.87,36.48
65.62,65.62,74.50,73.97,37.56
65.73,65.73,70.61,78.85,36.88
68.03,68.03,65.62,81.95,37.63
67.00,67.00,60.46,86.55,37.15
68.22,68.22,52.73,84.35,37.94
70.17,70.17,48.25,87.30,36.07
71.05,71.05,41.63,84.23,37.07
72.40,72.40,38.40,82.22,37.75
72.15,72.15,22.32,69.91,43.13
70.13,70.13,13.65,54.05,42.05
69.46,69.46,13.85,57.80,39.68
69.68,69.68,12.53,48.39,39.60
70.67,70.67,7.18,38.32,35.76
71.53,71.53,10.61,21.82,36.13
70.64,70.64,7.84,34.02,38.16
69.97,69.97,18.65,40.76,46.67
69.08,69.08,14.55,42.43,49.83
66.91,66.91,18.72,42.72,46.22
64.41,64.41,22.00,41.72,43.76
59.39,59.39,25.88,39.23,40.68
53.98,53.98,26.28,35.16,42.75
56.28,56.28,28.76,29.51,44.82
53.22,53.22,30.08,21.66,41.78
55.47,55.47,38.58,11.14,43.26
56.16,56.16,46.57,0.73,41.55
55.06,55.06,54.42,-0.00,37.79
48.94,48.94,77.00,-0.00,30.68
42.83,42.83,92.68,-0.00,24.91
53.97,53.97,92.03,4.32,32.34
64.04,64.04,89.73,13.92,43.94
66.29,66.29,89.41,16.18,39.33
65.69,65.69,82.52,8.69,34.20
65.50,65.50,83.83,22.31,36.19
64.46,64.46,82.08,19.53,34.54
64.56,64.56,78.92,9.40,36.99
67.18,67.18,77.46,5.10,37.99
67.20,67.20,72.13,14.92,34.88
68.03,68.03,71.56,28.28,36.13
67.67,67.67,64.67,38.45,33.58
69.93,69.93,63.44,44.04,32.89
70.29,70.29,56.53,45.91,34.51
70.87,70.87,45.76,44.11,33.23
71.40,71.40,34.10,39.74,35.01
68.41,68.41,26.70,32.84,35.73
66.18,66.18,16.85,17.49,35.10
67.97,67.97,26.79,28.57,36.04
69.67,69.67,26.08,34.70,36.41
69.16,69.16,23.65,37.98,40.46
68.29,68.29,20.52,39.87,46.59
66.88,66.88,19.94,40.35,47.65
65.20,65.20,19.66,39.31,43.06
62.38,62.38,18.39,36.88,44.11
52.76,52.76,18.35,33.32,39.66
49.99,49.99,20.76,28.91,41.13
50.65,50.65,20.59,23.25,43.47
46.43,46.43,20.77,14.62,39.09
49.91,49.91,34.35,23.43,42.09
48.77,48.77,44.77,36.92,40.56
46.85,46.85,53.15,48.42,37.62
45.36,45.36,86.04,61.41,33.76
41.68,41.68,91.18,69.98,27.88
57.20,57.20,90.45,73.17,39.32
64.23,64.23,89.84,75.50,46.16
65.09,65.09,83.78,74.42,42.11
64.48,64.48,83.20,78.15,45.63
64.85,64.85,81.80,84.24,47.83
63.99,63.99,77.07,83.17,49.11
65.78,65.78,74.62,86.64,50.25
63.16,63.16,67.90,85.82,47.83
63.42,63.42,59.85,84.24,46.60
68.78,68.78,42.14,86.29,51.87
70.37,70.37,42.76,83.31,51.90
71.30,71.30,36.94,82.63,51.69
72.31,72.31,25.32,70.18,54.64
72.70,72.70,15.81,56.08,55.07
68.61,68.61,21.08,57.28,53.57
68.29,68.29,17.30,47.12,48.81
71.49,71.49,17.00,36.14,54.76
68.01,68.01,17.52,23.04,52.17
70.57,70.57,16.55,35.27,56.65
68.34,68.34,16.02,38.54,58.84
68.49,68.49,20.60,40.73,59.43
67.29,67.29,20.76,40.77,59.32
66.67,66.67,25.06,39.90,56.32
64.62,64.62,28.32,38.01,59.81
63.68,63.68,29.12,34.75,57.82
65.14,65.14,30.22,29.28,58.18
63.78,63.78,28.68,21.67,58.25
64.55,64.55,31.21,12.84,58.22
62.92,62.92,38.45,3.15,58.08
62.77,62.77,50.10,-0.00,56.49
60.14,60.14,62.64,-0.00,52.35
47.82,47.82,91.88,-0.00,35.76
47.88,47.88,92.71,2.41,37.76
59.05,59.05,90.95,16.16,43.96
64.02,64.02,88.44,22.33,45.79
64.17,64.17,86.68,13.19,45.98
63.58,63.58,83.75,20.23,46.64
63.69,63.69,81.46,20.62,44.91
64.09,64.09,83.03,23.71,49.91
63.22,63.22,79.96,18.30,50.41
65.69,65.69,80.15,10.25,51.35
65.04,65.04,74.74,13.78,48.75
67.23,67.23,73.30,24.16,54.86
66.63,66.63,70.05,31.50,56.68
67.34,67.34,64.05,37.43,57.84
68.45,68.45,61.80,40.23,57.52
69.19,69.19,53.73,40.14,57.57
70.04,70.04,45.00,35.45,58.60
68.01,68.01,26.00,24.07,57.21
67.53,67.53,22.38,18.29,58.33
69.39,69.39,24.78,31.97,57.03
70.21,70.21,25.27,36.47,58.42
68.67,68.67,21.73,38.31,58.90
67.42,67.42,20.01,38.97,55.49
68.32,68.32,19.41,39.10,60.26
66.21,66.21,26.38,38.85,57.37
66.29,66.29,27.72,37.68,57.81
65.42,65.42,26.07,35.79,57.97
63.97,63.97,28.36,33.15,56.85
65.17,65.17,25.09,29.31,56.30
64.51,64.51,23.90,19.36,58.34
64.81,64.81,40.70,37.40,57.85
64.36,64.36,49.91,42.07,57.42
61.12,61.12,70.81,53.53,54.72
49.43,49.43,92.05,69.25,39.70
50.87,50.87,90.01,74.70,38.08
60.57,60.57,90.09,77.99,46.58
62.61,62.61,85.61,80.85,46.22
62.48,62.48,82.72,81.02,47.58
62.34,62.34,78.53,78.62,47.41
62.79,62.79,79.04,80.57,46.27
63.92,63.92,75.34,84.33,52.14
67.43,67.43,73.53,84.74,56.26
66.23,66.23,67.65,85.24,54.29
63.53,63.53,59.67,85.28,52.82
67.27,67.27,45.93,85.65,55.45
68.06,68.06,36.73,86.99,56.29
69.57,69.57,36.09,85.65,58.70
70.75,70.75,35.21,81.26,61.99
68.74,68.74,24.58,62.43,59.63
67.55,67.55,14.93,54.87,59.72
65.70,65.70,14.47,47.46,55.04
69.10,69.10,16.65,46.59,58.40
71.28,71.28,14.87,31.36,60.91
70.25,70.25,13.17,36.73,61.18
68.19,68.19,17.17,41.58,54.15
67.81,67.81,17.24,43.07,57.74
69.31,69.31,23.21,44.38,60.20
69.80,69.80,22.89,44.12,59.82
68.82,68.82,30.83,42.35,59.44
62.02,62.02,32.29,38.68,54.84
64.16,64.16,32.31,33.37,56.72
65.16,65.16,33.80,25.99,58.64
68.99,68.99,30.42,15.23,62.34
68.26,68.26,45.49,2.41,62.37
61.13,61.13,47.24,-0.00,53.99
53.65,53.65,79.14,-0.00,45.49
47.15,47.15,92.66,-0.00,34.77
54.88,54.88,91.89,4.23,43.50
61.09,61.09,89.89,11.98,50.82
62.14,62.14,88.39,13.31,47.85
61.28,61.28,82.76,5.00,46.07
61.38,61.38,83.87,15.19,49.92
61.49,61.49,80.99,14.44,50.39
62.23,62.23,82.05,6.94,50.39
63.53,63.53,78.50,8.59,55.76
64.27,64.27,74.46,6.96,58.04
68.02,68.02,73.15,12.08,62.65
65.24,65.24,67.22,21.46,57.48
65.31,65.31,65.53,29.58,56.97
69.34,69.34,58.98,34.04,62.97
70.27,70.27,53.34,36.07,64.93
69.78,69.78,33.85,34.35,64.40
69.41,69.41,26.87,28.32,62.65
67.76,67.76,19.39,14.82,62.58
69.38,69.38,20.95,25.73,63.59
68.94,68.94,28.39,31.59,59.21
69.24,69.24,23.00,33.44,62.27
67.30,67.30,25.88,34.66,62.95
67.28,67.28,28.25,35.75,62.44
67.39,67.39,28.18,36.02,62.25
67.04,67.04,30.32,35.40,59.29
64.99,64.99,30.78,33.65,60.23
64.36,64.36,27.54,31.36,59.09
67.98,67.98,25.12,28.20,61.68
65.07,65.07,23.57,20.38,59.45
65.17,65.17,37.40,23.43,59.01
64.08,64.08,49.65,39.20,61.68
63.63,63.63,53.09,45.97,60.54
52.78,52.78,89.75,64.61,47.91
47.57,47.57,90.71,70.80,38.90
54.48,54.48,89.69,74.08,44.83
59.33,59.33,89.56,77.09,47.22
59.79,59.79,82.72,80.43,49.54
59.37,59.37,83.45,81.05,49.59
61.04,61.04,78.95,81.73,54.11
60.80,60.80,77.94,81.18,55.97
61.68,61.68,76.38,82.89,52.63
62.75,62.75,72.01,84.78,57.36
63.74,63.74,70.68,85.50,58.75
65.05,65.05,61.79,86.34,55.62
61.91,61.91,55.31,74.14,52.52
63.65,63.65,50.13,63.46,60.86
64.15,64.15,47.09,55.91,60.61
66.89,66.89,36.84,57.97,60.42
64.31,64.31,21.67,51.55,55.61
66.63,66.63,13.57,48.71,59.99
67.03,67.03,11.13,41.66,60.23
67.08,67.08,14.33,45.07,60.65
66.21,66.21,19.91,63.90,57.61
67.15,67.15,14.60,84.68,63.85
67.82,67.82,10.12,86.87,65.03
65.23,65.23,12.18,86.20,60.68
65.44,65.44,11.27,85.98,56.23
64.90,64.90,9.79,87.07,56.58
61.89,61.89,10.84,84.75,53.84
63.00,63.00,10.25,87.49,56.51
65.13,65.13,22.57,86.03,60.57
67.62,67.62,48.15,87.57,64.97
68.03,68.03,54.56,82.35,66.11
64.78,64.78,55.54,56.83,61.30
57.92,57.92,62.42,54.92,49.73
49.04,49.04,92.20,69.21,42.53
47.84,47.84,91.36,73.73,39.36
54.15,54.15,89.88,72.92,44.52
59.42,59.42,85.96,63.41,49.03
58.44,58.44,86.07,68.40,50.47
57.50,57.50,82.02,79.61,49.52
59.70,59.70,82.06,82.33,52.86
58.50,58.50,79.22,80.81,51.68
58.84,58.84,73.28,80.42,50.85
57.92,57.92,71.04,82.05,49.60
59.74,59.74,66.60,86.32,53.05
63.11,63.11,64.57,86.55,57.90
63.82,63.82,61.09,84.55,58.92
67.34,67.34,46.84,74.01,63.50
67.25,67.25,41.65,59.92,64.02
66.55,66.55,49.24,47.08,63.47
63.44,63.44,65.94,60.61,60.24
61.09,61.09,68.04,60.57,56.36
61.30,61.30,63.29,69.30,55.46
62.73,62.73,57.23,76.71,51.41
63.22,63.22,38.67,78.34,53.22
63.07,63.07,31.11,75.18,54.41
62.99,62.99,29.18,85.25,56.05
60.06,60.06,20.79,84.01,50.77
60.63,60.63,18.85,87.14,53.79
57.99,57.99,21.35,83.53,50.57
56.50,56.50,16.27,86.14,52.30
57.16,57.16,10.69,85.45,51.23
60.33,60.33,20.92,85.20,58.47
61.75,61.75,38.37,86.32,61.50
61.94,61.94,50.09,83.62,60.07
57.04,57.04,60.60,87.31,51.66
50.71,50.71,77.13,80.75,40.50
42.87,42.87,91.44,73.93,33.09
46.28,46.28,90.98,73.60,36.85
55.16,55.16,88.46,76.61,46.22
58.25,58.25,87.72,77.91,50.08
57.01,57.01,83.09,80.58,51.19
58.00,58.00,80.97,80.30,50.76
56.60,56.60,78.96,81.99,50.26
56.81,56.81,75.79,84.38,50.12
58.57,58.57,72.94,81.29,54.65
58.45,58.45,63.33,83.89,54.94
57.33,57.33,55.72,82.31,52.43
58.04,58.04,53.28,83.56,52.72
58.87,58.87,44.56,87.27,53.78
60.65,60.65,35.77,84.37,57.03
63.22,63.22,35.87,85.64,60.24
63.20,63.20,31.92,86.07,60.76
57.47,57.47,23.60,84.54,53.57
57.44,57.44,23.75,87.69,50.60
58.48,58.48,23.34,85.09,53.91
61.78,61.78,21.66,84.47,53.64
62.11,62.11,19.78,86.92,55.30
61.13,61.13,17.38,84.31,55.84
60.08,60.08,23.13,86.17,55.90
57.99,57.99,27.16,84.04,50.26
57.18,57.18,31.93,66.40,53.37
51.43,51.43,29.99,62.61,47.82
50.09,50.09,33.46,45.85,46.89
51.60,51.60,33.57,38.89,47.80
55.27,55.27,31.46,27.63,56.07
55.36,55.36,40.67,27.23,55.63
53.73,53.73,48.65,13.83,54.93
46.82,46.82,50.09,2.49,43.77
41.69,41.69,83.53,1.90,36.31
37.74,37.74,92.43,-0.00,30.43
45.93,45.93,91.71,0.07,39.25
55.77,55.77,90.24,3.28,49.25
56.71,56.71,86.75,0.94,50.05
55.53,55.53,83.81,4.13,50.24
55.57,55.57,83.30,11.00,48.13
56.17,56.17,78.40,9.00,50.49
54.81,54.81,78.74,6.41,50.04
54.84,54.84,73.12,11.16,52.78
56.44,56.44,71.89,8.25,54.12
58.16,58.16,68.19,18.78,56.90
57.87,57.87,62.11,23.13,55.54
59.96,59.96,58.02,24.82,58.49
58.71,58.71,48.58,31.02,57.08
57.62,57.62,35.96,28.80,53.46
57.54,57.54,29.03,24.46,56.24
58.11,58.11,22.75,11.24,56.04
58.35,58.35,27.57,16.38,56.37
59.72,59.72,29.65,25.16,56.25
61.57,61.57,30.75,29.39,53.42
60.28,60.28,29.76,32.14,51.24
59.05,59.05,30.49,33.93,52.76
57.82,57.82,29.78,34.20,50.60
57.05,57.05,30.82,33.35,49.22
53.87,53.87,32.47,31.52,48.64
46.08,46.08,31.74,28.66,43.16
46.71,46.71,31.91,24.12,42.73
48.11,48.11,29.08,17.39,43.74
49.98,49.98,28.52,7.90,50.22
48.94,48.94,37.71,0.12,49.55
46.88,46.88,46.01,-0.00,46.88
40.86,40.86,48.97,-0.00,38.41
40.68,40.68,91.95,-0.00,32.23
39.40,39.40,91.81,-0.00,29.94
48.70,48.70,90.93,-0.00,41.46
55.73,55.73,90.58,3.16,50.83
54.82,54.82,85.05,2.53,49.81
55.53,55.53,84.68,0.72,49.89
55.41,55.41,80.51,3.28,51.91
56.88,56.88,80.29,8.26,56.65
55.86,55.86,75.95,10.54,56.68
61.12,61.12,73.94,13.86,63.56
61.20,61.20,70.36,16.44,63.95
56.25,56.25,65.54,19.86,59.52
54.88,54.88,62.94,22.16,61.23
58.08,58.08,53.13,25.72,59.89
61.31,61.31,43.90,28.72,62.74
65.90,65.90,37.04,29.72,67.31
59.80,59.80,33.35,26.23,59.75
60.45,60.45,23.53,18.29,64.45
64.61,64.61,17.91,12.63,66.66
61.84,61.84,26.49,21.62,63.99
63.30,63.30,27.69,26.87,64.69
62.70,62.70,26.73,29.98,64.33
62.01,62.01,26.60,31.53,64.41
61.63,61.63,26.40,31.32,64.15
60.48,60.48,24.38,29.69,63.97
63.48,63.48,25.47,28.95,66.34
62.03,62.03,26.71,26.65,63.91
63.21,63.21,24.71,22.42,65.42
64.40,64.40,25.33,15.25,66.09
60.54,60.54,30.28,6.11,63.18
61.42,61.42,38.84,1.22,63.38
61.92,61.92,54.35,-0.00,61.31
58.89,58.89,68.31,-0.00,57.99
46.73,46.73,92.97,-0.00,43.95
47.72,47.72,91.27,4.06,44.23
52.80,52.80,92.00,18.95,48.89
55.58,55.58,87.79,21.47,51.38
54.71,54.71,86.22,12.86,50.77
56.25,56.25,81.31,25.67,54.80
53.82,53.82,83.78,30.56,49.13
55.94,55.94,80.29,32.31,55.60
58.75,58.75,76.98,31.63,58.92
60.84,60.84,75.47,29.04,61.49
57.27,57.27,70.06,29.03,60.39
62.75,62.75,68.63,31.56,63.82
62.29,62.29,62.12,35.80,62.27
63.04,63.04,59.04,41.15,63.83
61.27,61.27,45.10,40.24,61.61
63.42,63.42,26.48,44.90,63.36
63.04,63.04,27.08,39.20,63.53
62.16,62.16,46.84,57.93,63.24
64.01,64.01,42.62,85.12,66.28
61.55,61.55,34.63,84.69,59.42
63.14,63.14,30.69,86.97,62.69
62.42,62.42,29.51,84.30,61.57
63.53,63.53,25.49,87.19,62.06
63.09,63.09,23.60,85.03,61.88
62.73,62.73,17.08,85.00,62.52
61.93,61.93,16.06,86.84,60.98
62.28,62.28,13.72,84.58,61.46
61.38,61.38,9.51,87.34,61.19
64.57,64.57,30.99,85.68,63.41
62.33,62.33,37.14,80.89,60.92
62.12,62.12,49.06,65.24,60.33
61.44,61.44,51.11,56.33,63.76
53.40,53.40,75.45,56.84,51.61
45.75,45.75,91.71,73.04,43.28
46.59,46.59,90.74,75.38,43.66
51.23,51.23,88.45,75.34,49.31
53.47,53.47,87.65,61.83,50.76
53.63,53.63,82.24,76.39,53.25
56.77,56.77,82.81,80.40,55.61
55.97,55.97,78.61,81.95,54.59
53.95,53.95,72.13,82.61,52.88
54.57,54.57,66.62,83.29,54.41
58.73,58.73,59.71,86.30,61.75
63.13,63.13,54.25,86.12,65.56
62.65,62.65,50.68,85.69,64.97
60.03,60.03,40.11,85.46,61.53
61.53,61.53,30.50,85.36,60.18
62.56,62.56,25.41,75.96,65.51
65.09,65.09,13.28,62.90,68.63
64.29,64.29,11.45,49.23,67.39
61.49,61.49,13.64,53.16,60.88
58.10,58.10,14.29,46.39,57.96
60.92,60.92,14.60,35.73,61.48
63.97,63.97,19.67,23.14,64.71
63.55,63.55,30.64,35.70,64.73
62.12,62.12,33.77,39.42,62.07
60.03,60.03,34.21,41.04,60.84
60.00,60.00,36.02,41.57,61.98
64.82,64.82,36.46,41.02,66.17
64.37,64.37,38.19,39.59,66.47
64.48,64.48,38.31,36.30,65.69
59.06,59.06,38.85,30.44,58.20
61.06,61.06,36.10,21.44,60.59
64.47,64.47,38.84,9.23,67.27
62.99,62.99,51.30,-0.00,65.76
48.84,48.84,86.93,-0.00,48.56
42.75,42.75,91.89,-0.00,41.81
43.69,43.69,91.44,4.20,43.48
51.13,51.13,91.61,10.31,51.17
51.40,51.40,84.71,9.55,51.29
52.17,52.17,85.38,3.98,51.48
53.55,53.55,82.94,10.28,53.97
55.28,55.28,80.06,10.60,55.90
57.94,57.94,79.88,11.98,59.47
56.68,56.68,74.59,18.16,57.99
60.60,60.60,73.64,14.91,63.58
61.00,61.00,68.40,19.97,63.28
63.12,63.12,66.14,25.06,64.38
60.26,60.26,59.47,29.94,63.71
60.28,60.28,54.93,33.04,62.72
62.77,62.77,44.89,31.99,64.65
64.61,64.61,35.13,28.86,65.38
63.15,63.15,21.44,21.00,64.73
59.73,59.73,21.67,14.15,61.95
60.19,60.19,25.56,23.32,63.10
61.63,61.63,30.12,31.10,63.26
65.82,65.82,32.05,33.69,67.31
60.90,60.90,32.33,35.63,62.19
63.95,63.95,32.43,35.97,65.27
61.42,61.42,29.58,35.07,62.47
63.67,63.67,28.92,33.89,65.59
61.51,61.51,28.74,32.35,62.71
61.37,61.37,21.24,29.39,63.31
61.38,61.38,24.48,25.63,61.78
61.81,61.81,24.10,19.26,63.27
63.15,63.15,37.35,32.35,64.69
62.36,62.36,49.14,43.84,63.84
60.48,60.48,61.55,49.88,60.41
49.67,49.67,91.11,68.84,48.18
45.89,45.89,91.39,76.16,42.57
49.35,49.35,89.64,73.95,46.55
54.29,54.29,86.93,77.43,53.19
51.94,51.94,84.88,72.96,49.33
51.00,51.00,82.88,79.16,51.56
56.23,56.23,80.31,82.20,56.80
58.66,58.66,80.97,83.78,57.02
54.95,54.95,75.99,84.91,53.00
56.58,56.58,72.85,82.33,57.64
59.54,59.54,66.26,84.47,59.77
64.37,64.37,55.61,84.63,66.16
63.54,63.54,53.41,74.10,66.44
60.81,60.81,39.89,63.03,63.02
60.67,60.67,43.87,59.83,62.78
61.91,61.91,42.29,52.40,62.70
63.44,63.44,32.57,45.48,66.27
62.01,62.01,24.27,47.99,67.04
61.01,61.01,19.87,40.08,63.05
61.09,61.09,31.27,44.79,63.36
61.76,61.76,42.59,78.29,64.36
62.74,62.74,33.17,86.78,66.03
65.25,65.25,23.29,84.83,67.75
64.06,64.06,16.38,87.14,63.87
60.33,60.33,13.82,86.13,62.47
63.84,63.84,15.34,86.77,67.55
65.46,65.46,20.30,86.89,68.27
65.36,65.36,20.36,84.98,69.01
60.16,60.16,26.80,87.58,62.79
59.27,59.27,51.34,85.57,62.35
59.57,59.57,51.36,72.18,62.01
63.36,63.36,57.57,50.28,62.00
60.05,60.05,72.91,54.61,60.69
47.62,47.62,92.12,67.99,46.02
45.44,45.44,90.18,73.39,41.17
45.24,45.24,90.43,77.03,44.14
48.80,48.80,87.15,78.60,48.27
48.45,48.45,83.01,77.81,50.60
48.51,48.51,78.57,75.48,51.69
51.75,51.75,79.35,77.94,54.18
54.01,54.01,76.96,83.18,55.00
54.96,54.96,74.90,84.11,56.86
57.56,57.56,69.37,84.71,59.93
53.27,53.27,54.15,85.12,55.54
55.17,55.17,50.03,85.51,59.27
52.86,52.86,41.46,83.29,57.77
52.35,52.35,37.21,66.41,56.13
52.42,52.42,38.98,53.44,57.44
53.74,53.74,52.69,49.20,65.97
52.77,52.77,84.15,46.30,63.02
55.50,55.50,84.02,35.57,58.49
51.35,51.35,83.05,44.02,52.53
55.28,55.28,82.47,48.93,54.30
55.13,55.13,74.74,65.46,57.53
54.48,54.48,66.77,74.95,57.12
59.18,59.18,56.20,83.00,62.43
56.27,56.27,38.07,83.67,64.51
55.61,55.61,20.30,85.20,64.05
60.46,60.46,21.81,83.49,64.18
60.45,60.45,22.45,86.55,63.97
59.68,59.68,20.02,83.24,62.34
54.33,54.33,27.45,86.57,58.35
54.54,54.54,39.96,84.44,57.68
54.46,54.46,55.79,86.35,56.37
57.92,57.92,62.77,85.63,59.04
52.21,52.21,82.45,75.50,51.96
44.86,44.86,92.11,66.84,39.05
42.51,42.51,90.62,73.91,38.65
47.90,47.90,87.46,72.27,46.71
46.90,46.90,83.18,70.57,48.88
46.90,46.90,77.56,69.34,49.55
49.55,49.55,79.60,70.03,51.95
53.60,53.60,76.06,79.17,57.50
53.94,53.94,71.88,80.64,57.24
55.15,55.15,69.96,86.01,60.46
60.39,60.39,59.86,84.66,63.83
53.70,53.70,53.91,87.45,57.07
56.18,56.18,49.31,86.34,62.95
61.38,61.38,43.46,84.49,66.99
58.69,58.69,35.07,87.04,65.40
61.63,61.63,33.27,84.44,67.87
61.08,61.08,33.73,85.56,66.50
50.05,50.05,28.00,87.28,57.17
48.20,48.20,25.87,84.11,53.47
49.67,49.67,26.46,86.65,52.46
50.72,50.72,27.13,84.66,54.16
55.41,55.41,28.67,84.86,58.88
56.02,56.02,31.08,87.73,57.56
58.12,58.12,31.47,84.61,60.44
53.98,53.98,33.82,84.19,58.54
53.12,53.12,35.31,74.97,58.30
56.15,56.15,34.10,67.17,58.64
55.11,55.11,33.15,49.27,58.15
52.55,52.55,32.99,44.53,56.48
50.19,50.19,33.14,21.54,52.56
49.81,49.81,38.21,11.51,52.53
44.92,44.92,47.01,8.56,50.22
44.43,44.43,57.32,9.79,53.42
37.22,37.22,90.00,1.30,43.83
35.53,35.53,91.60,-0.00,34.87
38.77,38.77,90.98,2.94,39.70
46.33,46.33,91.63,8.59,47.86
44.88,44.88,84.44,4.52,47.76
45.30,45.30,85.34,12.04,49.22
47.54,47.54,81.39,15.68,49.87
49.74,49.74,81.50,11.26,53.59
44.98,44.98,79.16,15.38,51.91
45.05,45.05,74.64,18.34,52.08
49.63,49.63,73.29,17.94,55.01
49.57,49.57,67.71,24.13,57.36
56.86,56.86,66.32,24.26,61.57
50.29,50.29,58.26,30.77,55.18
46.63,46.63,54.81,34.90,52.70
49.30,49.30,42.68,34.84,52.56
53.60,53.60,36.16,32.60,56.76
53.71,53.71,28.84,26.83,59.47
50.42,50.42,31.28,14.46,56.56
54.21,54.21,33.43,24.58,58.80
50.54,50.54,35.07,30.83,52.49
49.60,49.60,35.32,33.91,53.37
53.64,53.64,36.94,35.42,55.39
50.73,50.73,37.17,35.73,52.97
46.34,46.34,35.58,35.04,48.71
48.86,48.86,34.70,33.22,50.38
52.32,52.32,35.32,30.23,53.59
48.34,48.34,33.39,25.58,50.44
47.36,47.36,31.44,18.94,50.49
45.62,45.62,30.94,9.64,46.09
44.16,44.16,38.20,0.67,46.18
35.37,35.37,48.54,-0.00,44.85
15.24,15.24,61.17,-0.00,45.70
9.72,9.72,92.80,-0.00,35.74
27.02,27.02,92.40,-0.00,29.82
38.92,38.92,91.05,-0.00,39.80
45.75,45.75,87.84,2.93,46.93
44.39,44.39,86.81,4.32,47.26
44.41,44.41,82.45,9.17,48.37
45.19,45.19,82.66,15.41,48.76
50.64,50.64,81.15,19.78,53.84
55.94,55.94,76.41,19.82,61.24
57.57,57.57,75.85,19.98,65.06
60.47,60.47,69.95,21.30,65.66
58.36,58.36,69.01,19.07,64.43
58.40,58.40,63.73,26.73,62.41
58.91,58.91,58.44,26.20,65.30
63.86,63.86,48.98,29.55,69.04
57.09,57.09,42.77,32.15,61.67
61.40,61.40,32.68,28.80,67.66
60.83,60.83,21.17,22.01,66.33
60.08,60.08,27.37,9.16,63.76
61.28,61.28,28.63,20.44,65.47
59.58,59.58,30.01,25.66,64.23
58.98,58.98,28.97,29.56,64.12
61.24,61.24,29.83,30.17,65.81
60.22,60.22,31.15,30.57,63.82
61.94,61.94,30.49,31.01,67.09
60.96,60.96,30.48,30.72,66.01
60.42,60.42,32.23,29.20,64.54
61.10,61.10,29.57,26.48,65.68
60.46,60.46,29.67,21.19,64.43
60.22,60.22,31.88,19.07,65.36
60.93,60.93,45.47,40.21,62.78
57.98,57.98,54.83,48.07,60.36
49.89,49.89,71.65,58.40,50.04
38.63,38.63,91.19,70.46,35.64
32.63,32.63,91.39,69.92,33.36
41.79,41.79,88.81,73.56,44.49
45.41,45.41,88.45,71.43,47.20
42.93,42.93,85.63,76.25,48.67
43.15,43.15,82.13,78.93,47.91
47.62,47.62,82.33,84.47,51.67
49.84,49.84,78.69,84.24,55.06
54.29,54.29,77.65,83.71,57.45
56.39,56.39,70.88,83.02,58.66
57.28,57.28,65.68,84.81,59.58
56.63,56.63,63.75,86.94,58.64
55.98,55.98,54.58,85.78,58.99
59.75,59.75,45.88,85.20,59.24
62.21,62.21,37.86,85.11,63.66
57.90,57.90,32.09,85.08,58.45
59.26,59.26,26.73,72.27,60.16
59.40,59.40,26.27,52.56,62.15
60.60,60.60,29.46,40.61,64.17
59.01,59.01,24.63,31.46,61.71
60.47,60.47,25.43,30.68,61.71
59.92,59.92,29.44,24.85,61.42
59.40,59.40,30.76,34.64,60.90
60.30,60.30,34.80,36.92,61.15
59.96,59.96,35.63,37.77,62.61
59.33,59.33,35.96,37.82,61.69
59.59,59.59,35.95,37.11,61.68
58.89,58.89,34.82,35.64,60.94
58.97,58.97,33.16,32.24,62.36
60.45,60.45,36.16,28.85,61.27
59.78,59.78,48.27,37.62,61.37
58.76,58.76,54.65,51.10,58.68
50.35,50.35,82.72,59.40,47.72
42.18,42.18,91.65,70.51,38.96
42.23,42.23,90.51,74.08,41.09
45.49,45.49,88.59,75.11,47.52
45.63,45.63,85.27,74.98,47.09
48.45,48.45,82.01,77.41,49.62
49.35,49.35,82.06,80.81,51.94
48.76,48.76,77.12,82.28,55.87
48.46,48.46,76.11,85.29,58.20
50.38,50.38,66.97,86.42,56.40
57.57,57.57,58.60,84.41,62.19
58.07,58.07,51.32,84.24,62.36
59.33,59.33,48.65,85.30,62.89
59.96,59.96,38.70,80.36,61.58
59.33,59.33,32.27,52.87,61.91
56.27,56.27,26.39,51.84,60.04
59.27,59.27,26.51,47.55,63.53
61.24,61.24,28.88,43.98,63.41
60.34,60.34,31.22,37.46,60.66
60.56,60.56,24.38,26.34,63.65
60.57,60.57,28.06,15.54,62.56
60.30,60.30,35.55,22.27,60.52
60.13,60.13,34.73,25.38,62.79
58.54,58.54,36.88,27.47,63.05
58.44,58.44,35.91,27.01,62.86
58.78,58.78,35.91,25.28,61.77
60.57,60.57,36.43,22.16,63.09
59.60,59.60,35.50,19.32,62.46
61.29,61.29,33.77,12.87,62.97
60.65,60.65,31.80,6.22,62.74
57.91,57.91,40.65,0.71,59.65
54.39,54.39,50.80,-0.00,58.40
53.13,53.13,53.14,-0.00,56.25
44.61,44.61,91.89,-0.00,41.01
43.12,43.12,91.81,-0.00,39.38
44.43,44.43,90.95,5.18,43.17
47.14,47.14,90.59,10.77,47.09
44.86,44.86,84.98,10.83,47.09
47.00,47.00,84.73,20.20,49.43
50.85,50.85,81.13,24.77,49.69
52.48,52.48,82.99,25.32,53.15
53.16,53.16,79.49,24.09,55.02
54.45,54.45,77.60,21.22,55.61
56.65,56.65,74.60,19.59,58.71
57.21,57.21,69.95,14.34,56.54
58.92,58.92,68.41,19.37,58.05
59.05,59.05,61.23,20.38,58.63
59.25,59.25,59.08,16.42,61.01
60.70,60.70,49.55,20.00,60.19
61.34,61.34,31.30,15.62,61.24
58.92,58.92,26.67,12.01,61.31
59.36,59.36,28.94,8.86,59.51
59.92,59.92,32.56,14.99,59.76
58.86,58.86,33.37,18.43,60.18
59.08,59.08,35.28,23.71,58.18
58.98,58.98,35.08,25.35,60.68
60.06,60.06,32.79,25.46,61.31
57.76,57.76,33.56,25.68,60.49
58.55,58.55,32.51,24.14,58.93
60.87,60.87,30.65,22.99,60.91
59.53,59.53,29.66,22.04,59.33
59.19,59.19,27.19,18.08,60.70
60.06,60.06,32.60,13.82,60.32
59.23,59.23,42.68,30.49,58.08
60.09,60.09,51.58,40.67,54.67
57.27,57.27,67.66,52.96,47.31
47.93,47.93,92.31,70.10,38.44
42.04,42.04,90.20,72.66,39.56
45.91,45.91,90.44,76.34,40.45
44.87,44.87,86.19,80.01,41.86
43.57,43.57,82.14,81.13,40.65
47.58,47.58,77.28,79.36,46.03
50.91,50.91,78.33,80.22,47.32
54.27,54.27,72.90,81.96,50.90
56.87,56.87,65.43,79.73,53.75
57.21,57.21,55.82,82.06,54.28
58.19,58.19,61.98,85.83,56.06
57.29,57.29,58.55,82.13,56.58
56.21,56.21,48.96,60.81,57.54
55.98,55.98,41.83,59.31,58.04
56.70,56.70,40.21,45.89,57.64
59.51,59.51,35.16,47.77,58.70
57.48,57.48,31.64,46.19,58.92
56.74,56.74,29.73,43.60,58.76
56.18,56.18,33.60,40.69,56.45
56.71,56.71,35.00,81.66,58.05
60.60,60.60,29.96,84.45,57.61
57.08,57.08,29.79,84.32,57.76
61.94,61.94,29.26,85.65,58.74
62.83,62.83,31.30,86.75,57.98
58.55,58.55,28.52,85.21,57.32
52.81,52.81,28.06,84.96,53.56
54.08,54.08,27.67,85.27,55.08
55.74,55.74,26.13,84.93,54.91
57.48,57.48,28.20,66.89,57.32
57.13,57.13,36.10,47.27,55.90
57.05,57.05,46.07,28.66,51.66
57.47,57.47,52.52,34.85,47.84
52.30,52.30,76.02,29.07,41.84
44.63,44.63,92.76,27.33,34.14
41.66,41.66,92.02,20.05,33.40
38.46,38.46,89.75,33.03,36.23
38.84,38.84,89.42,39.22,36.87
38.11,38.11,82.53,48.08,36.73
41.84,41.84,83.75,52.24,39.56
44.22,44.22,82.41,54.34,44.74
47.81,47.81,80.28,53.19,46.86
50.64,50.64,79.22,51.21,48.10
51.28,51.28,73.76,49.27,50.32
53.69,53.69,73.59,45.72,52.92
52.27,52.27,66.94,41.47,53.72
50.07,50.07,66.06,38.17,55.28
49.40,49.40,60.96,31.90,53.66
53.17,53.17,52.75,23.15,53.10
45.45,45.45,55.20,19.69,51.87
29.88,29.88,69.68,5.56,47.17
32.24,32.24,90.95,-0.00,38.96
33.63,33.63,89.42,0.50,36.24
39.61,39.61,82.35,4.64,37.08
42.05,42.05,71.43,2.00,37.16
45.10,45.10,62.67,3.70,40.05
48.77,48.77,48.78,3.07,43.44
50.13,50.13,59.69,6.42,47.13
45.29,45.29,60.81,11.86,50.39
43.10,43.10,59.56,15.00,50.83
44.39,44.39,57.36,17.57,51.88
48.03,48.03,53.68,24.72,51.24
50.41,50.41,47.35,29.19,52.33
51.37,51.37,32.16,27.43,50.27
51.20,51.20,37.97,15.63,50.56
50.71,50.71,42.83,26.47,50.30
29.56,29.56,44.13,36.47,49.75
11.15,11.15,48.40,40.36,49.87
4.71,4.71,49.54,40.23,46.33
6.53,6.53,37.28,27.57,38.40
0.21,0.21,27.28,12.18,28.30
-0.00,-0.00,17.34,4.32,14.91
-0.00,-0.00,1.21,-0.00,0.74
-0.00,-0.00,-0.00,-0.00,-0.00
-0.00,-0.00,-0.00,-0.00,-0.00
-0.00,-0.00,-0.00,-0.00,-0.00
-0.00,-0.00,-0.00,-0.00,-0.00
-0.00,-0.00,-0.00,-0.00,-0.00
-0.00,-0.00,-0.00,-0.00,-0.00
-0.00,-0.00,-0.00,-0.00,-0.00
-0.00,-0.00,-0.00,-0.00,-0.00
-0.00,-0.00,-0.00,-0.00,-0.00
-0.00,-0.00,-0.00,-0.00,-0.00
-0.00,-0.00,-0.00,-0.00,-0.00
-0.00,-0.00,-0.00,-0.00,-0.00
-0.00,-0.00,-0.00,-0.00,-0.00
-0.00,-0.00,-0.00,-0.00,-0.00
-0.00,-0.00,-0.00,-0.00,-0.00
-0.00,-0.00,-0.00,-0.00,-0.00
-0.00,-0.00,-0.00,-0.00,-0.00
-0.00,-0.00,-0.00,-0.00,-0.00
-0.00,-0.00,-0.00,-0.00,-0.00
-0.00,-0.00,-0.00,-0.00,-0.00
-0.00,-0.00,-0.00,-0.00,-0.00
-0.00,-0.00,-0.00,-0.00,-0.00
-0.00,-0.00,-0.00,-0.00,-0.00
-0.00,-0.00,-0.00,-0.00,-0.00
-0.00,-0.00,-0.00,-0.00,-0.00
-0.00,-0.00,-0.00,-0.00,-0.00
-0.00,-0.00,-0.00,-0.00,-0.00
-0.00,-0.00,-0.00,-0.00,-0.00
-0.00,-0.00,-0.00,-0.00,-0.00
-0.00,-0.00,-0.00,-0.00,-0.00
-0.00,-0.00,-0.00,-0.00,-0.00
-0.00,-0.00,-0.00,-0.00,-0.00
-0.00,-0.00,-0.00,-0.00,-0.00
-0.00,-0.00,-0.00,-0.00,-0.00
-0.00,-0.00,-0.00,-0.00,-0.00
-0.00,-0.00,-0.00,-0.00,-0.00
-0.00,-0.00,-0.00,-0.00,-0.00
-0.00,-0.00,-0.00,-0.00,-0.00
-0.00,-0.00,-0.00,-0.00,-0.00
-0.00,-0.00,-0.00,-0.00,-0.00
-0.00,-0.00,-0.00,-0.00,-0.00
-0.00,-0.00,-0.00,-0.00,-0.00
-0.00,-0.00,-0.00,-0.00,-0.00
-0.00,-0.00,-0.00,-0.00,-0.00
-0.00,-0.00,-0.00,-0.00,-0.00
-0.00,-0.00,-0.00,-0.00,-0.00
-0.00,-0.00,-0.00,-0.00,-0.00
-0.00,-0.00,-0.00,-0.00,-0.00
-0.00,-0.00,-0.00,-0.00,-0.00
-0.00,-0.00,-0.00,-0.00,-0.00
-0.00,-0.00,-0.00,-0.00,-0.00
-0.00,-0.00,-0.00,-0.00,-0.00
-0.00,-0.00,-0.00,-0.00,-0.00
-0.00,-0.00,-0.00,-0.00,-0.00
-0.00,-0.00,-0.00,-0.00,-0.00
-0.00,-0.00,-0.00,-0.00,-0.00
-0.00,-0.00,-0.00,-0.00,-0.00
-0.00,-0.00,-0.00,-0.00,-0.00
-0.00,-0.00,-0.00,-0.00,-0.00
-0.00,-0.00,-0.00,-0.00,-0.00
-0.00,-0.00,-0.00,-0.00,-0.00
-0.00,-0.00,-0.00,-0.00,-0.00
-0.00,-0.00,-0.00,-0.00,-0.00
-0.00,-0.00,-0.00,-0.00,-0.00
-0.00,-0.00,-0.00,-0.00,-0.00
-0.00,-0.00,-0.00,-0.00,-0.00
-0.00,-0.00,-0.00,-0.00,-0.00
-0.00,-0.00,-0.00,-0.00,-0.00
-0.00,-0.00,-0.00,-0.00,-0.00
-0.00,-0.00,-0.00,-0.00,-0.00
-0.00,-0.00,-0.00,-0.00,-0.00
-0.00,-0.00,-0.00,-0.00,-0.00
-0.00,-0.00,-0.00,-0.00,-0.00
-0.00,-0.00,-0.00,-0.00,-0.00
-0.00,-0.00,-0.00,-0.00,-0.00
-0.00,-0.00,-0.00,-0.00,-0.00
-0.00,-0.00,-0.00,-0.00,-0.00
-0.00,-0.00,-0.00,-0.00,-0.00
-0.00,-0.00,-0.00,-0.00,-0.00
-0.00,-0.00,-0.00,-0.00,-0.00
-0.00,-0.00,-0.00,-0.00,-0.00
-0.00,-0.00,-0.00,-0.00,-0.00
-0.00,-0.00,-0.00,-0.00,-0.00
-0.00,-0.00,-0.00,-0.00,-0.00
-0.00,-0.00,-0.00,-0.00,-0.00
-0.00,-0.00,-0.00,-0.00,-0.00
-0.00,-0.00,-0.00,-0.00,-0.00
-0.00,-0.00,-0.00,-0.00,-0.00
-0.00,-0.00,-0.00,-0.00,-0.00
-0.00,-0.00,-0.00,-0.00,-0.00
-0.00,-0.00,-0.00,-0.00,-0.00
-0.00,-0.00,-0.00,-0.00,-0.00
-0.00,-0.00,-0.00,-0.00,-0.00
-0.00,-0.00,-0.00,-0.00,-0.00
-0.00,-0.00,-0.00,-0.00,-0.00
-0.00,-0.00,-0.00,-0.00,-0.00
-0.00,-0.00,-0.00,-0.00,-0.00
-0.00,-0.00,-0.00,-0.00,-0.00
-0.00,-0.00,-0.00,-0.00,-0.00
-0.00,-0.00,-0.00,-0.00,-0.00
-0.00,-0.00,-0.00,-0.00,-0.00
-0.00,-0.00,-0.00,-0.00,-0.00
-0.00,-0.00,-0.00,-0.00,-0.00
-0.00,-0.00,-0.00,-0.00,-0.00
-0.00,-0.00,-0.00,-0.00,-0.00
-0.00,-0.00,-0.00,-0.00,-0.00
-0.00,-0.00,-0.00,-0.00,-0.00
-0.00,-0.00,-0.00,-0.00,-0.00
-0.00,-0.00,-0.00,-0.00,-0.00
-0.00,-0.00,-0.00,-0.00,-0.00
-0.00,-0.00,-0.00,-0.00,-0.00
-0.00,-0.00,-0.00,-0.00,-0.00
-0.00,-0.00,-0.00,-0.00,-0.00
-0.00,-0.00,-0.00,-0.00,-0.00
-0.00,-0.00,-0.00,-0.00,-0.00
-0.00,-0.00,-0.00,-0.00,-0.00
-0.00,-0.00,-0.00,-0.00,-0.00
-0.00,-0.00,-0.00,-0.00,-0.00
-0.00,-0.00,-0.00,-0.00,-0.00
-0.00,-0.00,-0.00,-0.00,-0.00
-0.00,-0.00,-0.00,-0.00,-0.00
-0.00,-0.00,-0.00,-0.00,-0.00
-0.00,-0.00,-0.00,-0.00,-0.00
-0.00,-0.00,-0.00,-0.00,-0.00
-0.00,-0.00,-0.00,-0.00,-0.00
-0.00,-0.00,-0.00,-0.00,-0.00
-0.00,-0.00,-0.00,-0.00,-0.00
-0.00,-0.00,-0.00,-0.00,-0.00
-0.00,-0.00,-0.00,-0.00,-0.00
-0.00,-0.00,-0.00,-0.00,-0.00
-0.00,-0.00,-0.00,-0.00,-0.00
-0.00,-0.00,-0.00,-0.00,-0.00
-0.00,-0.00,-0.00,-0.00,-0.00
-0.00,-0.00,-0.00,-0.00,-0.00
-0.00,-0.00,-0.00,-0.00,-0.00
-0.00,-0.00,-0.00,-0.00,-0.00
-0.00,-0.00,-0.00,-0.00,-0.00
-0.00,-0.00,-0.00,-0.00,-0.00
-0.00,-0.00,-0.00,-0.00,-0.00
-0.00,-0.00,-0.00,-0.00,-0.00
-0.00,-0.00,-0.00,-0.00,-0.00
-0.00,-0.00,-0.00,-0.00,-0.00
-0.00,-0.00,-0.00,-0.00,-0.00
-0.00,-0.00,-0.00,-0.00,-0.00
-0.00,-0.00,-0.00,-0.00,-0.00
-0.00,-0.00,-0.00,-0.00,-0.00
-0.00,-0.00,-0.00,-0.00,-0.00
-0.00,-0.00,-0.00,-0.00,-0.00
-0.00,-0.00,-0.00,-0.00,-0.00
-0.00,-0.00,-0.00,-0.00,-0.00
-0.00,-0.00,-0.00,-0.00,-0.00
-0.00,-0.00,-0.00,-0.00,-0.00
-0.00,-0.00,-0.00,-0.00,-0.00
-0.00,-0.00,-0.00,-0.00,-0.00
-0.00,-0.00,-0.00,-0.00,-0.00
-0.00,-0.00,-0.00,-0.00,-0.00
-0.00,-0.00,-0.00,-0.00,-0.00
-0.00,-0.00,-0.00,-0.00,-0.00
-0.00,-0.00,-0.00,-0.00,-0.00
-0.00,-0.00,-0.00,-0.00,-0.00
-0.00,-0.00,-0.00,-0.00,-0.00
-0.00,-0.00,-0.00,-0.00,-0.00
-0.00,-0.00,-0.00,-0.00,-0.00
-0.00,-0.00,-0.00,-0.00,-0.00
-0.00,-0.00,-0.00,-0.00,-0.00
-0.00,-0.00,-0.00,-0.00,-0.00
-0.00,-0.00,-0.00,-0.00,-0.00
-0.00,-0.00,-0.00,-0.00,-0.00
-0.00,-0.00,-0.00,-0.00,-0.00
-0.00,-0.00,-0.00,-0.00,-0.00
-0.00,-0.00,-0.00,-0.00,-0.00
-0.00,-0.00,-0.00,-0.00,-0.00
-0.00,-0.00,-0.00,-0.00,-0.00
-0.00,-0.00,-0.00,-0.00,-0.00
-0.00,-0.00,-0.00,-0.00,-0.00
-0.00,-0.00,-0.00,-0.00,-0.00
-0.00,-0.00,-0.00,-0.00,-0.00
-0.00,-0.00,-0.00,-0.00,-0.00
-0.00,-0.00,-0.00,-0.00,-0.00
-0.00,-0.00,-0.00,-0.00,-0.00
-0.00,-0.00,-0.00,-0.00,-0.00
-0.00,-0.00,-0.00,-0.00,-0.00
-0.00,-0.00,-0.00,-0.00,-0.00
-0.00,-0.00,-0.00,-0.00,-0.00
-0.00,-0.00,-0.00,-0.00,-0.00
-0.00,-0.00,-0.00,-0.00,-0.00
-0.00,-0.00,-0.00,-0.00,-0.00
-0.00,-0.00,-0.00,-0.00,-0.00
-0.00,-0.00,-0.00,-0.00,-0.00
-0.00,-0.00,-0.00,-0.00,-0.00
-0.00,-0.00,-0.00,-0.00,-0.00
-0.00,-0.00,-0.00,-0.00,-0.00
-0.00,-0.00,-0.00,-0.00,-0.00
-0.00,-0.00,-0.00,-0.00,-0.00
-0.00,-0.00,-0.00,-0.00,-0.00
-0.00,-0.00,-0.00,-0.00,-0.00
-0.00,-0.00,-0.00,-0.00,-0.00
-0.00,-0.00,-0.00,-0.00,-0.00
-0.00,-0.00,-0.00,-0.00,-0.00
-0.00,-0.00,-0.00,-0.00,-0.00
-0.00,-0.00,-0.00,-0.00,-0.00
-0.00,-0.00,-0.00,-0.00,-0.00
-0.00,-0.00,-0.00,-0.00,-0.00
-0.00,-0.00,-0.00,-0.00,-0.00
-0.00,-0.00,-0.00,-0.00,-0.00
-0.00,-0.00,-0.00,-0.00,-0.00
-0.00,-0.00,-0.00,-0.00,-0.00
-0.00,-0.00,-0.00,-0.00,-0.00
-0.00,-0.00,-0.00,-0.00,-0.00
-0.00,-0.00,-0.00,-0.00,-0.00
-0.00,-0.00,-0.00,-0.00,-0.00
-0.00,-0.00,-0.00,-0.00,-0.00
-0.00,-0.00,-0.00,-0.00,-0.00
-0.00,-0.00,-0.00,-0.00,-0.00
-0.00,-0.00,-0.00,-0.00,-0.00
-0.00,-0.00,-0.00,-0.00,-0.00
-0.00,-0.00,-0.00,-0.00,-0.00
-0.00,-0.00,-0.00,-0.00,-0.00
-0.00,-0.00,-0.00,-0.00,-0.00
-0.00,-0.00,-0.00,-0.00,-0.00
-0.00,-0.00,-0.00,-0.00,-0.00
-0.00,-0.00,-0.00,-0.00,-0.00
-0.00,-0.00,-0.00,-0.00,-0.00
-0.00,-0.00,-0.00,-0.00,-0.00
-0.00,-0.00,-0.00,-0.00,-0.00
-0.00,-0.00,-0.00,-0.00,-0.00
-0.00,-0.00,-0.00,-0.00,-0.00
-0.00,-0.00,-0.00,-0.00,-0.00
-0.00,-0.00,-0.00,-0.00,-0.00
-0.00,-0.00,-0.00,-0.00,-0.00
-0.00,-0.00,-0.00,-0.00,-0.00
-0.00,-0.00,-0.00,-0.00,-0.00
-0.00,-0.00,-0.00,-0.00,-0.00
-0.00,-0.00,-0.00,-0.00,-0.00
-0.00,-0.00,-0.00,-0.00,-0.00
-0.00,-0.00,-0.00,-0.00,-0.00
-0.00,-0.00,-0.00,-0.00,-0.00
-0.00,-0.00,-0.00,-0.00,-0.00
-0.00,-0.00,-0.00,-0.00,-0.00
-0.00,-0.00,-0.00,-0.00,-0.00
-0.00,-0.00,-0.00,-0.00,-0.00
-0.00,-0.00,-0.00,-0.00,-0.00
-0.00,-0.00,-0.00,-0.00,-0.00
-0.00,-0.00,-0.00,-0.00,-0.00
-0.00,-0.00,-0.00,-0.00,-0.00
-0.00,-0.00,-0.00,-0.00,-0.00
-0.00,-0.00,-0.00,-0.00,-0.00
-0.00,-0.00,-0.00,-0.00,-0.00
-0.00,-0.00,-0.00,-0.00,-0.00
-0.00,-0.00,-0.00,-0.00,-0.00
-0.00,-0.00,-0.00,-0.00,-0.00
-0.00,-0.00,-0.00,-0.00,-0.00
-0.00,-0.00,-0.00,-0.00,-0.00
-0.00,-0.00,-0.00,-0.00,-0.00
-0.00,-0.00,-0.00,-0.00,-0.00
-0.00,-0.00,-0.00,-0.00,-0.00
-0.00,-0.00,-0.00,-0.00,-0.00
-0.00,-0.00,-0.00,-0.00,-0.00
-0.00,-0.00,-0.00,-0.00,-0.00
-0.00,-0.00,-0.00,-0.00,-0.00
-0.00,-0.00,-0.00,-0.00,-0.00
-0.00,-0.00,-0.00,-0.00,-0.00
-0.00,-0.00,-0.00,-0.00,-0.00
-0.00,-0.00,-0.00,-0.00,-0.00
-0.00,-0.00,-0.00,-0.00,-0.00
-0.00,-0.00,-0.00,-0.00,-0.00
-0.00,-0.00,-0.00,-0.00,-0.00
